,Pais_vendedor,industria,2000/Enero,2000/Febrero,2000/Marzo,2000/Abril,2000/Mayo,2000/Junio,2000/Julio,2000/Agosto,2000/Septiembre,2000/Octubre,2000/Noviembre,2000/Diciembre,2001/Enero,2001/Febrero,2001/Marzo,2001/Abril,2001/Mayo,2001/Junio,2001/Julio,2001/Agosto,2001/Septiembre,2001/Octubre,2001/Noviembre,2001/Diciembre,2002/Enero,2002/Febrero,2002/Marzo,2002/Abril,2002/Mayo,2002/Junio,2002/Julio,2002/Agosto,2002/Septiembre,2002/Octubre,2002/Noviembre,2002/Diciembre,2003/Enero,2003/Febrero,2003/Marzo,2003/Abril,2003/Mayo,2003/Junio,2003/Julio,2003/Agosto,2003/Septiembre,2003/Octubre,2003/Noviembre,2003/Diciembre,2004/Enero,2004/Febrero,2004/Marzo,2004/Abril,2004/Mayo,2004/Junio,2004/Julio,2004/Agosto,2004/Septiembre,2004/Octubre,2004/Noviembre,2004/Diciembre,2005/Enero,2005/Febrero,2005/Marzo,2005/Abril,2005/Mayo,2005/Junio,2005/Julio,2005/Agosto,2005/Septiembre,2005/Octubre,2005/Noviembre,2005/Diciembre,2006/Enero,2006/Febrero,2006/Marzo,2006/Abril,2006/Mayo,2006/Junio,2006/Julio,2006/Agosto,2006/Septiembre,2006/Octubre,2006/Noviembre,2006/Diciembre,2007/Enero,2007/Febrero,2007/Marzo,2007/Abril,2007/Mayo,2007/Junio,2007/Julio,2007/Agosto,2007/Septiembre,2007/Octubre,2007/Noviembre,2007/Diciembre,2008/Enero,2008/Febrero,2008/Marzo,2008/Abril,2008/Mayo,2008/Junio,2008/Julio,2008/Agosto,2008/Septiembre,2008/Octubre,2008/Noviembre,2008/Diciembre,2009/Enero,2009/Febrero,2009/Marzo,2009/Abril,2009/Mayo,2009/Junio,2009/Julio,2009/Agosto,2009/Septiembre,2009/Octubre,2009/Noviembre,2009/Diciembre,2010/Enero,2010/Febrero,2010/Marzo,2010/Abril,2010/Mayo,2010/Junio,2010/Julio,2010/Agosto,2010/Septiembre,2010/Octubre,2010/Noviembre,2010/Diciembre,2011/Enero,2011/Febrero,2011/Marzo,2011/Abril,2011/Mayo,2011/Junio,2011/Julio,2011/Agosto,2011/Septiembre,2011/Octubre,2011/Noviembre,2011/Diciembre,2012/Enero,2012/Febrero,2012/Marzo,2012/Abril,2012/Mayo,2012/Junio,2012/Julio,2012/Agosto,2012/Septiembre,2012/Octubre,2012/Noviembre,2012/Diciembre,2013/Enero,2013/Febrero,2013/Marzo,2013/Abril,2013/Mayo,2013/Junio,2013/Julio,2013/Agosto,2013/Septiembre,2013/Octubre,2013/Noviembre,2013/Diciembre,2014/Enero,2014/Febrero,2014/Marzo,2014/Abril,2014/Mayo,2014/Junio,2014/Julio,2014/Agosto,2014/Septiembre,2014/Octubre,2014/Noviembre,2014/Diciembre,2015/Enero,2015/Febrero,2015/Marzo,2015/Abril,2015/Mayo,2015/Junio,2015/Julio,2015/Agosto,2015/Septiembre,2015/Octubre,2015/Noviembre,2015/Diciembre,2016/Enero,2016/Febrero,2016/Marzo,2016/Abril,2016/Mayo,2016/Junio,2016/Julio,2016/Agosto,2016/Septiembre,2016/Octubre,2016/Noviembre,2016/Diciembre,2017/Enero,2017/Febrero,2017/Marzo,2017/Abril,2017/Mayo,2017/Junio,2017/Julio
0,América Latina,Industrias Manufactureras,30303804.0,21215828.0,31298113.0,33358374.0,67373766.0,58354363.0,47566573.0,51311091.0,36400806.0,50265853.0,59435550.0,68588145.0,57938134.0,46262851.0,48055653.0,49784064.0,45214985.0,49105659.0,45589735.0,49855900.0,38361331.0,57897392.0,65220179.0,64940239.0,94163049.0,99417244.0,88075618.0,110902607.0,104016188.0,97133436.0,119852208.0,116905932.0,105822789.0,88510929.0,78349179.0,47273455.0,46694167.0,40837044.0,43506526.0,42422261.0,42326146.0,43984048.0,47794592.0,46598094.0,53631270.0,78031871.0,49413318.0,56161284.0,70816305.0,62195805.0,100570403.0,88780551.0,58209013.0,64640043.0,85844371.0,76197069.0,67274917.0,61943896.0,80848426.0,74621759.0,61038636.0,51568336.0,73243138.0,66118516.0,68773677.0,82790980.0,104839583.0,117581911.0,94207455.0,116852240.0,121100488.0,111085999.0,82318605.0,90339504.0,86985485.0,73265798.0,88800412.0,99388049.0,83248872.0,100900279.0,90409916.0,112650151.0,89172641.0,83824073.0,173383931.0,137620346.0,167429080.0,0.0,185241784.0,160762005.0,161352545.0,158201706.0,160675528.0,193517921.0,155915638.0,125454535.0,142969123.0,185762144.0,175719537.0,167633559.0,188798991.0,173049095.0,216982902.0,192931794.0,185617274.0,216390035.0,195733516.0,226011900.0,169074744.0,120808281.0,126221839.0,107963658.0,147860317.0,168078616.0,122836145.0,137833053.0,203449972.0,416553277.0,239459585.0,239902189.0,164484754.0,191613145.0,224491370.0,224914547.0,244726000.0,222837407.0,189126656.0,188078795.0,161317628.0,193803969.0,178149419.0,212371990.0,162352495.0,192255648.0,229174586.0,279111700.0,271857054.0,188807409.0,194735384.0,215673476.0,255879964.0,179458966.0,231936781.0,205705039.0,179521864.0,225123869.0,196192275.0,202483667.0,217766254.0,216155808.0,178188740.0,266421225.0,222422759.0,214615694.0,256102092.0,231849593.0,210409395.0,199971713.0,212006120.0,267830634.0,305312833.0,239556271.0,269931521.0,238018264.0,265955898.0,248980770.0,248957691.0,292384369.0,175699354.0,174018843.0,201835711.0,180696407.0,206918302.0,228100702.0,194318094.0,167260380.0,129665136.0,180829300.0,177432478.0,166632076.0,123961510.0,139909666.0,303032201.0,262998464.0,138106612.0,127957782.0,123690625.0,118721027.0,136223383.0,117995385.0,120868106.0,138478193.0,133522068.0,146672736.0,148917364.0,127890003.0,172840193.0,168955795.0,213204462.0,151413168.0,135145030.0,197032253.0,178447140.0,173112296.0,195899079.0,183503634.0,152810474.0,207662307.0,185470521.0,191672524.0,168500082.0
1,América Latina,Industrias Extractivas,11784.0,3905.0,13294.0,6313.0,58568.0,13928.0,2357.0,5833.0,16943.0,5444.0,4466.0,2490.0,19462.0,1567.0,1847.0,15944.0,1884.0,1456.0,1591.0,2609.0,1672.0,1934.0,1794.0,1599.0,5.0,0.0,0.0,0.0,33656.0,91111.0,536973.0,2375953.0,30191.0,0.0,1147133.0,5.0,0.0,126.0,11137.0,7910.0,98.0,10722.0,2425.0,0.0,5574.0,0.0,0.0,28.0,188140.0,186740.0,182400.0,181040.0,451807.0,13008.0,244405.0,219200.0,249562.0,128578.0,363450.0,3118.0,260438.0,119.0,408983.0,230878.0,133660.0,253923.0,609120.0,126000.0,267246.0,140000.0,392150.0,370400.0,361800.0,147000.0,324400.0,0.0,290901.0,365600.0,431280.0,562344.0,10598.0,599146.0,131098.0,97320.0,466027.0,176880.0,178980.0,0.0,530181.0,457010.0,457001.0,420833.0,310426.0,7855.0,675060.0,2.0,655904.0,563530.0,23655.0,197649.0,247918.0,573111.0,409498.0,203452.0,204099.0,764818.0,516032.0,16383.0,27035.0,96973.0,1328482.0,1031390.0,641057.0,546778.0,598081.0,154881.0,812384.0,111027.0,273476.0,404212.0,144756.0,952593.0,561207.0,145775.0,261958.0,292034.0,859162.0,973867.0,1167848.0,305790.0,128575.0,719147.0,590208.0,507742.0,601283.0,199175.0,146561.0,1040960.0,934957.0,390146.0,664340.0,158842.0,257975.0,379072.0,371374.0,75034.0,320585.0,831202.0,881153.0,1221126.0,1307812.0,2376047.0,1474529.0,1769702.0,104975.0,237132.0,228164.0,863924.0,98100.0,12730.0,291730.0,697200.0,402420.0,476071.0,75081.0,35040.0,37707.0,55635.0,5239.0,1013454.0,49600.0,11811.0,4543.0,206211.0,209999.0,627515.0,47065.0,583761.0,1958087.0,820724.0,22467.0,3879799.0,2109869.0,53979.0,497883.0,2056252.0,2341176.0,1538518.0,818052.0,288651.0,334820.0,37763.0,58921.0,152841.0,147291.0,128104.0,40884.0,883591.0,1136920.0,1052825.0,354837.0,81955.0,185732.0,158012.0,57106.0,203345.0,109154.0,161584.0,573661.0,354813.0,325428.0
2,América Latina,Agricultura y Silvicultura,2106963.0,1610707.0,1589039.0,2305238.0,1352984.0,1621238.0,495612.0,1742965.0,3209655.0,2751565.0,3914674.0,2934117.0,1878267.0,5522663.0,4012482.0,3452244.0,1849019.0,993795.0,1025942.0,840475.0,506626.0,550553.0,35280.0,566522.0,691095.0,894919.0,971472.0,776596.0,1169393.0,542802.0,390025.0,338401.0,188832.0,3342268.0,757217.0,2821853.0,750377.0,403445.0,326524.0,556409.0,7494257.0,581488.0,556564.0,3335736.0,576578.0,562121.0,2968217.0,644244.0,1099104.0,961617.0,2529873.0,1565835.0,1280724.0,1230807.0,2157530.0,1864247.0,473443.0,1199771.0,1207059.0,4039180.0,4830425.0,4521081.0,5970154.0,4388257.0,3752264.0,3072079.0,2242434.0,3968168.0,2559615.0,1877740.0,2971822.0,8279089.0,4035506.0,4413877.0,7022927.0,11029795.0,2411999.0,4429355.0,2351327.0,3718792.0,2041097.0,3760251.0,4931614.0,10417042.0,3321728.0,6355719.0,9289473.0,0.0,10197766.0,9853433.0,9904328.0,3772370.0,5441685.0,11297094.0,8381859.0,8155738.0,9674042.0,10680158.0,5032526.0,10943766.0,19553669.0,4074372.0,10786278.0,5783033.0,5789089.0,2089918.0,1598273.0,3305677.0,7652517.0,3577294.0,4385189.0,5553984.0,4443354.0,9774578.0,5050637.0,3556767.0,10125010.0,4491032.0,2680474.0,3045994.0,6065646.0,6756754.0,4907898.0,11408820.0,7155860.0,4726111.0,4186821.0,3624267.0,4030642.0,9094767.0,4668170.0,6543564.0,6934427.0,5484708.0,8602459.0,5876197.0,12938952.0,10337054.0,7016384.0,7878519.0,15479087.0,5983477.0,16755599.0,10272785.0,6526047.0,9342113.0,18805355.0,30427815.0,36957890.0,41244188.0,9903633.0,27973133.0,10080613.0,10036157.0,6720097.0,7927087.0,9829766.0,10452369.0,5520272.0,29108098.0,44617863.0,32519835.0,44497037.0,25283089.0,25713403.0,8889830.0,6757185.0,12286303.0,7409669.0,3297576.0,17437525.0,4452632.0,9757688.0,8824207.0,11304388.0,14477106.0,3009855.0,9381180.0,1914345.0,4386674.0,14251698.0,8084797.0,3527480.0,4417427.0,5613487.0,4736271.0,3156828.0,3037598.0,3392866.0,7379388.0,2857185.0,16968531.0,4983855.0,8154377.0,7691849.0,4530479.0,4233197.0,5169352.0,5686495.0,4529588.0,4685332.0,3944364.0,3442504.0,6285703.0,27949504.0,25758793.0,6654383.0,5189143.0,28176540.0,11347933.0,10477896.0
3,América Latina,Servicios y Productos no Clasificados,146526.0,238749.0,2789631.0,1450155.0,299557.0,1080203.0,1116061.0,226860.0,136045.0,124334.0,120860.0,2256584.0,84798.0,36478.0,26288.0,75070.0,147028.0,68300.0,253818.0,2785350.0,669624.0,4527.0,90704.0,8819.0,95043.0,65754.0,9212.0,1278793.0,84408.0,19536.0,28267.0,211366.0,48444.0,142962.0,207243.0,192915.0,41284.0,78505.0,594975.0,286821.0,877022.0,272856.0,592401.0,318386.0,366010.0,611061.0,117475.0,298611.0,588315.0,239119.0,155399.0,106819.0,192775.0,122568.0,118892.0,198655.0,177015.0,171628.0,184550.0,123605.0,2890907.0,11430021.0,325627.0,111499.0,123170.0,67689.0,84782.0,341665.0,275131.0,258001.0,187349.0,88149.0,297868.0,244626.0,1982230.0,367346.0,266929.0,427982.0,977.0,158258.0,125781.0,351257.0,41162.0,7847.0,627.0,88306.0,9069274.0,0.0,25582723.0,374658.0,581156.0,30026806.0,3886755.0,7514186.0,13851177.0,6112145.0,10968601.0,2373448.0,17106287.0,5807352.0,3321030.0,7382883.0,5763706.0,4298611.0,3627223.0,3448430.0,3379923.0,8247707.0,3208772.0,1686183.0,1847698.0,4625099.0,4946721.0,4223350.0,6907295.0,7168402.0,9007804.0,6974587.0,3393976.0,3426538.0,7652801.0,2079760.0,3106925.0,6542780.0,8546868.0,5911155.0,6881220.0,10777194.0,6049684.0,8152693.0,19968855.0,10236829.0,1918579.0,2746592.0,3771232.0,3845267.0,6492555.0,15602809.0,12131618.0,12621022.0,11371760.0,6193120.0,7642955.0,12082593.0,4765062.0,2242906.0,1549896.0,2776493.0,2928373.0,4257528.0,4931136.0,7046271.0,4950636.0,4371559.0,3779785.0,6768111.0,3875239.0,3387953.0,3316037.0,5507112.0,6283831.0,5266283.0,24149886.0,5139752.0,2564113.0,5064561.0,1439163.0,2730194.0,7413906.0,5952181.0,1189623.0,2792668.0,6834853.0,8656268.0,8937961.0,6396711.0,2030425.0,2016876.0,5093647.0,916062.0,251829.0,525449.0,612040.0,9283979.0,9625042.0,11085859.0,4843285.0,4945561.0,6243352.0,3467300.0,3904687.0,26629244.0,4428471.0,24198682.0,1093449.0,2578801.0,2350148.0,3640067.0,3853286.0,4872866.0,4078372.0,2525429.0,6734467.0,7628974.0,1447175.0,3539698.0,2238425.0,3655011.0,1631675.0,2450288.0,2344667.0
4,América Latina,"Ganadería, Apicultura, Caza, Pesca",80.0,0.0,0.0,0.0,0.0,31053.0,0.0,0.0,27430.0,0.0,0.0,0.0,0.0,0.0,0.0,0.0,0.0,0.0,0.0,0.0,0.0,0.0,0.0,0.0,0.0,0.0,0.0,0.0,0.0,0.0,0.0,0.0,0.0,0.0,0.0,0.0,26617.0,23600.0,0.0,0.0,0.0,0.0,0.0,0.0,0.0,0.0,0.0,0.0,0.0,0.0,0.0,0.0,0.0,0.0,0.0,0.0,0.0,0.0,0.0,0.0,0.0,0.0,0.0,0.0,0.0,0.0,0.0,0.0,0.0,0.0,0.0,0.0,0.0,0.0,0.0,0.0,0.0,0.0,0.0,0.0,0.0,0.0,0.0,0.0,0.0,0.0,0.0,0.0,0.0,0.0,0.0,0.0,0.0,0.0,0.0,0.0,0.0,0.0,0.0,0.0,0.0,0.0,0.0,0.0,0.0,0.0,0.0,0.0,0.0,0.0,0.0,0.0,0.0,0.0,0.0,0.0,0.0,0.0,0.0,0.0,0.0,0.0,1.0,0.0,0.0,0.0,0.0,0.0,0.0,0.0,0.0,0.0,0.0,0.0,0.0,0.0,0.0,0.0,0.0,0.0,0.0,0.0,0.0,0.0,0.0,0.0,0.0,0.0,0.0,0.0,0.0,0.0,0.0,0.0,0.0,374330.0,0.0,0.0,0.0,0.0,0.0,0.0,0.0,0.0,0.0,0.0,0.0,0.0,0.0,0.0,0.0,0.0,0.0,0.0,0.0,0.0,0.0,0.0,0.0,0.0,0.0,0.0,0.0,0.0,0.0,0.0,0.0,0.0,0.0,0.0,0.0,0.0,0.0,100.0,230.0,250.0,180.0,480.0,350.0,130.0,100.0,60.0,130.0,80.0,60.0,460.0,150.0,430.0,30.0,0.0,680.0
5,América Latina,( Blank ),0.0,0.0,0.0,0.0,0.0,0.0,0.0,0.0,0.0,0.0,0.0,0.0,0.0,0.0,0.0,0.0,0.0,0.0,0.0,0.0,0.0,0.0,0.0,0.0,0.0,0.0,0.0,0.0,0.0,0.0,0.0,0.0,0.0,0.0,0.0,0.0,0.0,0.0,0.0,0.0,0.0,0.0,0.0,0.0,0.0,0.0,0.0,0.0,0.0,0.0,0.0,0.0,0.0,0.0,0.0,0.0,0.0,0.0,0.0,0.0,0.0,0.0,0.0,0.0,0.0,0.0,0.0,0.0,0.0,0.0,0.0,0.0,0.0,0.0,0.0,0.0,0.0,0.0,0.0,0.0,0.0,0.0,0.0,0.0,0.0,0.0,0.0,186954470.0,0.0,0.0,0.0,0.0,0.0,0.0,0.0,0.0,0.0,0.0,0.0,0.0,0.0,0.0,0.0,0.0,0.0,0.0,0.0,0.0,0.0,0.0,0.0,0.0,0.0,0.0,0.0,0.0,0.0,0.0,0.0,0.0,0.0,0.0,0.0,0.0,0.0,0.0,0.0,0.0,0.0,0.0,0.0,0.0,0.0,0.0,0.0,0.0,0.0,0.0,0.0,0.0,0.0,0.0,0.0,0.0,0.0,0.0,0.0,0.0,0.0,0.0,0.0,0.0,0.0,0.0,0.0,0.0,0.0,0.0,0.0,0.0,0.0,0.0,0.0,0.0,0.0,0.0,0.0,0.0,0.0,0.0,0.0,0.0,0.0,0.0,0.0,0.0,0.0,0.0,0.0,0.0,0.0,0.0,0.0,0.0,0.0,0.0,0.0,0.0,0.0,0.0,0.0,0.0,0.0,0.0,0.0,0.0,0.0,0.0,0.0,0.0,0.0,0.0,0.0,0.0,0.0,0.0,0.0,0.0,0.0,0.0,0.0
6,Asia,Industrias Manufactureras,126150334.0,80049770.0,107243132.0,127048969.0,147467840.0,150418515.0,146757452.0,161211039.0,141515133.0,136199226.0,133886394.0,252644142.0,187652121.0,176052321.0,171587687.0,162770361.0,168140742.0,211600326.0,223931891.0,223899529.0,256763760.0,248801116.0,250624373.0,303803228.0,480460746.0,470428908.0,509580039.0,532298371.0,667606819.0,574313647.0,639836148.0,552733330.0,491450228.0,186453854.0,174033721.0,196789890.0,116197887.0,125481292.0,156775797.0,166221761.0,183910185.0,194318552.0,210228419.0,152169416.0,182566393.0,181618114.0,175440538.0,214519899.0,190504140.0,205107600.0,256324945.0,259380333.0,260012180.0,269534709.0,260036502.0,298723889.0,283046977.0,315337699.0,384011819.0,311727280.0,303136387.0,296600538.0,296920986.0,339007272.0,319107984.0,331993982.0,319778022.0,408961782.0,397573932.0,374710745.0,414893601.0,460765688.0,361794704.0,320318969.0,407627592.0,332235545.0,410181536.0,444157970.0,397238354.0,419386210.0,455557375.0,502711269.0,513556197.0,435098205.0,532877362.0,465314065.0,518689237.0,0.0,518310666.0,556844316.0,566946960.0,529477837.0,465130319.0,495863125.0,516012167.0,523661381.0,480794633.0,468564990.0,469945137.0,586690931.0,560246591.0,538690475.0,564358597.0,480568765.0,554210450.0,432280610.0,471687508.0,489243920.0,338899211.0,304342068.0,360415639.0,329846758.0,354790255.0,509272746.0,434972253.0,462623624.0,548790464.0,523514505.0,604393839.0,667991918.0,495529337.0,504814894.0,597186113.0,494634298.0,561186112.0,590955276.0,531084855.0,599378209.0,621806946.0,540202537.0,586722312.0,556170642.0,509632362.0,556243662.0,536501477.0,472416137.0,599334863.0,632184980.0,655787067.0,845748025.0,653187424.0,649630146.0,772689087.0,615494154.0,624549449.0,521273953.0,607866094.0,563433242.0,670163840.0,678768915.0,652030918.0,689482620.0,562724217.0,640118746.0,604610153.0,583964189.0,593736547.0,580085175.0,533538017.0,634525967.0,666585866.0,675250267.0,729901009.0,762892623.0,699081823.0,692157288.0,638210640.0,687151396.0,815665105.0,783992606.0,962742164.0,995481610.0,966434144.0,920992808.0,1018363124.0,1087956910.0,1090711957.0,1004140472.0,1003023129.0,1005454879.0,912620718.0,914676812.0,970073474.0,1047317854.0,1033574744.0,1162915825.0,1166986130.0,1081363727.0,1258417274.0,1103175143.0,1042850016.0,887409999.0,778561454.0,933109480.0,1108058530.0,1142793852.0,1142840805.0,1245485238.0,1076793614.0,1287697953.0,1261122230.0,1291504962.0,1235435130.0,950193238.0,998953741.0,1022347096.0,1125449884.0,1150878454.0,1313764852.0,1372016511.0,1149911651.0
7,Asia,Industrias Extractivas,0.0,0.0,0.0,26.0,88.0,0.0,47147.0,125692.0,0.0,0.0,0.0,0.0,51.0,5948.0,13.0,5.0,92.0,0.0,0.0,0.0,0.0,0.0,0.0,0.0,226923.0,243360.0,670756.0,114066.0,653166.0,311441.0,222590.0,1304135.0,83206.0,0.0,3312.0,0.0,3300.0,52046.0,0.0,3300.0,16006.0,179807.0,154936.0,193514.0,158787.0,11139.0,181351.0,178048.0,6400.0,57806.0,0.0,0.0,3.0,6026.0,60446.0,8706.0,41255.0,817.0,11786.0,7.0,65058.0,3888.0,135.0,62787.0,3700.0,92778.0,507.0,22585.0,162.0,50732.0,0.0,0.0,58622.0,4668.0,0.0,22422.0,55992.0,58405.0,25798.0,19833.0,6091.0,17594.0,610.0,47432.0,1340.0,57438.0,1050.0,0.0,4748.0,45136.0,24542.0,16927.0,32401.0,5709.0,182.0,24270.0,284.0,936.0,28483.0,2431.0,1184.0,17199.0,0.0,36600.0,19074.0,21603.0,30529.0,30.0,7541.0,18704.0,40439.0,7850.0,7848.0,36572.0,39393.0,2.0,16156.0,12498.0,31824.0,24668.0,33018.0,19065.0,84782.0,63677.0,27472.0,8743.0,14.0,78913.0,2.0,15896.0,44800.0,43729.0,10751.0,60131.0,16741.0,0.0,125530.0,63999.0,17090.0,90721.0,59858.0,133.0,38966.0,61484.0,37502.0,84823.0,29084.0,23534.0,70443.0,581206.0,65232.0,35141.0,82884.0,1140448.0,1631790.0,13950055.0,325150.0,1496678.0,110296.0,1324556.0,205382.0,141952.0,895436.0,29958.0,154865.0,6761.0,23313.0,915.0,26375.0,565467.0,1772835.0,56130.0,75720.0,27000.0,317805.0,10358.0,408919.0,3306.0,38546.0,1590790.0,33299.0,80859.0,592970.0,109321.0,707670.0,230029.0,10306.0,1681830.0,908544.0,559299.0,826260.0,1021033.0,257457.0,6619.0,12045.0,14023.0,14905.0,3884226.0,1574641.0,2396896.0,27706.0,39785.0,7354.0,2588968.0,2837108.0,22491.0,8407.0,8851.0,80135.0,6106.0,10.0
8,Asia,Agricultura y Silvicultura,154172.0,145357.0,62872.0,92797.0,95782.0,109746.0,0.0,0.0,162926.0,50303.0,156688.0,0.0,40010.0,24335.0,70670.0,166919.0,139900.0,126926.0,176811.0,227965.0,189884.0,174406.0,203300.0,0.0,285338.0,274753.0,78451.0,130074.0,88762.0,35408.0,189284.0,83006.0,92618.0,0.0,10969.0,149453.0,139354.0,0.0,76505.0,90744.0,190060.0,176395.0,151946.0,34604.0,34604.0,58926.0,0.0,25909.0,846890.0,1577186.0,2904131.0,1491789.0,895861.0,802266.0,610129.0,1727262.0,911984.0,453046.0,261780.0,48896.0,1680818.0,2128602.0,2056023.0,1045464.0,1093644.0,1235089.0,826167.0,891889.0,1046541.0,1324926.0,1646464.0,2146426.0,1346594.0,781027.0,1270940.0,1708048.0,1696232.0,1706397.0,1872337.0,2483150.0,1614267.0,758286.0,1369188.0,1939634.0,2147358.0,2113402.0,2277830.0,0.0,1847538.0,1666831.0,2271443.0,1056194.0,1047650.0,1264776.0,1540055.0,1931357.0,2891077.0,5061416.0,4705608.0,4853398.0,4400342.0,3915006.0,3467365.0,2700409.0,2387695.0,2332514.0,1450715.0,1286114.0,3010379.0,1578018.0,2596359.0,2650572.0,2062882.0,3793305.0,2124189.0,1448440.0,2929684.0,3215450.0,2991934.0,3740644.0,4028722.0,4439179.0,3285695.0,4453909.0,2916753.0,2716999.0,2816101.0,2092803.0,1896426.0,2288171.0,2741919.0,2595016.0,4997571.0,4469428.0,5250231.0,5945688.0,5943216.0,4160414.0,3439551.0,3996091.0,19892518.0,3182254.0,5814150.0,6554109.0,6906947.0,6452538.0,11460598.0,11778094.0,7573442.0,3697000.0,4293228.0,4005260.0,2813835.0,4415834.0,4024787.0,2968162.0,4483919.0,3461091.0,4060892.0,5546317.0,6309887.0,3055811.0,3925345.0,4628161.0,3573048.0,4015509.0,4013317.0,3410808.0,1193354.0,770337.0,1989043.0,1964894.0,2052995.0,2060078.0,1628050.0,1305312.0,1298458.0,2314090.0,1984179.0,1298641.0,1389065.0,1659381.0,3275604.0,986570.0,1660699.0,1573670.0,866842.0,811384.0,1043626.0,1107259.0,1339109.0,1323653.0,1338623.0,1844388.0,1067305.0,1147191.0,1043709.0,1000544.0,1403397.0,1294733.0,1267773.0,2600175.0,1910697.0,1786164.0,1921270.0,2683721.0,3973859.0,4191510.0,3467150.0,2877473.0,3295708.0
9,Asia,Servicios y Productos no Clasificados,6441815.0,3339454.0,15984092.0,9999995.0,10492719.0,3903141.0,6601557.0,9561609.0,5429429.0,6770362.0,8093966.0,13757581.0,2191279.0,4746676.0,165840.0,68132.0,80728.0,77712.0,89730.0,44613.0,142594.0,26287.0,60106.0,2932156.0,106035.0,211336.0,950593.0,478165.0,774184.0,4503174.0,2443613.0,1014627.0,5500323.0,129574.0,1635922.0,391562.0,1311858.0,1001999.0,1725812.0,453784.0,1164424.0,1229269.0,926738.0,1881313.0,1426847.0,1456882.0,1534720.0,318808.0,1050624.0,791279.0,960483.0,463902.0,645955.0,1856063.0,1064121.0,325976.0,432206.0,238246.0,36039.0,71173.0,5941116.0,33912021.0,35681270.0,27743482.0,25988177.0,501210.0,282599.0,275959.0,392120.0,321085.0,625409.0,1582372.0,1244077.0,644395.0,916525.0,349430.0,1219747.0,1618426.0,2954409.0,1165141.0,2489745.0,1054339.0,1842048.0,1671915.0,1163758.0,854611.0,1600204.0,0.0,2140528.0,1496529.0,2311050.0,2398731.0,4234689.0,3945744.0,2635918.0,1021947.0,2750961.0,1694497.0,2656786.0,1133649.0,2225702.0,3652127.0,5794613.0,6013111.0,6129469.0,6439479.0,7624850.0,7443688.0,5482479.0,4236794.0,6905323.0,3903543.0,3705868.0,3395083.0,3886367.0,3339639.0,4338406.0,5170914.0,3449550.0,4269841.0,3786952.0,5339656.0,5489812.0,3281578.0,4670986.0,6445228.0,7869195.0,6500134.0,5624913.0,6442880.0,4100002.0,3833141.0,5045339.0,4005002.0,7331171.0,6217402.0,8883752.0,10912995.0,11445646.0,8092002.0,10709834.0,8965625.0,11995796.0,7337952.0,4879207.0,3682463.0,2746416.0,4521347.0,4795106.0,6681422.0,5286958.0,4728383.0,8827364.0,10283537.0,8459110.0,7128373.0,5718888.0,6738366.0,5886621.0,8189187.0,8487359.0,37813446.0,14774922.0,11234003.0,10833710.0,12708750.0,7909281.0,2891544.0,4174580.0,3340220.0,6426191.0,4497928.0,3380122.0,3256717.0,3997785.0,5198968.0,4892371.0,6689042.0,4682553.0,7034387.0,6270321.0,5177891.0,6647818.0,9494115.0,6896793.0,6733972.0,8458471.0,8483548.0,9454048.0,9774118.0,10830942.0,8449975.0,3576142.0,3538238.0,3402093.0,4507827.0,4798610.0,4628136.0,4611830.0,4889509.0,5301319.0,8126103.0,9190689.0,6543476.0,4657588.0,5931616.0,5991431.0,5810103.0,7918740.0,12735878.0,5888741.0
10,Asia,"Ganadería, Apicultura, Caza, Pesca",0.0,0.0,0.0,0.0,0.0,0.0,0.0,0.0,0.0,0.0,0.0,0.0,0.0,0.0,0.0,0.0,0.0,0.0,0.0,0.0,0.0,0.0,0.0,0.0,0.0,0.0,0.0,0.0,0.0,0.0,0.0,0.0,0.0,0.0,0.0,0.0,0.0,0.0,0.0,0.0,0.0,0.0,0.0,0.0,0.0,0.0,0.0,0.0,0.0,0.0,0.0,0.0,0.0,0.0,0.0,0.0,0.0,0.0,0.0,0.0,0.0,0.0,0.0,0.0,0.0,0.0,0.0,0.0,0.0,0.0,0.0,0.0,0.0,0.0,0.0,0.0,0.0,0.0,0.0,0.0,0.0,0.0,0.0,0.0,0.0,0.0,0.0,0.0,0.0,0.0,0.0,0.0,0.0,0.0,0.0,0.0,0.0,0.0,0.0,0.0,0.0,0.0,0.0,0.0,0.0,0.0,0.0,0.0,0.0,0.0,0.0,0.0,0.0,0.0,0.0,0.0,0.0,0.0,0.0,0.0,0.0,0.0,0.0,0.0,0.0,0.0,0.0,0.0,0.0,0.0,0.0,0.0,0.0,0.0,0.0,0.0,0.0,0.0,0.0,0.0,0.0,0.0,0.0,0.0,0.0,0.0,0.0,0.0,0.0,0.0,0.0,0.0,0.0,0.0,0.0,0.0,0.0,0.0,0.0,0.0,0.0,0.0,0.0,0.0,0.0,0.0,0.0,0.0,0.0,0.0,0.0,0.0,0.0,0.0,0.0,0.0,0.0,0.0,0.0,0.0,0.0,0.0,0.0,0.0,0.0,0.0,0.0,0.0,0.0,0.0,0.0,0.0,0.0,50.0,0.0,178.0,200.0,0.0,0.0,0.0,0.0,0.0,0.0,0.0,0.0,0.0,0.0,0.0,0.0,0.0,0.0
11,Asia,( Blank ),0.0,0.0,0.0,0.0,0.0,0.0,0.0,0.0,0.0,0.0,0.0,0.0,0.0,0.0,0.0,0.0,0.0,0.0,0.0,0.0,0.0,0.0,0.0,0.0,0.0,0.0,0.0,0.0,0.0,0.0,0.0,0.0,0.0,0.0,0.0,0.0,0.0,0.0,0.0,0.0,0.0,0.0,0.0,0.0,0.0,0.0,0.0,0.0,0.0,0.0,0.0,0.0,0.0,0.0,0.0,0.0,0.0,0.0,0.0,0.0,0.0,0.0,0.0,0.0,0.0,0.0,0.0,0.0,0.0,0.0,0.0,0.0,0.0,0.0,0.0,0.0,0.0,0.0,0.0,0.0,0.0,0.0,0.0,0.0,0.0,0.0,0.0,504893104.0,0.0,0.0,0.0,0.0,0.0,0.0,0.0,0.0,0.0,0.0,0.0,0.0,0.0,0.0,0.0,0.0,0.0,0.0,0.0,0.0,0.0,0.0,0.0,0.0,0.0,0.0,0.0,0.0,0.0,0.0,0.0,0.0,0.0,0.0,0.0,0.0,0.0,0.0,0.0,0.0,0.0,0.0,0.0,0.0,0.0,0.0,0.0,0.0,0.0,0.0,0.0,0.0,0.0,0.0,0.0,0.0,0.0,0.0,0.0,0.0,0.0,0.0,0.0,0.0,0.0,0.0,0.0,0.0,0.0,0.0,0.0,0.0,0.0,0.0,0.0,0.0,0.0,0.0,0.0,0.0,0.0,0.0,0.0,0.0,0.0,0.0,0.0,0.0,0.0,0.0,0.0,0.0,0.0,0.0,0.0,0.0,0.0,0.0,0.0,0.0,0.0,0.0,0.0,0.0,0.0,0.0,0.0,0.0,0.0,0.0,0.0,0.0,0.0,0.0,0.0,0.0,0.0,0.0,0.0,0.0,0.0,0.0,0.0
12,Europa,Industrias Manufactureras,68155262.0,51230910.0,59814543.0,90818427.0,112212888.0,90684617.0,90093142.0,97441133.0,104808290.0,108628257.0,107522761.0,122414391.0,132363436.0,107987478.0,171819783.0,128445204.0,138847663.0,135651430.0,151016018.0,203073120.0,138592439.0,183990254.0,139680336.0,126358307.0,151082339.0,171751480.0,124086688.0,140911018.0,165137078.0,154442923.0,150943785.0,150458759.0,152002460.0,138306284.0,175136889.0,152727102.0,137224703.0,120250352.0,145821213.0,140000135.0,155180586.0,165668800.0,139528620.0,141685788.0,146536384.0,144509681.0,142601444.0,181547536.0,119574950.0,101113945.0,125239152.0,131695873.0,130566724.0,152827735.0,122580719.0,123438487.0,122325219.0,145524542.0,151525484.0,157571708.0,151859723.0,141905688.0,153180847.0,192552749.0,198483068.0,221676240.0,227045438.0,226990159.0,215536312.0,270004237.0,310605498.0,257722036.0,208678822.0,181805786.0,223929504.0,238496458.0,231067809.0,215319910.0,206890795.0,220474056.0,250228416.0,226815719.0,329712923.0,269411178.0,417768067.0,340403150.0,383574749.0,0.0,409881383.0,399234589.0,427208694.0,459182018.0,390653136.0,429828296.0,408072376.0,293116145.0,528725889.0,427007266.0,410650012.0,462494893.0,451253703.0,422445103.0,493892714.0,486487975.0,522892434.0,655221844.0,467365227.0,512587685.0,490533422.0,452978621.0,406311806.0,397029275.0,350548149.0,417110749.0,457477542.0,534700150.0,515285261.0,539513308.0,521650116.0,559593237.0,452952533.0,474341122.0,555736699.0,500969658.0,531150463.0,601840946.0,573387784.0,632429675.0,585170645.0,550527073.0,587529982.0,657817395.0,655312179.0,640021774.0,674782114.0,829156891.0,680526568.0,616291925.0,685304985.0,709291161.0,679327461.0,700878744.0,694577929.0,721927789.0,665648495.0,621609816.0,609516682.0,568366404.0,652288921.0,629098234.0,684797369.0,745497994.0,658925375.0,724043584.0,666063024.0,646402881.0,804880797.0,732721483.0,751269643.0,841083651.0,932818729.0,874674641.0,1033975762.0,1053044051.0,1079655419.0,740616958.0,729269754.0,638401944.0,600592153.0,613167422.0,592257089.0,634514768.0,632755080.0,635616073.0,696749501.0,722476393.0,650584624.0,705436763.0,616162239.0,610114463.0,547536505.0,560253579.0,570722899.0,599027684.0,620706522.0,641214731.0,670110411.0,853442377.0,596195618.0,600986506.0,636340778.0,553222522.0,514065866.0,571831858.0,662701241.0,623122570.0,627146701.0,633275955.0,667598125.0,701685929.0,613566152.0,674158367.0,692030085.0,669489036.0,622127586.0,602343755.0,740683582.0,659291103.0,761068246.0,1170820102.0,783963236.0
13,Europa,Industrias Extractivas,25818.0,6040.0,11.0,140656.0,37322.0,3470.0,10992.0,8135.0,4603.0,28366.0,57960.0,8171.0,35591.0,15676.0,15082.0,95518.0,86443.0,123990.0,90768.0,67385.0,59703.0,100905.0,68157.0,103065.0,57323.0,95625.0,67243.0,239181.0,93960.0,152795.0,121143.0,86667.0,225450.0,113054.0,141775.0,210360.0,170374.0,190690.0,210851.0,233906.0,320815.0,84181.0,144819.0,216000.0,356522.0,336278.0,388974.0,140449.0,157089.0,114205.0,121918.0,209179.0,254092.0,179252.0,32799.0,89883.0,57704.0,77485.0,96518.0,98204.0,217862.0,111844.0,85821.0,149733.0,2037405.0,167447.0,33987.0,68903.0,273748.0,83926.0,18848.0,46353.0,43741.0,145134.0,37804.0,61672.0,15486.0,40259.0,44528.0,65693.0,24945.0,53799.0,141995.0,29012.0,37281.0,149234.0,105915.0,0.0,74840.0,16204.0,37264.0,73534.0,62519.0,47520.0,51062.0,248115.0,104623.0,230597.0,63159.0,185699.0,30833.0,33622.0,34448.0,25961.0,39058.0,125352.0,15198.0,36498.0,28715.0,47775.0,19804.0,30865.0,23494.0,29535.0,84596.0,41974.0,72818.0,39578.0,89410.0,57242.0,53887.0,83025.0,109626.0,15402.0,37052.0,361342.0,2946664.0,46745.0,47262.0,2238926.0,10109.0,44729.0,1009.0,43606.0,3156809.0,144868.0,77734.0,109255.0,90006.0,2433844.0,77574.0,97028.0,2248744.0,51934.0,50356.0,58280.0,57481.0,1031683.0,138789.0,53858.0,225722.0,103983.0,82159.0,50856.0,302308.0,596282.0,409434.0,52481.0,37320.0,541549.0,276171.0,384940.0,431237.0,238114.0,330577.0,72723.0,183267.0,8992.0,936282.0,498632.0,628919.0,368667.0,1887524.0,117348.0,58144.0,516916.0,739095.0,316587.0,254726.0,2913524.0,591542.0,528628.0,830955.0,431550.0,844492.0,850121.0,1107214.0,1029496.0,2913544.0,665293.0,363715.0,584384.0,592517.0,941932.0,1297066.0,582670.0,464811.0,416533.0,995000.0,462290.0,1133067.0,303335.0,1061485.0,992694.0,487960.0,416006.0,353298.0,334739.0,448900.0,571066.0,806098.0
14,Europa,Agricultura y Silvicultura,266.0,5000.0,7546.0,0.0,0.0,27360.0,32500.0,1105569.0,11603.0,39573.0,19081.0,6985530.0,20000.0,7876770.0,1543750.0,21000.0,0.0,3402103.0,11300.0,43916.0,0.0,15421.0,102637.0,24001.0,57827.0,127550.0,393514.0,3362812.0,128958.0,173934.0,85357.0,12208581.0,29676536.0,23464.0,977430.0,2357576.0,0.0,0.0,109209.0,408250.0,13382329.0,7232372.0,0.0,0.0,25831.0,18241.0,6661693.0,64882.0,179350.0,244035.0,201117.0,495701.0,179897.0,100506.0,290268.0,0.0,22880.0,23670.0,6472691.0,55668.0,110360.0,400846.0,272980.0,138919.0,449151.0,679715.0,356767.0,230326.0,6457.0,311282.0,10308302.0,10422500.0,45547.0,343120.0,498086.0,48245.0,506593.0,746663.0,552251.0,175686.0,84977.0,242143.0,728063.0,116028.0,390398.0,265654.0,414159.0,0.0,923816.0,572529.0,1160858.0,1242990.0,217713.0,375460.0,444389.0,393959.0,702708.0,182155.0,334025.0,523734.0,1326675.0,799437.0,977903.0,724558.0,500354.0,269173.0,90543.0,521487.0,244623.0,567953.0,362567.0,396312.0,665470.0,1471116.0,1011781.0,458325.0,364672.0,441677.0,863894.0,867277.0,1075302.0,2047569.0,2593316.0,1420503.0,6767221.0,19153657.0,19705744.0,1985715.0,175191.0,1263684.0,1075856.0,764589.0,1767370.0,4396662.0,6250054.0,16798385.0,33601050.0,3743296.0,16616417.0,16393140.0,17833147.0,1958719.0,1812483.0,1839453.0,1032148.0,5186227.0,9551687.0,3551443.0,2646376.0,4493213.0,874987.0,1840674.0,1350483.0,15891303.0,457131.0,1025051.0,608885.0,1700179.0,2764127.0,4858634.0,5101952.0,2470542.0,1857365.0,48051360.0,21586405.0,1305272.0,14474068.0,69085158.0,13976034.0,933229.0,4928301.0,4718946.0,5248685.0,60237.0,655003.0,384119.0,209302.0,652404.0,2344892.0,1591905.0,4693123.0,4734431.0,5431527.0,3219980.0,1923060.0,5343474.0,2146787.0,5068059.0,3450834.0,6270789.0,2941709.0,1065433.0,1849132.0,2742458.0,3361635.0,2857217.0,2348268.0,3306816.0,3223331.0,2251149.0,639986.0,1499381.0,3089080.0,700046.0,1548911.0,1803219.0,4948667.0,23595663.0,21710385.0,4047681.0,3534117.0
15,Europa,Servicios y Productos no Clasificados,4084527.0,5227151.0,16482340.0,7724501.0,12990378.0,10348956.0,16553377.0,16841233.0,6216819.0,5765724.0,6681601.0,5458164.0,6679099.0,7360733.0,2873196.0,1300211.0,663435.0,1050919.0,985147.0,1450398.0,1021400.0,959821.0,2138499.0,835018.0,1711983.0,810405.0,779662.0,1387424.0,613762.0,269839.0,1891180.0,730544.0,185614.0,136208.0,556047.0,310179.0,216415.0,304322.0,40533.0,280789.0,118414.0,394349.0,490878.0,707867.0,669134.0,632868.0,698334.0,235175.0,863647.0,197213.0,120418.0,587102.0,330474.0,203426.0,2663556.0,2240457.0,410647.0,167283.0,385763.0,4097272.0,247818.0,144699.0,2005862.0,1690400.0,828445.0,2148861.0,2141386.0,4142850.0,8620624.0,3813441.0,2954257.0,1604334.0,2514431.0,3843951.0,3987924.0,4581497.0,8213083.0,4808891.0,4157300.0,316021.0,1196217.0,927505.0,6371393.0,38665.0,35883.0,22095.0,46436.0,0.0,404751.0,273328.0,428518.0,1403636.0,2539415.0,7113438.0,7398866.0,2044833.0,2007423.0,1862205.0,2535976.0,3286433.0,3168675.0,2533364.0,3416158.0,2677110.0,5457889.0,10693932.0,6063694.0,4036181.0,2168396.0,4038757.0,6372010.0,7433907.0,6914658.0,2939361.0,1890990.0,2326837.0,4485783.0,8401713.0,8778223.0,7245765.0,5500882.0,5519914.0,5031951.0,4115562.0,5897233.0,10015918.0,6268387.0,3352596.0,3159122.0,7247363.0,2638050.0,1506258.0,4963324.0,11099784.0,4848865.0,2846728.0,7832811.0,11047964.0,12758376.0,9962561.0,10597781.0,3896516.0,6464225.0,8728046.0,7246542.0,6572461.0,13792833.0,8792704.0,17100681.0,13480631.0,9213569.0,10813688.0,20216556.0,12659271.0,10571676.0,10218102.0,7674220.0,6521907.0,8516560.0,10924685.0,14668788.0,14964892.0,13067088.0,13496112.0,12374783.0,22366569.0,11236051.0,6620994.0,7518230.0,8989978.0,10788702.0,8948595.0,12919909.0,21583625.0,19884474.0,25206864.0,15147871.0,13055332.0,16419161.0,10899730.0,8467634.0,9072475.0,12290618.0,11957146.0,12841014.0,12920648.0,17079863.0,10905455.0,13201335.0,13393795.0,12064441.0,13466552.0,8929063.0,11063659.0,12482163.0,8954127.0,9913698.0,10106670.0,10609138.0,10355887.0,13339897.0,13063473.0,11320754.0,9666527.0,8757535.0,14757768.0,11712790.0,11187419.0,11715064.0,12528637.0,22682788.0
16,Europa,"Ganadería, Apicultura, Caza, Pesca",0.0,417712.0,66054.0,0.0,439243.0,0.0,66054.0,439233.0,0.0,439233.0,66054.0,0.0,439233.0,0.0,0.0,505287.0,0.0,441.0,297744.0,66054.0,297744.0,0.0,0.0,0.0,281605.0,0.0,215551.0,0.0,75178.0,215551.0,0.0,10027.0,215551.0,75179.0,215551.0,0.0,0.0,215551.0,0.0,0.0,0.0,0.0,0.0,0.0,0.0,0.0,0.0,0.0,0.0,218.0,0.0,0.0,0.0,0.0,0.0,0.0,0.0,0.0,0.0,0.0,0.0,5043.0,9620.0,8750.0,28370.0,11042.0,10593.0,17527.0,6076.0,11954.0,11035.0,8276.0,11630.0,8217.0,7747.0,8203.0,10025.0,7344.0,7175.0,9602.0,8203.0,9210.0,6736.0,6535.0,7751.0,6714.0,11012.0,0.0,12404.0,11248.0,16786.0,12694.0,13057.0,10264.0,12949.0,14173.0,17373.0,12309.0,13157.0,9856.0,7911.0,6175.0,5755.0,5276.0,5276.0,0.0,102.0,306.0,306.0,1129.0,427.0,1267.0,1319.0,2354.0,556.0,5315.0,3632.0,3186.0,1224.0,960.0,872.0,908.0,1296.0,416.0,1082.0,1986.0,1962.0,1893.0,2531.0,1687.0,3763.0,648.0,888.0,1395.0,1779.0,2190.0,3675.0,1699.0,1220.0,2829.0,3428.0,1312.0,1179.0,748.0,3056.0,2281.0,2590.0,2744.0,3683.0,7249.0,3096.0,9120.0,4864.0,4828.0,7652.0,28192.0,24827.0,0.0,0.0,0.0,0.0,0.0,0.0,0.0,0.0,0.0,0.0,0.0,0.0,0.0,0.0,0.0,0.0,0.0,0.0,0.0,0.0,4273.0,526.0,1043.0,0.0,588.0,2505.0,410.0,0.0,0.0,0.0,0.0,0.0,0.0,0.0,0.0,0.0,115000.0,1467.0,2447.0,0.0,10.0,4004.0,15543.0,25415.0,19512.0,34251.0,34572.0,14784.0,8365.0,13243.0,12926.0,16458.0,58279.0,48903.0
17,Europa,( Blank ),0.0,0.0,0.0,0.0,0.0,0.0,0.0,0.0,0.0,0.0,0.0,0.0,0.0,0.0,0.0,0.0,0.0,0.0,0.0,0.0,0.0,0.0,0.0,0.0,0.0,0.0,0.0,0.0,0.0,0.0,0.0,0.0,0.0,0.0,0.0,0.0,0.0,0.0,0.0,0.0,0.0,0.0,0.0,0.0,0.0,0.0,0.0,0.0,0.0,0.0,0.0,0.0,0.0,0.0,0.0,0.0,0.0,0.0,0.0,0.0,0.0,0.0,0.0,0.0,0.0,0.0,0.0,0.0,0.0,0.0,0.0,0.0,0.0,0.0,0.0,0.0,0.0,0.0,0.0,0.0,0.0,0.0,0.0,0.0,0.0,0.0,0.0,364936462.0,0.0,0.0,0.0,0.0,0.0,0.0,0.0,0.0,0.0,0.0,0.0,0.0,0.0,0.0,0.0,0.0,0.0,0.0,0.0,0.0,0.0,0.0,0.0,0.0,0.0,0.0,0.0,0.0,0.0,0.0,0.0,0.0,0.0,0.0,0.0,0.0,0.0,0.0,0.0,0.0,0.0,0.0,0.0,0.0,0.0,0.0,0.0,0.0,0.0,0.0,0.0,0.0,0.0,0.0,0.0,0.0,0.0,0.0,0.0,0.0,0.0,0.0,0.0,0.0,0.0,0.0,0.0,0.0,0.0,0.0,0.0,0.0,0.0,0.0,0.0,0.0,0.0,0.0,0.0,0.0,0.0,0.0,0.0,0.0,0.0,0.0,0.0,0.0,0.0,0.0,0.0,0.0,0.0,0.0,0.0,0.0,0.0,0.0,0.0,0.0,0.0,0.0,0.0,0.0,0.0,0.0,0.0,0.0,0.0,0.0,0.0,0.0,0.0,0.0,0.0,0.0,0.0,0.0,0.0,0.0,0.0,0.0,0.0
18,Africa,Industrias Manufactureras,173715.0,35814.0,20254.0,395823.0,851570.0,365204.0,3191033.0,526877.0,486844.0,266891.0,241057.0,1065239.0,6464.0,41649.0,1058070.0,2522174.0,512738.0,1273977.0,76565.0,262606.0,161425.0,29744.0,422956.0,32696.0,612218.0,1168126.0,1601436.0,3304900.0,1304110.0,3341933.0,2369018.0,2812683.0,2247562.0,435801.0,95027.0,651048.0,101496.0,174074.0,251741.0,165758.0,117854.0,325972.0,231300.0,99551.0,61738.0,34785.0,15368.0,226513.0,149298.0,252010.0,1527.0,36442.0,123908.0,52810.0,45356.0,602870.0,230616.0,172085.0,2075232.0,304185.0,182908.0,205794.0,793212.0,178776.0,522058.0,878598.0,580241.0,108676.0,188296.0,344974.0,283327.0,406730.0,861975.0,922217.0,1953463.0,1198875.0,2007630.0,2116510.0,891742.0,1527304.0,1740997.0,2107539.0,1121307.0,1175824.0,1872200.0,900324.0,863646.0,0.0,2358586.0,725820.0,925365.0,843459.0,940469.0,1007975.0,831136.0,912642.0,2015145.0,1976778.0,2795791.0,2099002.0,5311749.0,3254216.0,1564653.0,1665524.0,2615350.0,3964525.0,2942799.0,1513400.0,1516630.0,4045184.0,5011315.0,1446384.0,2992875.0,2776124.0,2860567.0,2849649.0,8447998.0,2838357.0,2214661.0,4828785.0,1345339.0,2511450.0,6764856.0,1144082.0,879683.0,1604063.0,2525767.0,1454568.0,2024749.0,1961149.0,1269462.0,4540634.0,6620364.0,6993864.0,1375807.0,26584668.0,1233367.0,1151141.0,1345556.0,8623762.0,10937471.0,7075388.0,8791678.0,12762572.0,13993888.0,13822861.0,12204845.0,9463994.0,6993424.0,4177303.0,4200762.0,3517425.0,3100316.0,4270529.0,2369552.0,2416018.0,2035012.0,2879505.0,2389876.0,2701551.0,2829440.0,1577501.0,2810823.0,2614555.0,1987180.0,4706152.0,2666976.0,4086629.0,2220857.0,1746356.0,2748648.0,4386691.0,5353165.0,2587682.0,3228426.0,2421284.0,2677752.0,2374320.0,2668352.0,2971532.0,4639184.0,8231719.0,11579871.0,16931481.0,15070621.0,20272876.0,23013163.0,37503218.0,28155470.0,45895550.0,31435430.0,49202939.0,35358688.0,20690435.0,29858073.0,51236470.0,27900889.0,37151255.0,38671412.0,26303975.0,29131188.0,41180356.0,44678000.0,26010523.0,31889905.0,21424078.0,20635773.0,15761086.0,14543701.0,13916559.0,17440690.0
19,Africa,Industrias Extractivas,5460.0,0.0,0.0,0.0,0.0,0.0,0.0,0.0,0.0,0.0,0.0,0.0,7.0,0.0,0.0,11500.0,46000.0,0.0,0.0,0.0,0.0,0.0,0.0,0.0,50295.0,105284.0,113250.0,48855.0,101640.0,131904.0,65237.0,34140.0,52980.0,0.0,0.0,0.0,0.0,0.0,10125.0,0.0,10080.0,0.0,0.0,10080.0,0.0,0.0,0.0,0.0,0.0,20899.0,0.0,0.0,0.0,0.0,0.0,1960.0,0.0,0.0,0.0,127000.0,0.0,0.0,0.0,0.0,0.0,0.0,0.0,0.0,0.0,0.0,0.0,63038.0,0.0,0.0,0.0,6091.0,0.0,0.0,6725.0,10873.0,0.0,0.0,0.0,0.0,0.0,0.0,0.0,0.0,0.0,0.0,0.0,0.0,0.0,0.0,9562.0,0.0,0.0,0.0,0.0,0.0,0.0,0.0,0.0,8674.0,0.0,0.0,0.0,0.0,5334.0,4666486.0,0.0,0.0,4101242.0,0.0,4322.0,5368265.0,0.0,0.0,4137512.0,9160580.0,0.0,243810.0,278640.0,286468.0,4243250.0,0.0,0.0,7180980.0,0.0,86.0,26.0,5919788.0,0.0,2108758.0,3560000.0,7653.0,4116135.0,222610.0,8636.0,0.0,4412961.0,2196550.0,2196550.0,0.0,4405483.0,4402765.0,100.0,50.0,5759904.0,3455022.0,10974274.0,0.0,7096951.0,2302120.0,319950.0,319950.0,136758.0,9204800.0,6906361.0,0.0,3730100.0,0.0,0.0,0.0,6061380.0,9418522.0,0.0,0.0,20790.0,0.0,41580.0,3.0,31185.0,0.0,41580.0,0.0,0.0,20790.0,0.0,0.0,0.0,29400.0,22400.0,0.0,0.0,44100.0,0.0,0.0,0.0,0.0,0.0,0.0,32200.0,0.0,0.0,0.0,0.0,0.0,0.0,0.0,0.0,0.0,0.0,0.0,0.0,0.0,0.0,0.0,0.0,0.0,0.0
20,Africa,Agricultura y Silvicultura,0.0,0.0,0.0,24150.0,0.0,24150.0,0.0,0.0,0.0,0.0,59693.0,0.0,0.0,0.0,0.0,0.0,0.0,364255.0,0.0,0.0,0.0,26710.0,32000.0,0.0,32000.0,0.0,0.0,931.0,76518.0,25057.0,0.0,0.0,0.0,0.0,0.0,0.0,0.0,0.0,0.0,48255.0,87900.0,32344.0,0.0,22450.0,0.0,0.0,0.0,0.0,0.0,23540.0,0.0,45812.0,62400.0,22800.0,0.0,16800.0,0.0,16803.0,0.0,30960.0,222210.0,0.0,0.0,96328.0,98987.0,124909.0,68981.0,85974.0,63953.0,36600.0,236670.0,75546.0,109773.0,0.0,127047.0,0.0,99079.0,203801.0,86338.0,3.0,255632.0,0.0,2.0,21253.0,27641.0,46800.0,385200.0,0.0,370531.0,144002.0,97200.0,31200.0,31200.0,62403.0,0.0,17.0,165426.0,191848.0,26522.0,249322.0,173500.0,242900.0,269173.0,0.0,41855.0,2.0,0.0,29250.0,0.0,104400.0,30880.0,0.0,10.0,206239.0,99168.0,63286.0,138755.0,242763.0,109619.0,310479.0,77354.0,554700.0,1565918.0,657112.0,219370.0,284455.0,77095.0,42627.0,130776.0,72678.0,60604.0,129434.0,41592.0,89893.0,799152.0,721103.0,430961.0,434808.0,101660.0,700639.0,223233.0,620348.0,106140.0,171689.0,26140.0,118880.0,117725.0,1219886.0,1086273.0,512602.0,373440.0,193388.0,367020.0,134315.0,9.0,46540.0,0.0,46540.0,214509.0,392270.0,287295.0,199719.0,412250.0,182993.0,49080.0,171181.0,200435.0,123827.0,62700.0,109500.0,43802.0,141.0,125448.0,125466.0,146434.0,62868.0,4.0,311605.0,117377.0,84647.0,113379.0,650365.0,311995.0,225900.0,368664.0,343177.0,128070.0,0.0,0.0,0.0,0.0,0.0,7.0,262649.0,256545.0,280273.0,0.0,120288.0,0.0,0.0,44269.0,276542.0,381400.0,0.0,419900.0,399273.0,1165780.0,868727.0,609900.0,415254.0,340580.0
21,Africa,Servicios y Productos no Clasificados,31270.0,6.0,0.0,0.0,0.0,157.0,0.0,200.0,0.0,5.0,0.0,0.0,0.0,0.0,1920.0,0.0,0.0,0.0,0.0,0.0,1.0,1360.0,0.0,0.0,1.0,100.0,1.0,0.0,0.0,4.0,0.0,0.0,2.0,0.0,0.0,0.0,0.0,0.0,0.0,0.0,3.0,0.0,0.0,0.0,3.0,0.0,0.0,0.0,4.0,5.0,0.0,0.0,1.0,0.0,1022069.0,0.0,2.0,0.0,3961.0,1386.0,0.0,0.0,0.0,0.0,0.0,5.0,0.0,0.0,1.0,0.0,1.0,0.0,0.0,0.0,0.0,0.0,0.0,0.0,0.0,0.0,0.0,0.0,0.0,0.0,0.0,17.0,1454.0,0.0,4809.0,2324.0,11.0,2.0,0.0,460.0,2752.0,31.0,0.0,0.0,0.0,0.0,28.0,33.0,90.0,5340.0,6323.0,1047.0,1733.0,3769.0,0.0,2495.0,0.0,0.0,5088.0,1909.0,24714.0,1182.0,1125.0,1802.0,6153.0,51.0,6609.0,0.0,1.0,2550.0,4663.0,4273.0,3679.0,3590.0,20893.0,1500.0,2182.0,2295.0,2251.0,6002.0,2400.0,40875.0,19761.0,2618.0,900.0,8998.0,2435.0,1412.0,1085.0,16728.0,21123.0,910.0,1310.0,4900.0,2464.0,11386.0,7508.0,2774.0,6525.0,13086.0,8612.0,16146.0,6279.0,6788.0,6825.0,1119873.0,3443.0,191590.0,90641.0,450477.0,419701.0,531166.0,3911.0,8517.0,4234.0,4757.0,5622.0,1924.0,8247.0,4766.0,1924.0,786.0,1147.0,1591.0,3042.0,1353.0,3727.0,3449.0,6472.0,3951.0,3566.0,3293.0,4995.0,5308.0,4473.0,2538.0,3736.0,323674.0,6393.0,4755.0,75344.0,72107.0,195410.0,3860.0,15824.0,43576.0,58323.0,83165.0,1861.0,5019.0,108239.0,30325.0,3476.0,68291.0,71583.0,1292.0,3215.0
22,Africa,"Ganadería, Apicultura, Caza, Pesca",0.0,0.0,0.0,0.0,0.0,0.0,0.0,0.0,0.0,0.0,0.0,0.0,0.0,0.0,0.0,0.0,0.0,0.0,0.0,0.0,0.0,0.0,0.0,0.0,0.0,0.0,0.0,0.0,0.0,0.0,0.0,0.0,0.0,0.0,0.0,0.0,0.0,0.0,0.0,0.0,0.0,0.0,0.0,0.0,0.0,0.0,0.0,0.0,0.0,0.0,0.0,0.0,0.0,0.0,0.0,0.0,0.0,0.0,0.0,0.0,0.0,0.0,10000.0,600.0,0.0,0.0,0.0,0.0,0.0,0.0,0.0,0.0,0.0,0.0,0.0,0.0,0.0,0.0,0.0,0.0,0.0,0.0,0.0,0.0,0.0,0.0,0.0,0.0,0.0,0.0,0.0,0.0,0.0,0.0,0.0,0.0,0.0,0.0,0.0,0.0,0.0,0.0,0.0,0.0,0.0,0.0,0.0,0.0,0.0,0.0,0.0,0.0,0.0,0.0,0.0,0.0,0.0,0.0,0.0,0.0,0.0,0.0,0.0,0.0,0.0,0.0,0.0,0.0,0.0,0.0,0.0,0.0,0.0,0.0,0.0,0.0,0.0,0.0,0.0,0.0,0.0,0.0,0.0,0.0,0.0,0.0,0.0,0.0,0.0,0.0,0.0,0.0,0.0,0.0,0.0,0.0,0.0,0.0,0.0,0.0,0.0,0.0,0.0,0.0,0.0,0.0,0.0,0.0,0.0,0.0,0.0,0.0,0.0,0.0,0.0,0.0,0.0,0.0,0.0,0.0,0.0,0.0,0.0,0.0,0.0,0.0,0.0,0.0,0.0,0.0,0.0,0.0,0.0,0.0,0.0,0.0,0.0,0.0,0.0,0.0,0.0,0.0,0.0,5.0,0.0,0.0,0.0,0.0,0.0,0.0,0.0
23,Africa,( Blank ),0.0,0.0,0.0,0.0,0.0,0.0,0.0,0.0,0.0,0.0,0.0,0.0,0.0,0.0,0.0,0.0,0.0,0.0,0.0,0.0,0.0,0.0,0.0,0.0,0.0,0.0,0.0,0.0,0.0,0.0,0.0,0.0,0.0,0.0,0.0,0.0,0.0,0.0,0.0,0.0,0.0,0.0,0.0,0.0,0.0,0.0,0.0,0.0,0.0,0.0,0.0,0.0,0.0,0.0,0.0,0.0,0.0,0.0,0.0,0.0,0.0,0.0,0.0,0.0,0.0,0.0,0.0,0.0,0.0,0.0,0.0,0.0,0.0,0.0,0.0,0.0,0.0,0.0,0.0,0.0,0.0,0.0,0.0,0.0,0.0,0.0,0.0,4016419.0,0.0,0.0,0.0,0.0,0.0,0.0,0.0,0.0,0.0,0.0,0.0,0.0,0.0,0.0,0.0,0.0,0.0,0.0,0.0,0.0,0.0,0.0,0.0,0.0,0.0,0.0,0.0,0.0,0.0,0.0,0.0,0.0,0.0,0.0,0.0,0.0,0.0,0.0,0.0,0.0,0.0,0.0,0.0,0.0,0.0,0.0,0.0,0.0,0.0,0.0,0.0,0.0,0.0,0.0,0.0,0.0,0.0,0.0,0.0,0.0,0.0,0.0,0.0,0.0,0.0,0.0,0.0,0.0,0.0,0.0,0.0,0.0,0.0,0.0,0.0,0.0,0.0,0.0,0.0,0.0,0.0,0.0,0.0,0.0,0.0,0.0,0.0,0.0,0.0,0.0,0.0,0.0,0.0,0.0,0.0,0.0,0.0,0.0,0.0,0.0,0.0,0.0,0.0,0.0,0.0,0.0,0.0,0.0,0.0,0.0,0.0,0.0,0.0,0.0,0.0,0.0,0.0,0.0,0.0,0.0,0.0,0.0,0.0
24,Oceanía,Industrias Manufactureras,1102824.0,409734.0,6504327.0,793926.0,1122204.0,791292.0,2068135.0,2311824.0,1162283.0,1365073.0,695822.0,3457924.0,839082.0,1303861.0,1619050.0,2603949.0,1019480.0,1013134.0,7727717.0,704293.0,1288073.0,811492.0,1089615.0,927932.0,10011128.0,821196.0,5799679.0,10347274.0,17701102.0,9043906.0,5428537.0,1007987.0,350268.0,583589.0,331666.0,4916808.0,2770680.0,2622595.0,908781.0,311948.0,205257.0,126293.0,249601.0,690896.0,1131816.0,3463362.0,333060.0,517043.0,4679268.0,3167466.0,1475479.0,734616.0,404491.0,637825.0,1050058.0,257009.0,719142.0,371152.0,686080.0,1284478.0,1208057.0,1175773.0,522545.0,2001729.0,1145198.0,1083498.0,991237.0,1337326.0,1171095.0,4647583.0,2542179.0,1515745.0,878413.0,1008228.0,998558.0,571160.0,1014365.0,864133.0,886987.0,664604.0,1416682.0,2804649.0,2239996.0,1572015.0,31922491.0,52744252.0,36763502.0,0.0,17760928.0,33619266.0,15720588.0,39170180.0,18700485.0,19761326.0,30781633.0,36851679.0,26249873.0,24029992.0,8458553.0,34446730.0,13965550.0,17689813.0,14040960.0,21855015.0,22954864.0,20127711.0,54447271.0,25000341.0,6990912.0,6912163.0,37915669.0,17450412.0,8446145.0,12891239.0,16146207.0,6938216.0,11546051.0,20586873.0,16550969.0,13854384.0,17741271.0,20020677.0,25861056.0,18531923.0,10435874.0,17653465.0,21493715.0,25611745.0,10432628.0,18330276.0,15236511.0,12449586.0,13109001.0,18622717.0,35242226.0,17364407.0,10569053.0,25335779.0,17361365.0,16687152.0,11131065.0,11192426.0,17237956.0,13680896.0,15222252.0,21370773.0,20131333.0,20825701.0,22605291.0,16149917.0,18801754.0,22207007.0,13470299.0,11219416.0,21017539.0,16992157.0,15471101.0,20653618.0,13410673.0,9916877.0,20033682.0,13621352.0,20377852.0,11864067.0,11847405.0,8311272.0,16373436.0,21652045.0,9731969.0,9211839.0,8640624.0,6798854.0,6667186.0,11967677.0,11899613.0,8095622.0,6585954.0,6662723.0,6160975.0,6607813.0,3167485.0,7811970.0,12125750.0,10893982.0,10007212.0,11769401.0,7745566.0,6747282.0,3696899.0,4315856.0,4463877.0,7502464.0,5479656.0,7778160.0,11273057.0,6573144.0,6746506.0,6940414.0,9411789.0,5839446.0,5317112.0,9780717.0,9550167.0,11788121.0,10008775.0,7876610.0,9142218.0,9884360.0,9294484.0,8989853.0,6711600.0
25,Oceanía,Industrias Extractivas,0.0,0.0,0.0,0.0,0.0,0.0,0.0,0.0,0.0,0.0,0.0,0.0,0.0,0.0,0.0,0.0,0.0,0.0,0.0,0.0,0.0,0.0,0.0,0.0,2073.0,0.0,0.0,0.0,0.0,7700.0,20.0,0.0,7412.0,0.0,0.0,0.0,0.0,0.0,0.0,0.0,0.0,1.0,0.0,0.0,0.0,0.0,0.0,0.0,16071.0,15750.0,6333.0,19227.0,6338.0,15266.0,15961.0,15805.0,30005.0,0.0,21603.0,0.0,14735.0,15339.0,14866.0,11946.0,0.0,14778.0,22834.0,23726.0,38154.0,0.0,39361.0,21476.0,20898.0,21415.0,21420.0,64482.0,75255.0,21496.0,20542.0,20298.0,0.0,0.0,0.0,0.0,19156.0,23423.0,24329.0,0.0,47115.0,25595.0,25206.0,52008.0,25886.0,24037.0,24034.0,26211.0,46594.0,50404.0,270231.0,431175.0,658090.0,534571.0,197835.0,0.0,795893.0,670782.0,250225.0,0.0,624361.0,522051.0,41870.0,553651.0,785595.0,0.0,36939.0,420220.0,35708.0,1636218.0,387771.0,72563.0,1157807.0,400595.0,37258.0,235727.0,2819919.0,5577003.0,108212.0,631294.0,8521781.0,5532153.0,445266.0,407971.0,309848.0,3737744.0,413428.0,8621861.0,477991.0,555363.0,5351445.0,5671217.0,790267.0,464003.0,1472354.0,0.0,822894.0,3074851.0,860131.0,86991.0,66175.0,65166.0,0.0,66342.0,7593507.0,0.0,88192.0,0.0,1062544.0,8600986.0,0.0,0.0,3927104.0,0.0,384671.0,0.0,5702928.0,114211.0,5308042.0,1.0,0.0,0.0,244248.0,490792.0,275823.0,693826.0,490655.0,0.0,0.0,320997.0,347668.0,243433.0,339621.0,241574.0,0.0,379254.0,0.0,107005.0,134895.0,1.0,0.0,0.0,0.0,10.0,0.0,0.0,41900.0,86208.0,42997.0,0.0,388167.0,532874.0,0.0,333367.0,304253.0,42338.0,0.0,385550.0,393614.0,462834.0,452665.0,496376.0,0.0
26,Oceanía,Agricultura y Silvicultura,6851561.0,0.0,7177500.0,7018099.0,0.0,0.0,0.0,0.0,0.0,0.0,0.0,0.0,0.0,0.0,0.0,0.0,0.0,0.0,0.0,0.0,0.0,0.0,0.0,0.0,0.0,0.0,502500.0,2812778.0,268000.0,604057.0,0.0,0.0,0.0,0.0,0.0,0.0,0.0,0.0,0.0,0.0,0.0,0.0,0.0,0.0,0.0,0.0,0.0,0.0,0.0,0.0,917763.0,0.0,0.0,0.0,0.0,1592928.0,0.0,0.0,0.0,139248.0,0.0,0.0,0.0,0.0,0.0,2275211.0,0.0,397020.0,20587.0,0.0,33012.0,30212.0,0.0,6237974.0,0.0,0.0,0.0,0.0,1535122.0,2947010.0,772000.0,772000.0,14763.0,74335.0,0.0,6385042.0,44475.0,0.0,0.0,0.0,0.0,0.0,0.0,5441.0,8448000.0,0.0,0.0,0.0,10457579.0,0.0,0.0,8728831.0,0.0,0.0,3484983.0,1710528.0,5895800.0,0.0,0.0,0.0,0.0,0.0,0.0,0.0,9211711.0,59.0,0.0,84000.0,0.0,0.0,0.0,7649262.0,0.0,0.0,72751.0,8002500.0,0.0,0.0,0.0,0.0,87200.0,0.0,0.0,0.0,0.0,44.0,0.0,0.0,0.0,0.0,0.0,0.0,0.0,0.0,6754000.0,0.0,16610.0,0.0,0.0,70628.0,9867000.0,0.0,0.0,0.0,9999000.0,0.0,40.0,10.0,10734879.0,0.0,0.0,0.0,11582805.0,0.0,0.0,10386266.0,0.0,0.0,0.0,0.0,1.0,8511927.0,0.0,0.0,0.0,0.0,8510941.0,0.0,0.0,0.0,0.0,0.0,8341792.0,0.0,0.0,0.0,0.0,0.0,0.0,0.0,0.0,0.0,0.0,0.0,0.0,0.0,0.0,12.0,0.0,0.0,0.0,0.0,152.0,0.0,0.0,0.0,8926500.0,0.0,0.0,7419604.0,0.0
27,Oceanía,Servicios y Productos no Clasificados,0.0,5.0,75.0,0.0,0.0,251.0,7600.0,122.0,24000.0,0.0,5.0,0.0,0.0,11.0,0.0,0.0,12.0,25.0,86.0,162.0,29.0,76.0,53.0,39.0,45.0,14.0,0.0,0.0,26.0,426.0,7.0,0.0,3.0,22.0,0.0,1.0,1575.0,0.0,0.0,12.0,16.0,0.0,50.0,0.0,9.0,21.0,285.0,36.0,20.0,0.0,0.0,13.0,3.0,4.0,0.0,1.0,0.0,0.0,0.0,6.0,6.0,1.0,0.0,403.0,0.0,0.0,0.0,42.0,48.0,0.0,0.0,0.0,0.0,1.0,6.0,0.0,2.0,0.0,1.0,20.0,20.0,3.0,50.0,0.0,8.0,287.0,37.0,0.0,172.0,131.0,24.0,32.0,4.0,191.0,0.0,97005.0,160414.0,91.0,4.0,584177.0,324074.0,324300.0,211480.0,210000.0,52.0,210926.0,2088.0,400.0,111.0,175.0,6183725.0,99097.0,4273878.0,60790.0,6584029.0,210782.0,8065133.0,6337949.0,116179.0,115544.0,5403669.0,6619553.0,347975.0,770368.0,1313992.0,291654.0,650909.0,383868.0,542491.0,139650.0,170011.0,390537.0,146269.0,441098.0,217351.0,634306.0,277359.0,716068.0,627721.0,1160515.0,786225.0,397604.0,6736.0,983039.0,289600.0,325800.0,0.0,0.0,51180.0,1382.0,167952.0,10647.0,26963.0,24730.0,11551.0,11289.0,5860.0,12005.0,8712.0,7800.0,14897.0,13462.0,7196.0,14884.0,9762.0,3221.0,0.0,0.0,1828.0,1519.0,2912.0,2033.0,2886.0,4715.0,3211.0,15539.0,4521.0,3603.0,8608.0,14301.0,12016.0,58199.0,12794.0,9637.0,8006.0,13478.0,8052.0,8800.0,7561.0,14049.0,18150.0,31000.0,27431.0,26684.0,28197.0,25751.0,17416.0,24209.0,10518.0,24748.0,137194.0,8654.0,27861.0,18854.0,14080.0,65953.0,7746.0,90462.0,11397.0,16673.0,15735.0
28,Oceanía,"Ganadería, Apicultura, Caza, Pesca",0.0,0.0,0.0,0.0,0.0,0.0,0.0,0.0,0.0,0.0,0.0,0.0,0.0,0.0,0.0,0.0,0.0,0.0,0.0,0.0,0.0,0.0,0.0,0.0,0.0,0.0,0.0,0.0,0.0,0.0,0.0,0.0,0.0,0.0,0.0,0.0,0.0,0.0,0.0,0.0,0.0,0.0,0.0,0.0,0.0,0.0,0.0,0.0,0.0,0.0,0.0,0.0,0.0,0.0,0.0,0.0,0.0,0.0,0.0,0.0,0.0,0.0,0.0,0.0,0.0,0.0,0.0,0.0,0.0,0.0,0.0,0.0,0.0,0.0,414000.0,1545550.0,0.0,0.0,0.0,0.0,0.0,0.0,0.0,0.0,1670620.0,0.0,0.0,0.0,1065350.0,0.0,0.0,0.0,0.0,0.0,0.0,0.0,88075.0,0.0,0.0,0.0,899928.0,0.0,0.0,0.0,0.0,0.0,0.0,0.0,0.0,0.0,0.0,0.0,0.0,0.0,0.0,0.0,0.0,0.0,0.0,0.0,0.0,0.0,0.0,0.0,0.0,0.0,0.0,0.0,0.0,0.0,0.0,0.0,0.0,0.0,0.0,0.0,0.0,0.0,0.0,0.0,0.0,0.0,0.0,0.0,0.0,0.0,0.0,0.0,0.0,0.0,0.0,0.0,0.0,0.0,0.0,0.0,0.0,0.0,0.0,0.0,0.0,0.0,0.0,0.0,0.0,0.0,0.0,0.0,0.0,0.0,0.0,0.0,0.0,0.0,0.0,0.0,0.0,0.0,0.0,0.0,0.0,0.0,0.0,0.0,0.0,0.0,0.0,0.0,0.0,0.0,0.0,0.0,0.0,0.0,0.0,0.0,0.0,0.0,0.0,0.0,0.0,0.0,0.0,0.0,0.0,0.0,0.0,0.0,0.0,0.0,0.0
29,Oceanía,( Blank ),0.0,0.0,0.0,0.0,0.0,0.0,0.0,0.0,0.0,0.0,0.0,0.0,0.0,0.0,0.0,0.0,0.0,0.0,0.0,0.0,0.0,0.0,0.0,0.0,0.0,0.0,0.0,0.0,0.0,0.0,0.0,0.0,0.0,0.0,0.0,0.0,0.0,0.0,0.0,0.0,0.0,0.0,0.0,0.0,0.0,0.0,0.0,0.0,0.0,0.0,0.0,0.0,0.0,0.0,0.0,0.0,0.0,0.0,0.0,0.0,0.0,0.0,0.0,0.0,0.0,0.0,0.0,0.0,0.0,0.0,0.0,0.0,0.0,0.0,0.0,0.0,0.0,0.0,0.0,0.0,0.0,0.0,0.0,0.0,0.0,0.0,0.0,40492634.0,0.0,0.0,0.0,0.0,0.0,0.0,0.0,0.0,0.0,0.0,0.0,0.0,0.0,0.0,0.0,0.0,0.0,0.0,0.0,0.0,0.0,0.0,0.0,0.0,0.0,0.0,0.0,0.0,0.0,0.0,0.0,0.0,0.0,0.0,0.0,0.0,0.0,0.0,0.0,0.0,0.0,0.0,0.0,0.0,0.0,0.0,0.0,0.0,0.0,0.0,0.0,0.0,0.0,0.0,0.0,0.0,0.0,0.0,0.0,0.0,0.0,0.0,0.0,0.0,0.0,0.0,0.0,0.0,0.0,0.0,0.0,0.0,0.0,0.0,0.0,0.0,0.0,0.0,0.0,0.0,0.0,0.0,0.0,0.0,0.0,0.0,0.0,0.0,0.0,0.0,0.0,0.0,0.0,0.0,0.0,0.0,0.0,0.0,0.0,0.0,0.0,0.0,0.0,0.0,0.0,0.0,0.0,0.0,0.0,0.0,0.0,0.0,0.0,0.0,0.0,0.0,0.0,0.0,0.0,0.0,0.0,0.0,0.0
30,América del Norte,Industrias Manufactureras,759959105.0,738482015.0,751118690.0,806263222.0,1137689766.0,1074478492.0,1011953319.0,1212465448.0,1025727344.0,1181676922.0,1044107715.0,1207989294.0,1039535457.0,1081889280.0,1167669006.0,991909504.0,969406508.0,821251417.0,864447804.0,926039351.0,804862046.0,989426750.0,1030242338.0,1021431447.0,567041262.0,509922444.0,545897036.0,545749676.0,622455892.0,605777203.0,600753760.0,651892702.0,561236681.0,1177999350.0,1110973178.0,1132182581.0,819237038.0,666363939.0,710743328.0,766909839.0,800316920.0,757414490.0,827061398.0,652764279.0,724754023.0,824304353.0,794983704.0,859362672.0,1114935995.0,843409034.0,1132266424.0,872914661.0,946471316.0,1049979506.0,980547271.0,1617089020.0,914756352.0,1044491058.0,1047751398.0,947787239.0,936379304.0,939755727.0,1092682383.0,1047650359.0,1059073856.0,1004675893.0,909778195.0,1071728591.0,1069012261.0,1175940476.0,1174892196.0,1170591960.0,1047909466.0,1016013181.0,1166190731.0,1094140803.0,1910245615.0,1203113800.0,1125655727.0,1199730375.0,1175835485.0,1360947259.0,1174834208.0,1127925668.0,1538141266.0,1359353778.0,1538419702.0,0.0,1548381725.0,1525063146.0,1663777134.0,1626244677.0,1581757722.0,1867439905.0,1797150647.0,1592622335.0,1680225107.0,1577378545.0,1609282977.0,1815009251.0,1631007552.0,1771118996.0,1864239427.0,1722907705.0,1780768136.0,1729511255.0,2002666341.0,1380183039.0,1150812476.0,1114561144.0,1130277735.0,1075126259.0,1012184580.0,1252291542.0,1207003885.0,1169194025.0,1351324519.0,1449422838.0,1392897965.0,1487807565.0,1390398899.0,1570072412.0,1851266731.0,1660285895.0,1457332108.0,1501568864.0,1570283305.0,1588381545.0,1596978324.0,1542464579.0,1684116944.0,1544871286.0,1857712940.0,1829021969.0,2154828443.0,1807765935.0,2081606646.0,2103276519.0,2008115158.0,2399082281.0,2041628425.0,2169722865.0,2061118213.0,1982304809.0,1970031789.0,1942368457.0,2048184806.0,1965248616.0,2170024902.0,2078583293.0,2123303977.0,2226374948.0,1980742104.0,2264402103.0,2110772106.0,1956868488.0,2046431031.0,1926159593.0,2084245360.0,2087892151.0,2250891964.0,1989903227.0,2403591593.0,2212488740.0,2076844682.0,2332678887.0,2199931008.0,2146464252.0,1959399244.0,1898800628.0,2138940243.0,2130328337.0,2150579433.0,2116138366.0,2215863722.0,2233615146.0,2210186771.0,2312551261.0,2069849147.0,2189860221.0,1985535814.0,1926204497.0,2017295258.0,2026069613.0,1967350801.0,2218559664.0,2154058172.0,2019622389.0,1980582512.0,2098552196.0,1986171607.0,1970500363.0,2042670938.0,2087121964.0,1987766506.0,2121457044.0,2137805467.0,1991291923.0,2003865814.0,2262568951.0,2173888269.0,2058241925.0,2126241496.0,1980455993.0,2144878716.0,2039809293.0,2444015627.0,2058447773.0,2258810418.0,2250780927.0,2566075032.0
31,América del Norte,Industrias Extractivas,5669696.0,783324.0,823258.0,2025820.0,1698617.0,1790452.0,1426992.0,1844890.0,1771759.0,1767219.0,3230769.0,980841.0,1766258.0,1876979.0,2265022.0,1916944.0,2232704.0,1973685.0,3017912.0,2045299.0,1773664.0,1648436.0,1642132.0,1256458.0,1206552.0,1182720.0,1279433.0,1824571.0,1423620.0,1152253.0,1730321.0,1121521.0,1196466.0,3383896.0,1462847.0,2088755.0,3011786.0,1870793.0,3026157.0,3195238.0,2192637.0,1387173.0,1602173.0,2513600.0,1468466.0,1825410.0,1514020.0,2285265.0,788966.0,672405.0,1127485.0,1033924.0,1092488.0,1160957.0,1308761.0,1196256.0,1170377.0,1136800.0,1060532.0,900360.0,3903542.0,874925.0,4182681.0,3129925.0,869107.0,985927.0,3157439.0,2506768.0,1209615.0,6949233.0,1282883.0,2938233.0,2934776.0,5272998.0,1282696.0,954870.0,1400874.0,4432129.0,5904704.0,1351658.0,3598048.0,2667754.0,3884904.0,2261451.0,3238258.0,4468206.0,1757696.0,0.0,3064266.0,4667922.0,4984558.0,4096977.0,4240878.0,3952644.0,8719128.0,996056.0,3811584.0,590098.0,1301174.0,736345.0,5658822.0,750676.0,3869186.0,1034642.0,3579757.0,4494547.0,1216213.0,1015056.0,4363875.0,980460.0,1089700.0,1047439.0,1014298.0,1856191.0,4308665.0,1183734.0,913811.0,1289483.0,696106.0,526390.0,3037310.0,1012932.0,1092881.0,1411211.0,782720.0,1257561.0,3361547.0,1239361.0,1262154.0,7906535.0,1101679.0,939618.0,1800630.0,1484533.0,1437578.0,4954490.0,1462273.0,3676665.0,1486490.0,3637221.0,7238643.0,1520726.0,7695731.0,1460850.0,11960873.0,989127.0,2442891.0,1858583.0,1526660.0,2422032.0,8164077.0,8264151.0,7437212.0,3835525.0,1937971.0,18630128.0,2161648.0,1152045.0,1665558.0,1399942.0,1237573.0,4209996.0,2419742.0,4864650.0,2775570.0,15379876.0,1515782.0,8608083.0,19684634.0,12641980.0,16235785.0,18227431.0,13311310.0,15980360.0,14411497.0,14257340.0,11791612.0,11517459.0,10834822.0,16897768.0,15977489.0,8511616.0,8426429.0,10432126.0,10962407.0,6635793.0,8517397.0,3242900.0,4819222.0,8299920.0,2112707.0,8597998.0,2498707.0,1267374.0,5981468.0,5566573.0,2722356.0,3527157.0,3958922.0,5668403.0,7815812.0,10931045.0,8587855.0,6082357.0,3703540.0,2327408.0,2325017.0,5666783.0,2961989.0,2758214.0,1207457.0
32,América del Norte,Agricultura y Silvicultura,8572891.0,26464878.0,27264853.0,19148995.0,25487703.0,21819327.0,20171329.0,31379402.0,24303987.0,21724070.0,28716012.0,45512127.0,19943654.0,20352701.0,56689654.0,24450344.0,22466378.0,17151996.0,20008364.0,31184658.0,26339601.0,52683296.0,39593161.0,41331281.0,12960160.0,18404069.0,61082711.0,18453997.0,13332909.0,22552266.0,11531007.0,23600055.0,28473384.0,44315469.0,40783073.0,77969292.0,14617598.0,20389798.0,21780584.0,27520686.0,22880482.0,25276248.0,28897300.0,23948978.0,41343546.0,53867603.0,60326853.0,69759323.0,12737585.0,15492159.0,29205108.0,27774377.0,27143274.0,30383258.0,29104799.0,28500549.0,16735006.0,35330977.0,32191144.0,37000075.0,19464913.0,32997566.0,29485557.0,41616191.0,29496509.0,55334956.0,44595066.0,40698502.0,40019748.0,55880123.0,57863284.0,59627783.0,19650180.0,53089323.0,28530804.0,40051678.0,40456552.0,37489240.0,41214193.0,39754599.0,47974313.0,50072152.0,64827863.0,68502188.0,31872354.0,57056368.0,99649374.0,0.0,113772658.0,81197643.0,85046016.0,103535120.0,102975611.0,114211585.0,126300495.0,131144559.0,94212040.0,81356171.0,134492398.0,155963572.0,167581166.0,113477207.0,175915612.0,162967926.0,60392637.0,195327531.0,154837475.0,90374332.0,86918205.0,92657390.0,86644993.0,98266389.0,79079440.0,83544865.0,126323610.0,108640203.0,57980254.0,127922237.0,82573369.0,135559708.0,50164626.0,120225829.0,185321776.0,193033905.0,81858156.0,72380856.0,85895011.0,89058102.0,108375635.0,169450021.0,132627424.0,172479092.0,88861742.0,104374374.0,194788918.0,174389141.0,160899257.0,127456053.0,135945694.0,157438730.0,174321874.0,220245152.0,188239200.0,190113484.0,140502044.0,210878044.0,133103980.0,199990182.0,105010952.0,97064142.0,134589528.0,135925725.0,122540902.0,241984180.0,160207864.0,151857397.0,156900313.0,145304789.0,119592116.0,166580802.0,129447869.0,101766979.0,95233443.0,64194621.0,66629813.0,204167808.0,124164404.0,91056066.0,27515583.0,50246360.0,34431519.0,91485354.0,59657808.0,47209424.0,51143854.0,62386413.0,50735249.0,51601371.0,33592769.0,42153150.0,38884922.0,60523591.0,32828475.0,58623314.0,43796131.0,54370628.0,41951229.0,45711894.0,54890741.0,46043163.0,57592410.0,43046780.0,29254325.0,43563682.0,39354666.0,61260290.0,62409626.0,53956319.0,48573276.0,39418013.0,63892241.0,58555482.0,69402043.0,69985432.0,23537750.0,86485748.0,105036019.0,103655145.0,87197449.0,68101961.0,49537940.0
33,América del Norte,Servicios y Productos no Clasificados,7313903.0,6846046.0,57754091.0,21590980.0,18998744.0,7964805.0,11585605.0,10911662.0,4428189.0,7177916.0,7094999.0,20187718.0,3690006.0,16080680.0,2995337.0,328113.0,498233.0,2056197.0,1210217.0,1529221.0,467207.0,712475.0,1650182.0,1096049.0,219711.0,147818.0,37379.0,114608.0,32745.0,75686.0,164762.0,847625.0,734123.0,910136.0,480499.0,472096.0,861337.0,54211.0,161299.0,586864.0,442822.0,40792.0,219515.0,68638.0,2521538.0,1356293.0,880189.0,352722.0,214800.0,175937.0,2074648.0,602944.0,1556883.0,3037533.0,1459263.0,1390200.0,6987522.0,2123379.0,6738158.0,8095955.0,7386815.0,6672204.0,7242970.0,7181188.0,7542678.0,3114705.0,6714228.0,6207892.0,3768406.0,4677798.0,4142450.0,1896513.0,396975.0,381900.0,728488.0,786281.0,1538034.0,2083020.0,697222.0,2325859.0,503006.0,1411810.0,2517040.0,2379459.0,4826012.0,9401499.0,8002384.0,0.0,2379512.0,2496515.0,7203341.0,7277798.0,5010309.0,4908000.0,4605857.0,3705343.0,9144746.0,9396437.0,18963294.0,10172960.0,12599682.0,10601205.0,6810890.0,9349065.0,6780458.0,14848773.0,5691726.0,18382199.0,5774169.0,10815600.0,13308355.0,12743108.0,12205587.0,7690943.0,10483785.0,9843839.0,8419250.0,15654517.0,9150835.0,10797893.0,8521017.0,9465697.0,12967818.0,10604954.0,11200987.0,12863677.0,14712290.0,14959003.0,20398600.0,16521168.0,13179095.0,15969585.0,12346329.0,11939937.0,16753841.0,21051489.0,25718501.0,23653398.0,20061469.0,26051894.0,20951413.0,19180923.0,29015408.0,22336211.0,27574421.0,32578848.0,29066054.0,28096550.0,30746862.0,29657480.0,34142904.0,55184529.0,34857326.0,36129510.0,32014054.0,32903081.0,44048317.0,30409089.0,30762725.0,32317481.0,37082356.0,27643614.0,41180736.0,40760895.0,42246007.0,47111456.0,27568741.0,22891241.0,18590428.0,18343716.0,22731996.0,22394429.0,28310799.0,30292645.0,25139956.0,37927184.0,21150654.0,29164643.0,21356642.0,27683202.0,24718650.0,27491887.0,35017883.0,32009041.0,37944948.0,31834348.0,34970841.0,33201386.0,37610422.0,36146287.0,31478859.0,56413785.0,29996176.0,33563561.0,34439422.0,35554146.0,37173038.0,39461251.0,39909240.0,39493271.0,40648744.0,34861269.0,35127362.0,36403316.0,39585951.0,32473543.0,39902184.0,39646224.0,36061619.0,47117487.0,47241155.0
34,América del Norte,"Ganadería, Apicultura, Caza, Pesca",6500.0,51200.0,46960.0,314776.0,78476.0,486685.0,420422.0,268558.0,437387.0,315087.0,165481.0,445653.0,171308.0,293928.0,285304.0,143543.0,497845.0,289136.0,492418.0,364740.0,336526.0,558294.0,514146.0,439263.0,431280.0,118080.0,766823.0,144956.0,180048.0,392753.0,137723.0,170430.0,467998.0,45391.0,502345.0,731880.0,243869.0,643513.0,193799.0,432719.0,891133.0,294048.0,198409.0,918582.0,128439.0,818914.0,52252.0,286001.0,4277.0,3545.0,13182.0,41651.0,2448.0,2621.0,2068.0,18402.0,56825.0,87584.0,55543.0,16182.0,174450.0,388950.0,235788.0,88957.0,348168.0,292033.0,122756.0,433813.0,389396.0,182358.0,281557.0,187541.0,299719.0,159813.0,538446.0,92999.0,402000.0,26704.0,75827.0,196479.0,205214.0,565250.0,335774.0,80373.0,392065.0,33120.0,371560.0,0.0,33735.0,280082.0,66909.0,370486.0,385007.0,250050.0,131223.0,321073.0,766042.0,594924.0,69598.0,369166.0,137859.0,381964.0,504423.0,105087.0,135742.0,633571.0,413994.0,155961.0,368128.0,91005.0,535395.0,366539.0,1102332.0,31120.0,849164.0,1085734.0,1730885.0,630064.0,203833.0,352020.0,871080.0,1961660.0,823247.0,1356173.0,730502.0,788021.0,1017298.0,420900.0,493096.0,663081.0,812498.0,478581.0,10400.0,853031.0,1058000.0,279752.0,204533.0,312072.0,525055.0,409015.0,967763.0,781184.0,761558.0,174580.0,27800.0,409558.0,368105.0,335622.0,709812.0,1856.0,93925.0,356281.0,169775.0,287093.0,46652.0,9692.0,146334.0,520837.0,116461.0,565307.0,749795.0,221695.0,598023.0,82880.0,391048.0,537721.0,36980.0,1290846.0,900.0,0.0,900.0,0.0,0.0,0.0,0.0,4150.0,2300.0,0.0,0.0,0.0,0.0,4228.0,0.0,0.0,1256.0,0.0,0.0,0.0,0.0,5480.0,1968.0,0.0,0.0,37557.0,54094.0,28515.0,23884.0,15000.0,9121.0,7298.0,21961.0,34936.0,58226.0,60140.0,42360.0,26578.0,8915.0,18571.0,9845.0,2348.0,4130.0
35,América del Norte,( Blank ),0.0,0.0,0.0,0.0,0.0,0.0,0.0,0.0,0.0,0.0,0.0,0.0,0.0,0.0,0.0,0.0,0.0,0.0,0.0,0.0,0.0,0.0,0.0,0.0,0.0,0.0,0.0,0.0,0.0,0.0,0.0,0.0,0.0,0.0,0.0,0.0,0.0,0.0,0.0,0.0,0.0,0.0,0.0,0.0,0.0,0.0,0.0,0.0,0.0,0.0,0.0,0.0,0.0,0.0,0.0,0.0,0.0,0.0,0.0,0.0,0.0,0.0,0.0,0.0,0.0,0.0,0.0,0.0,0.0,0.0,0.0,0.0,0.0,0.0,0.0,0.0,0.0,0.0,0.0,0.0,0.0,0.0,0.0,0.0,0.0,0.0,0.0,1592409104.0,0.0,0.0,0.0,0.0,0.0,0.0,0.0,0.0,0.0,0.0,0.0,0.0,0.0,0.0,0.0,0.0,0.0,0.0,0.0,0.0,0.0,0.0,0.0,0.0,0.0,0.0,0.0,0.0,0.0,0.0,0.0,0.0,0.0,0.0,0.0,0.0,0.0,0.0,0.0,0.0,0.0,0.0,0.0,0.0,0.0,0.0,0.0,0.0,0.0,0.0,0.0,0.0,0.0,0.0,0.0,0.0,0.0,0.0,0.0,0.0,0.0,0.0,0.0,0.0,0.0,0.0,0.0,0.0,0.0,0.0,0.0,0.0,0.0,0.0,0.0,0.0,0.0,0.0,0.0,0.0,0.0,0.0,0.0,0.0,0.0,0.0,0.0,0.0,0.0,0.0,0.0,0.0,0.0,0.0,0.0,0.0,0.0,0.0,0.0,0.0,0.0,0.0,0.0,0.0,0.0,0.0,0.0,0.0,0.0,0.0,0.0,0.0,0.0,0.0,0.0,0.0,0.0,0.0,0.0,0.0,0.0,0.0,0.0
36,otro,Industrias Manufactureras,559379.0,1029768.0,339666.0,200410.0,54158.0,258014.0,319318.0,534373.0,218169.0,573521.0,470268.0,95795.0,292353.0,336363.0,54958.0,3515652.0,509861.0,251276.0,185125.0,317924.0,507633.0,298870.0,115228.0,532825.0,517.0,2879.0,13025.0,19633.0,3710.0,1889.0,983.0,2060.0,2158.0,1082865.0,235975.0,499854.0,231846.0,191005.0,331629.0,263233.0,363102.0,616923.0,415771.0,63225.0,183303.0,419567.0,853289.0,507850.0,0.0,0.0,0.0,0.0,0.0,19388.0,268.0,0.0,552.0,0.0,4133.0,2896.0,0.0,0.0,0.0,2337.0,4285.0,0.0,0.0,15246.0,87518.0,8537.0,1785.0,1788.0,0.0,21848.0,10.0,0.0,0.0,46128.0,0.0,0.0,0.0,0.0,0.0,0.0,4645.0,32878.0,58176.0,0.0,60542.0,10607.0,55208.0,0.0,27693.0,6395.0,52005.0,19794.0,17537.0,66449.0,58641.0,54526.0,98784.0,20949.0,52258.0,57035.0,1433.0,313172.0,41164.0,37946.0,0.0,0.0,34201.0,0.0,1177.0,0.0,1696.0,0.0,300.0,0.0,0.0,0.0,0.0,0.0,0.0,0.0,255384.0,10.0,0.0,58.0,0.0,0.0,0.0,30.0,0.0,1410.0,110208.0,0.0,36.0,5750.0,0.0,0.0,0.0,0.0,477.0,603734.0,0.0,0.0,26800.0,0.0,1000.0,17040.0,0.0,150.0,1204.0,0.0,292.0,0.0,0.0,0.0,0.0,19402.0,0.0,0.0,0.0,0.0,4792.0,476.0,0.0,37009.0,6.0,0.0,0.0,750.0,0.0,0.0,0.0,1093.0,0.0,0.0,1200.0,7170.0,0.0,0.0,0.0,0.0,0.0,0.0,0.0,0.0,0.0,0.0,67579.0,0.0,0.0,0.0,0.0,0.0,695.0,0.0,12837.0,3072.0,5.0,0.0,1000.0,397.0,0.0,37.0,0.0,0.0,1340.0,1936.0,0.0
37,otro,Industrias Extractivas,0.0,0.0,0.0,0.0,0.0,0.0,0.0,0.0,0.0,0.0,0.0,0.0,0.0,0.0,0.0,0.0,0.0,0.0,0.0,0.0,0.0,0.0,0.0,0.0,0.0,0.0,0.0,0.0,0.0,0.0,0.0,0.0,0.0,0.0,0.0,0.0,0.0,0.0,0.0,0.0,0.0,0.0,0.0,0.0,0.0,0.0,0.0,0.0,0.0,0.0,0.0,0.0,0.0,0.0,0.0,0.0,0.0,0.0,0.0,0.0,0.0,0.0,0.0,0.0,0.0,0.0,0.0,0.0,0.0,0.0,0.0,0.0,0.0,0.0,0.0,0.0,0.0,0.0,0.0,0.0,0.0,0.0,0.0,0.0,0.0,0.0,0.0,0.0,0.0,0.0,0.0,0.0,0.0,0.0,0.0,0.0,0.0,0.0,0.0,0.0,0.0,0.0,0.0,0.0,0.0,0.0,0.0,0.0,0.0,0.0,0.0,0.0,0.0,0.0,0.0,0.0,0.0,0.0,0.0,0.0,0.0,0.0,0.0,0.0,0.0,0.0,0.0,0.0,0.0,0.0,0.0,0.0,0.0,0.0,0.0,0.0,0.0,0.0,0.0,0.0,0.0,0.0,0.0,0.0,0.0,0.0,0.0,0.0,0.0,0.0,0.0,0.0,0.0,0.0,0.0,0.0,0.0,0.0,0.0,0.0,0.0,0.0,0.0,0.0,0.0,0.0,0.0,0.0,0.0,0.0,0.0,0.0,0.0,0.0,0.0,0.0,0.0,0.0,0.0,0.0,0.0,0.0,0.0,0.0,0.0,0.0,0.0,0.0,0.0,0.0,0.0,0.0,0.0,0.0,0.0,0.0,0.0,0.0,0.0,0.0,0.0,0.0,0.0,0.0,0.0,0.0,0.0,0.0,0.0,0.0,0.0
38,otro,Agricultura y Silvicultura,36.0,0.0,0.0,0.0,0.0,51040.0,10602.0,0.0,0.0,2870.0,0.0,1643.0,0.0,0.0,18744.0,0.0,0.0,0.0,0.0,0.0,0.0,9116.0,0.0,0.0,0.0,0.0,0.0,0.0,0.0,0.0,0.0,0.0,0.0,0.0,40568.0,0.0,1680.0,0.0,0.0,0.0,17250.0,0.0,0.0,0.0,0.0,0.0,169402.0,0.0,0.0,0.0,0.0,0.0,0.0,0.0,0.0,0.0,0.0,0.0,0.0,0.0,0.0,0.0,0.0,0.0,0.0,0.0,0.0,0.0,0.0,0.0,0.0,0.0,0.0,0.0,0.0,0.0,0.0,0.0,0.0,0.0,0.0,0.0,0.0,0.0,0.0,0.0,0.0,0.0,0.0,0.0,0.0,0.0,0.0,0.0,0.0,0.0,0.0,0.0,0.0,0.0,0.0,0.0,0.0,0.0,0.0,0.0,0.0,0.0,0.0,0.0,0.0,0.0,0.0,0.0,0.0,0.0,0.0,0.0,0.0,0.0,27650.0,30164.0,0.0,28577.0,0.0,0.0,0.0,0.0,0.0,0.0,0.0,0.0,0.0,0.0,0.0,0.0,0.0,0.0,0.0,0.0,0.0,0.0,0.0,0.0,0.0,0.0,0.0,0.0,0.0,0.0,0.0,0.0,0.0,0.0,0.0,0.0,0.0,0.0,0.0,0.0,0.0,0.0,0.0,0.0,0.0,0.0,0.0,0.0,0.0,0.0,0.0,0.0,0.0,0.0,0.0,0.0,0.0,0.0,0.0,0.0,0.0,0.0,0.0,0.0,0.0,0.0,0.0,0.0,0.0,0.0,0.0,0.0,0.0,0.0,0.0,0.0,0.0,0.0,0.0,0.0,0.0,0.0,0.0,0.0,0.0,0.0,0.0,0.0,0.0,0.0,0.0
39,otro,Servicios y Productos no Clasificados,0.0,0.0,0.0,0.0,0.0,0.0,0.0,0.0,0.0,0.0,0.0,0.0,0.0,0.0,0.0,0.0,0.0,0.0,0.0,0.0,0.0,0.0,0.0,0.0,0.0,0.0,0.0,0.0,0.0,0.0,0.0,0.0,6.0,1.0,0.0,50.0,0.0,0.0,0.0,0.0,0.0,0.0,0.0,0.0,0.0,5.0,0.0,0.0,0.0,0.0,0.0,0.0,0.0,0.0,0.0,0.0,0.0,0.0,0.0,0.0,0.0,0.0,0.0,0.0,0.0,0.0,0.0,0.0,0.0,0.0,0.0,0.0,0.0,0.0,0.0,0.0,0.0,0.0,0.0,0.0,0.0,0.0,0.0,0.0,0.0,0.0,0.0,0.0,0.0,0.0,0.0,0.0,0.0,0.0,0.0,0.0,0.0,0.0,0.0,3.0,0.0,0.0,0.0,2.0,0.0,386100.0,0.0,2273700.0,0.0,0.0,0.0,0.0,0.0,0.0,0.0,0.0,0.0,0.0,0.0,0.0,0.0,1.0,0.0,0.0,0.0,0.0,909230.0,0.0,357870.0,1073611.0,0.0,0.0,0.0,0.0,0.0,0.0,0.0,0.0,0.0,0.0,0.0,456300.0,1863225.0,146277.0,0.0,0.0,0.0,0.0,0.0,0.0,0.0,0.0,0.0,0.0,0.0,0.0,0.0,750.0,510.0,611.0,0.0,1895.0,448512.0,0.0,0.0,2595571.0,303557.0,0.0,0.0,0.0,0.0,11.0,0.0,20.0,0.0,0.0,0.0,0.0,0.0,94.0,455.0,14.0,0.0,318.0,11.0,5.0,220.0,235.0,805.0,215.0,15.0,0.0,0.0,0.0,0.0,260.0,0.0,3.0,0.0,0.0,14.0,0.0,0.0,50.0,0.0,4.0,0.0,0.0,0.0,46.0,0.0
40,otro,"Ganadería, Apicultura, Caza, Pesca",0.0,0.0,0.0,0.0,0.0,0.0,0.0,0.0,0.0,0.0,0.0,0.0,0.0,0.0,0.0,0.0,0.0,0.0,0.0,0.0,0.0,0.0,0.0,0.0,0.0,0.0,0.0,0.0,0.0,0.0,0.0,0.0,0.0,0.0,0.0,0.0,0.0,0.0,0.0,0.0,0.0,0.0,0.0,0.0,0.0,0.0,0.0,0.0,0.0,0.0,0.0,0.0,0.0,0.0,0.0,0.0,0.0,0.0,0.0,0.0,0.0,0.0,0.0,0.0,0.0,0.0,0.0,0.0,0.0,0.0,0.0,0.0,0.0,0.0,0.0,0.0,0.0,0.0,0.0,0.0,0.0,0.0,0.0,0.0,0.0,0.0,0.0,0.0,0.0,0.0,0.0,0.0,0.0,0.0,0.0,0.0,0.0,0.0,0.0,0.0,0.0,0.0,0.0,0.0,0.0,0.0,0.0,0.0,0.0,0.0,0.0,0.0,0.0,0.0,0.0,0.0,0.0,0.0,0.0,0.0,0.0,0.0,0.0,0.0,0.0,0.0,0.0,0.0,0.0,0.0,0.0,0.0,0.0,0.0,0.0,0.0,0.0,0.0,0.0,0.0,0.0,0.0,0.0,0.0,0.0,0.0,0.0,0.0,0.0,0.0,0.0,0.0,0.0,0.0,0.0,0.0,0.0,0.0,0.0,0.0,0.0,0.0,0.0,0.0,0.0,0.0,0.0,0.0,0.0,0.0,0.0,0.0,0.0,0.0,0.0,0.0,0.0,0.0,0.0,0.0,0.0,0.0,0.0,0.0,0.0,0.0,0.0,0.0,0.0,0.0,0.0,0.0,0.0,0.0,0.0,0.0,0.0,0.0,0.0,0.0,0.0,0.0,0.0,0.0,0.0,0.0,0.0,0.0,0.0,0.0,0.0
41,otro,( Blank ),0.0,0.0,0.0,0.0,0.0,0.0,0.0,0.0,0.0,0.0,0.0,0.0,0.0,0.0,0.0,0.0,0.0,0.0,0.0,0.0,0.0,0.0,0.0,0.0,0.0,0.0,0.0,0.0,0.0,0.0,0.0,0.0,0.0,0.0,0.0,0.0,0.0,0.0,0.0,0.0,0.0,0.0,0.0,0.0,0.0,0.0,0.0,0.0,0.0,0.0,0.0,0.0,0.0,0.0,0.0,0.0,0.0,0.0,0.0,0.0,0.0,0.0,0.0,0.0,0.0,0.0,0.0,0.0,0.0,0.0,0.0,0.0,0.0,0.0,0.0,0.0,0.0,0.0,0.0,0.0,0.0,0.0,0.0,0.0,0.0,0.0,0.0,0.0,0.0,0.0,0.0,0.0,0.0,0.0,0.0,0.0,0.0,0.0,0.0,0.0,0.0,0.0,0.0,0.0,0.0,0.0,0.0,0.0,0.0,0.0,0.0,0.0,0.0,0.0,0.0,0.0,0.0,0.0,0.0,0.0,0.0,0.0,0.0,0.0,0.0,0.0,0.0,0.0,0.0,0.0,0.0,0.0,0.0,0.0,0.0,0.0,0.0,0.0,0.0,0.0,0.0,0.0,0.0,0.0,0.0,0.0,0.0,0.0,0.0,0.0,0.0,0.0,0.0,0.0,0.0,0.0,0.0,0.0,0.0,0.0,0.0,0.0,0.0,0.0,0.0,0.0,0.0,0.0,0.0,0.0,0.0,0.0,0.0,0.0,0.0,0.0,0.0,0.0,0.0,0.0,0.0,0.0,0.0,0.0,0.0,0.0,0.0,0.0,0.0,0.0,0.0,0.0,0.0,0.0,0.0,0.0,0.0,0.0,0.0,0.0,0.0,0.0,0.0,0.0,0.0,0.0,0.0,0.0,0.0,0.0,0.0
