,Pais_comprador,Regiones,2006/Enero,2006/Febrero,2006/Marzo,2006/Abril,2006/Mayo,2006/Junio,2006/Julio,2006/Agosto,2006/Septiembre,2006/Octubre,2006/Noviembre,2006/Diciembre,2007/Enero,2007/Febrero,2007/Marzo,2007/Abril,2007/Mayo,2007/Junio,2007/Julio,2007/Agosto,2007/Septiembre,2007/Octubre,2007/Noviembre,2007/Diciembre,2008/Enero,2008/Febrero,2008/Marzo,2008/Abril,2008/Mayo,2008/Junio,2008/Julio,2008/Agosto,2008/Septiembre,2008/Octubre,2008/Noviembre,2008/Diciembre,2009/Enero,2009/Febrero,2009/Marzo,2009/Abril,2009/Mayo,2009/Junio,2009/Julio,2009/Agosto,2009/Septiembre,2009/Octubre,2009/Noviembre,2009/Diciembre,2010/Enero,2010/Febrero,2010/Marzo,2010/Abril,2010/Mayo,2010/Junio,2010/Julio,2010/Agosto,2010/Septiembre,2010/Octubre,2010/Noviembre,2010/Diciembre,2011/Enero,2011/Febrero,2011/Marzo,2011/Abril,2011/Mayo,2011/Junio,2011/Julio,2011/Agosto,2011/Septiembre,2011/Octubre,2011/Noviembre,2011/Diciembre,2012/Enero,2012/Febrero,2012/Marzo,2012/Abril,2012/Mayo,2012/Junio,2012/Julio,2012/Agosto,2012/Septiembre,2012/Octubre,2012/Noviembre,2012/Diciembre,2013/Enero,2013/Febrero,2013/Marzo,2013/Abril,2013/Mayo,2013/Junio,2013/Julio,2013/Agosto,2013/Septiembre,2013/Octubre,2013/Noviembre,2013/Diciembre,2014/Enero,2014/Febrero,2014/Marzo,2014/Abril,2014/Mayo,2014/Junio,2014/Julio,2014/Agosto,2014/Septiembre,2014/Octubre,2014/Noviembre,2014/Diciembre,2015/Enero,2015/Febrero,2015/Marzo,2015/Abril,2015/Mayo,2015/Junio,2015/Julio,2015/Agosto,2015/Septiembre,2015/Octubre,2015/Noviembre,2015/Diciembre,2016/Enero,2016/Febrero,2016/Marzo,2016/Abril,2016/Mayo,2016/Junio,2016/Julio,2016/Agosto,2016/Septiembre,2016/Octubre,2016/Noviembre,2016/Diciembre,2017/Enero,2017/Febrero,2017/Marzo,2017/Abril,2017/Mayo,2017/Junio,2017/Julio
0,América Latina,Altos Sur,559818.0,887991.0,1993451.0,94623.0,145265.0,224540.0,30844.0,257763.0,237818.0,201743.0,137060.0,151658.0,151996.0,152555.0,135047.0,310664.0,318391.0,162470.0,211434.0,162885.0,150684.0,299010.0,384378.0,400932.0,213486.0,347313.0,441286.0,212811.0,435706.0,407401.0,288262.0,621305.0,545473.0,724192.0,735288.0,354644.0,24763.0,124640.0,843914.0,815483.0,873961.0,318811.0,1555435.0,868855.0,409115.0,486173.0,533438.0,682520.0,300959.0,288670.0,210143.0,319820.0,153261.0,464658.0,708726.0,319170.0,431097.0,391701.0,449810.0,421647.0,480758.0,252356.0,626272.0,257189.0,390412.0,398277.0,236358.0,1354284.0,799377.0,541722.0,941363.0,536713.0,313629.0,659634.0,559403.0,1504494.0,1549766.0,342007.0,425840.0,748907.0,863283.0,966657.0,1432592.0,343520.0,512343.0,174477.0,424124.0,1995474.0,348813.0,764020.0,616315.0,332316.0,592360.0,334272.0,422154.0,579073.0,206760.0,198368.0,219151.0,163304.0,206340.0,454372.0,585834.0,502815.0,560261.0,386494.0,392682.0,588077.0,432658.0,109463.0,388934.0,414649.0,323890.0,400115.0,321364.0,415992.0,576787.0,586282.0,538934.0,708041.0,310286.0,211114.0,495337.0,322461.0,411979.0,368601.0,452313.0,246522.0,376975.0,766091.0,715393.0,329237.0,445551.0,257246.0,850643.0,396044.0,662993.0,199703.0,418444.0
1,América Latina,Centro,12566736.0,8912795.0,17903445.0,11935291.0,14216753.0,14385642.0,11538484.0,9895278.0,10376021.0,14581082.0,13747878.0,10661974.0,14765527.0,12788428.0,17039466.0,9006061.0,18101998.0,19435438.0,22467736.0,21172023.0,12836723.0,13555405.0,11822138.0,21711134.0,33296961.0,27902384.0,32770682.0,27664319.0,29527500.0,47593370.0,54231371.0,47590616.0,47404499.0,26547375.0,18192207.0,81088693.0,38063429.0,39097753.0,38751346.0,20222437.0,6886509.0,12305330.0,29971414.0,21695633.0,56049319.0,14472455.0,56059796.0,31462321.0,61575714.0,40377269.0,58566737.0,60978398.0,40387965.0,97705816.0,48484648.0,87066117.0,56824734.0,40874054.0,64974365.0,70047533.0,50573049.0,26875564.0,71707370.0,76058538.0,19968933.0,49262112.0,27160787.0,76895045.0,69051173.0,40641570.0,106618110.0,53819948.0,51707456.0,57151232.0,101838637.0,100610562.0,21617297.0,138346607.0,45562063.0,50824911.0,38901305.0,31913053.0,35734023.0,39405167.0,31300061.0,23222922.0,63608068.0,64577342.0,48306949.0,69921645.0,75674103.0,85031320.0,68177536.0,44532494.0,40413303.0,44682732.0,43337074.0,32854965.0,66546956.0,74196104.0,55806013.0,80411964.0,31296183.0,50049484.0,32791537.0,37499353.0,30890121.0,34964128.0,31873183.0,25027648.0,22605575.0,25215894.0,22453655.0,32904510.0,37180829.0,19777268.0,27611018.0,25180478.0,26930864.0,37724414.0,28791042.0,19388914.0,16123838.0,28138014.0,19647754.0,75392962.0,22129748.0,22249344.0,21138478.0,28776304.0,22538133.0,24410945.0,30143619.0,16827355.0,20741497.0,26238254.0,31131280.0,31210549.0,27204668.0
2,América Latina,Valles,0.0,0.0,0.0,58388.0,0.0,125402.0,81135.0,40055.0,64937.0,234295.0,99910.0,92310.0,0.0,86468.0,289885.0,174645.0,191785.0,579208.0,266591.0,251872.0,165794.0,531013.0,131234.0,389301.0,221403.0,451006.0,320236.0,437586.0,213817.0,384792.0,319889.0,288806.0,543325.0,157450.0,43448.0,195670.0,30208.0,76875.0,46512.0,31115.0,31867.0,22526.0,17838.0,15515.0,0.0,45731.0,42910.0,5395.0,40189.0,23851.0,73092.0,0.0,114220.0,31447.0,28244.0,96744.0,0.0,12260.0,64071.0,19798.0,8892.0,23400.0,528726.0,225086.0,33957.0,76909.0,49172.0,6084.0,83646.0,16455.0,60243.0,11859.0,0.0,37995.0,5084.0,4196.0,37801.0,97169.0,0.0,0.0,9195.0,11647.0,11250.0,64827.0,0.0,74776.0,447219.0,14.0,6730.0,8060.0,137448.0,65585.0,162166.0,138767.0,34004.0,19299.0,0.0,368443.0,346044.0,206456.0,0.0,113430.0,255543.0,388854.0,16200.0,372600.0,88237.0,275400.0,130372.0,10.0,0.0,0.0,44750.0,34923.0,1425001.0,1570599.0,3127460.0,14850.0,28667.0,19094.0,4085.0,36632.0,14600.0,112867.0,318746.0,300196.0,274825.0,366013.0,322715.0,449591.0,273074.0,357137.0,551351.0,299703.0,706971.0,341599.0,392527.0,339059.0,381950.0
3,América Latina,Sur,1132854.0,905186.0,1256209.0,1031970.0,878932.0,1255748.0,1205387.0,1359888.0,836309.0,1151133.0,762920.0,171587.0,104721.0,308494.0,224314.0,393198.0,449832.0,370694.0,356773.0,373325.0,272020.0,521952.0,408343.0,315165.0,391467.0,440291.0,229551.0,333808.0,628235.0,564656.0,246525.0,567385.0,529743.0,656521.0,547131.0,298972.0,364267.0,452335.0,384647.0,281544.0,94102.0,563363.0,345662.0,141142.0,1872454.0,2214794.0,2092657.0,2065540.0,1765866.0,1606792.0,1888961.0,1953097.0,2411666.0,2286836.0,1979660.0,2253023.0,2509105.0,1936701.0,2678396.0,2011274.0,2659409.0,2959483.0,2238686.0,1918985.0,1984783.0,1894253.0,1667661.0,2048295.0,2158637.0,1979999.0,2079550.0,1739991.0,1996313.0,1857533.0,2676236.0,1997392.0,2102714.0,2037522.0,2221480.0,2268633.0,3183099.0,2994480.0,2238126.0,1313676.0,2249644.0,2538486.0,2643135.0,2734152.0,2382147.0,3248000.0,2396709.0,2762900.0,2439338.0,2945075.0,2238465.0,2287979.0,2571014.0,1652335.0,1546403.0,1912508.0,1664174.0,2220101.0,2168558.0,2256174.0,2478151.0,2843455.0,2100847.0,2268169.0,1434956.0,1371667.0,1873106.0,1495743.0,1835388.0,2317519.0,2380291.0,2415505.0,2310328.0,1819373.0,2482866.0,2015984.0,1585543.0,2050677.0,2150769.0,1467877.0,1754435.0,1658001.0,1585740.0,2465746.0,2292671.0,2268807.0,1480729.0,1934498.0,1200564.0,1942309.0,2366508.0,1692884.0,1912713.0,2053509.0,1972336.0
4,América Latina,Sierra de Amula,0.0,0.0,0.0,0.0,0.0,0.0,0.0,0.0,0.0,0.0,0.0,0.0,0.0,0.0,0.0,0.0,0.0,0.0,0.0,0.0,0.0,0.0,0.0,0.0,0.0,0.0,0.0,0.0,0.0,0.0,0.0,0.0,0.0,0.0,0.0,0.0,0.0,0.0,0.0,0.0,0.0,0.0,4225.0,0.0,0.0,6705.0,0.0,656.0,9249.0,6206.0,0.0,13370.0,0.0,19774.0,1139.0,11056.0,0.0,0.0,1010.0,0.0,14066.0,0.0,0.0,23041.0,0.0,22524.0,4032.0,0.0,0.0,0.0,20332.0,0.0,26384.0,29304.0,43003.0,23336.0,0.0,14860.0,0.0,0.0,17049.0,8424.0,0.0,20093.0,31868.0,503.0,13287.0,0.0,26733.0,0.0,53395.0,0.0,0.0,0.0,13862.0,0.0,31259.0,0.0,18468.0,27519.0,0.0,17254.0,17509.0,0.0,0.0,6388.0,0.0,0.0,0.0,0.0,13326.0,17179.0,10203.0,33613.0,0.0,0.0,0.0,13948.0,27898.0,0.0,0.0,2045.0,3041.0,5822.0,7829.0,7081.0,8099.0,9385.0,5641.0,6055.0,0.0,0.0,1278.0,2008.0,19587.0,15865.0,8984.0,0.0,8259.0
5,América Latina,Sierra Occidental,0.0,0.0,0.0,0.0,0.0,0.0,0.0,0.0,0.0,0.0,0.0,0.0,0.0,0.0,0.0,0.0,0.0,0.0,0.0,0.0,0.0,0.0,0.0,0.0,0.0,0.0,0.0,0.0,0.0,0.0,0.0,0.0,0.0,0.0,0.0,0.0,0.0,0.0,0.0,0.0,0.0,0.0,0.0,0.0,0.0,0.0,0.0,0.0,0.0,0.0,0.0,0.0,0.0,0.0,0.0,0.0,0.0,0.0,0.0,0.0,0.0,0.0,0.0,0.0,0.0,0.0,0.0,0.0,0.0,0.0,0.0,0.0,0.0,0.0,0.0,0.0,0.0,0.0,0.0,0.0,0.0,0.0,0.0,0.0,0.0,0.0,0.0,0.0,0.0,0.0,0.0,0.0,0.0,0.0,0.0,0.0,0.0,0.0,0.0,0.0,0.0,0.0,0.0,0.0,0.0,0.0,0.0,0.0,0.0,0.0,0.0,0.0,0.0,0.0,0.0,0.0,0.0,0.0,0.0,0.0,0.0,0.0,0.0,0.0,0.0,0.0,0.0,0.0,0.0,0.0,0.0,0.0,0.0,0.0,0.0,0.0,0.0,0.0,0.0
6,América Latina,Ciénega,5400194.0,8711949.0,8801954.0,7039453.0,7096887.0,4906335.0,5469977.0,7834227.0,6998751.0,7526147.0,8280051.0,5030234.0,8456833.0,9081110.0,9373230.0,8721848.0,11309488.0,8051386.0,10269755.0,9964936.0,11355973.0,10988498.0,11002296.0,6234278.0,11157398.0,8456124.0,9773387.0,8509144.0,2061053.0,1677781.0,1706357.0,1743426.0,907099.0,1572229.0,1693709.0,739105.0,752301.0,904121.0,283602.0,668962.0,387533.0,859838.0,18944.0,162284.0,277319.0,471404.0,418071.0,396912.0,499946.0,341537.0,225196.0,314040.0,414550.0,528393.0,510988.0,593392.0,445898.0,763055.0,685956.0,406309.0,142845.0,496081.0,469355.0,303998.0,346696.0,610008.0,175769.0,374843.0,482821.0,155500.0,180546.0,317324.0,296409.0,563918.0,321081.0,516468.0,397220.0,404736.0,497996.0,227383.0,290031.0,535099.0,1089247.0,1759805.0,657235.0,855171.0,993331.0,408079.0,419525.0,432071.0,320146.0,868812.0,313888.0,154413.0,350782.0,691230.0,145208.0,620185.0,552692.0,449853.0,555940.0,365947.0,425469.0,369799.0,520741.0,781299.0,467897.0,760542.0,583704.0,668021.0,602877.0,293929.0,340060.0,375407.0,729695.0,385793.0,520141.0,326719.0,263950.0,697417.0,229183.0,252580.0,495239.0,407148.0,382663.0,236033.0,229072.0,343471.0,283641.0,206895.0,346557.0,548739.0,371807.0,826927.0,477099.0,141463.0,266856.0,666932.0,444992.0
7,América Latina,Costa Sur,0.0,0.0,0.0,0.0,0.0,0.0,0.0,0.0,0.0,0.0,0.0,0.0,0.0,0.0,0.0,0.0,0.0,0.0,0.0,0.0,0.0,0.0,0.0,0.0,0.0,0.0,0.0,0.0,0.0,0.0,0.0,0.0,0.0,0.0,0.0,0.0,0.0,0.0,0.0,0.0,0.0,0.0,0.0,0.0,0.0,0.0,0.0,0.0,0.0,0.0,0.0,0.0,0.0,0.0,0.0,0.0,0.0,0.0,0.0,0.0,0.0,0.0,0.0,0.0,0.0,0.0,0.0,0.0,0.0,0.0,0.0,0.0,0.0,0.0,0.0,0.0,0.0,0.0,0.0,0.0,0.0,0.0,0.0,0.0,0.0,0.0,0.0,0.0,0.0,0.0,0.0,0.0,0.0,0.0,0.0,0.0,0.0,0.0,0.0,0.0,0.0,0.0,0.0,0.0,0.0,0.0,0.0,0.0,0.0,0.0,0.0,0.0,0.0,0.0,0.0,0.0,0.0,0.0,0.0,0.0,0.0,0.0,0.0,0.0,0.0,0.0,0.0,0.0,0.0,0.0,0.0,0.0,0.0,0.0,0.0,0.0,0.0,0.0,0.0
8,América Latina,Norte,0.0,0.0,0.0,0.0,0.0,0.0,0.0,0.0,0.0,0.0,0.0,0.0,0.0,0.0,0.0,0.0,0.0,0.0,0.0,0.0,0.0,0.0,0.0,0.0,0.0,0.0,0.0,0.0,0.0,0.0,0.0,0.0,0.0,0.0,0.0,0.0,0.0,0.0,0.0,0.0,0.0,36061.0,21480.0,43036.0,21201.0,0.0,0.0,0.0,0.0,0.0,0.0,26671.0,0.0,0.0,0.0,0.0,0.0,0.0,26065.0,76083.0,46200.0,0.0,0.0,0.0,0.0,0.0,0.0,31632.0,0.0,0.0,0.0,0.0,0.0,0.0,29191.0,0.0,0.0,0.0,29235.0,28703.0,0.0,0.0,0.0,0.0,0.0,0.0,28939.0,30695.0,0.0,0.0,0.0,0.0,0.0,0.0,0.0,0.0,0.0,0.0,0.0,0.0,0.0,0.0,57616.0,28579.0,0.0,0.0,0.0,0.0,0.0,0.0,0.0,517012.0,464686.0,553342.0,859037.0,594286.0,436676.0,338088.0,0.0,0.0,0.0,0.0,0.0,1111015.0,1739743.0,1762882.0,4955.0,0.0,0.0,0.0,0.0,20665.0,0.0,0.0,0.0,0.0,0.0,0.0,0.0
9,América Latina,Costa Norte,248989.0,259453.0,202918.0,213553.0,525130.0,335591.0,331817.0,282895.0,158494.0,296001.0,374777.0,247383.0,408574.0,615375.0,250238.0,336840.0,115531.0,24452.0,272698.0,205472.0,42.0,137017.0,254466.0,440.0,0.0,0.0,0.0,0.0,0.0,0.0,0.0,0.0,0.0,0.0,0.0,0.0,0.0,0.0,0.0,0.0,0.0,0.0,0.0,81706.0,50.0,0.0,0.0,0.0,0.0,0.0,0.0,0.0,0.0,429.0,9652.0,0.0,0.0,0.0,0.0,0.0,0.0,11068.0,132172.0,13991.0,126658.0,500.0,0.0,353547.0,0.0,0.0,0.0,0.0,10692.0,111811.0,0.0,0.0,0.0,0.0,0.0,0.0,0.0,142178.0,0.0,0.0,136073.0,0.0,0.0,0.0,0.0,0.0,0.0,0.0,0.0,0.0,0.0,0.0,0.0,0.0,0.0,0.0,0.0,0.0,0.0,0.0,0.0,0.0,0.0,0.0,0.0,0.0,0.0,0.0,0.0,0.0,0.0,0.0,0.0,0.0,0.0,0.0,0.0,0.0,0.0,0.0,0.0,0.0,0.0,0.0,0.0,0.0,0.0,0.0,0.0,0.0,0.0,0.0,0.0,0.0,0.0
10,América Latina,Sureste,0.0,0.0,0.0,0.0,14100.0,0.0,69600.0,34800.0,87000.0,99780.0,17400.0,34500.0,17100.0,0.0,69600.0,76950.0,119400.0,43350.0,33600.0,48900.0,32100.0,180900.0,125400.0,148050.0,213900.0,187200.0,144000.0,131400.0,99210.0,234550.0,297000.0,157800.0,13440.0,231847.0,0.0,125400.0,0.0,0.0,0.0,0.0,0.0,868000.0,946400.0,1199120.0,109200.0,0.0,0.0,0.0,0.0,226800.0,529200.0,2240000.0,0.0,0.0,0.0,0.0,0.0,0.0,0.0,0.0,0.0,0.0,0.0,0.0,356790.0,592992.0,0.0,1010134.0,0.0,0.0,0.0,496300.0,372225.0,0.0,0.0,0.0,824770.0,310948.0,1574901.0,1071204.0,1001776.0,2088.0,53189.0,130743.0,144272.0,370119.0,109789.0,0.0,0.0,0.0,0.0,0.0,0.0,140250.0,0.0,0.0,0.0,0.0,0.0,0.0,0.0,0.0,0.0,0.0,0.0,0.0,0.0,0.0,0.0,0.0,240740.0,702186.0,2068802.0,1790220.0,9789265.0,12292375.0,6529715.0,0.0,0.0,0.0,0.0,0.0,0.0,0.0,0.0,212084.0,0.0,0.0,0.0,0.0,0.0,0.0,0.0,0.0,0.0,0.0,0.0,0.0,0.0
11,América Latina,Altos Norte,718777.0,668903.0,793197.0,575052.0,960194.0,524200.0,930881.0,623353.0,866854.0,950171.0,760870.0,676622.0,485764.0,870590.0,579125.0,875167.0,766711.0,1035296.0,713664.0,858099.0,633866.0,1151720.0,937532.0,1003679.0,950966.0,1136102.0,757132.0,1390937.0,1935766.0,777289.0,796609.0,957898.0,962393.0,1165255.0,1328627.0,1229478.0,222769.0,538646.0,1211330.0,1092745.0,831841.0,755303.0,966985.0,1099918.0,1001339.0,1179122.0,1512571.0,844966.0,787801.0,1145059.0,1528752.0,1105789.0,1244592.0,1630985.0,1361744.0,1723219.0,1422384.0,1139604.0,1360352.0,1692650.0,1501394.0,1390810.0,2309621.0,2066219.0,1901299.0,2160224.0,2072181.0,2884657.0,2171507.0,1734441.0,1703892.0,1863610.0,1195921.0,2234339.0,1885869.0,1785158.0,2144994.0,1645728.0,2120569.0,1324467.0,1882475.0,1785096.0,1858064.0,1453097.0,1332374.0,1945543.0,1814839.0,2252665.0,1367650.0,1594471.0,2784577.0,2239811.0,1949562.0,1047275.0,1767341.0,1523938.0,1366993.0,1787830.0,1405476.0,2118821.0,1490285.0,1360861.0,1997251.0,1666669.0,1877779.0,1990519.0,1323739.0,1974113.0,1802279.0,1214492.0,2031695.0,1612210.0,791148.0,1821230.0,1700584.0,2472393.0,2148496.0,2560526.0,1713446.0,2111356.0,1690930.0,2067084.0,1847614.0,2066966.0,1717880.0,1583036.0,1524884.0,2261722.0,2291419.0,2619301.0,2254237.0,2168767.0,2190832.0,1675477.0,2030695.0,2172487.0,1393724.0,1482537.0,2188941.0
12,América Latina,ZMG,35921527.0,36931420.0,42516342.0,37869102.0,48855435.0,46551930.0,36946776.0,41897524.0,39365229.0,44034264.0,49422558.0,41627978.0,40672965.0,40866254.0,44717030.0,54139566.0,48503928.0,47764962.0,52363245.0,49937413.0,38767258.0,48843044.0,43923941.0,42003893.0,48530114.0,68333143.0,74692731.0,105029062.0,90354739.0,78178099.0,96505516.0,106174884.0,121155135.0,64537805.0,49611908.0,41843447.0,40605174.0,36802052.0,40524527.0,37770678.0,38552787.0,46883251.0,42785365.0,49662601.0,50585869.0,59625564.0,59563499.0,65805170.0,52189422.0,55834609.0,71209238.0,82097301.0,89008993.0,78190682.0,106402254.0,72009159.0,66445289.0,66606447.0,63684361.0,75298766.0,61883118.0,73325296.0,93882366.0,83394050.0,134281458.0,91541075.0,80951394.0,98766444.0,81454377.0,88671793.0,101696353.0,80399668.0,81044412.0,80608385.0,121229129.0,92099539.0,111986687.0,105779108.0,104237336.0,92575478.0,101663306.0,88172039.0,82866523.0,88567901.0,104472890.0,82791834.0,105048431.0,109775888.0,108423109.0,109905320.0,111519417.0,117887162.0,140864373.0,132995080.0,108849932.0,79704404.0,56774280.0,68567154.0,77976108.0,82133821.0,82747078.0,71799599.0,76189423.0,75259613.0,67271469.0,71719309.0,75760992.0,66143220.0,44091137.0,54256024.0,53856588.0,62394056.0,69861881.0,59734729.0,55219961.0,45247920.0,38294196.0,45214702.0,40161030.0,41154886.0,29003342.0,36130941.0,34198810.0,38148942.0,43148669.0,45931081.0,43146053.0,42680613.0,39454955.0,36146917.0,36870409.0,40330742.0,31171860.0,39714694.0,51827036.0,32946803.0,47380097.0,52465406.0,40519507.0
13,América Latina,( Blank ),21423164.0,15946639.0,22926781.0,19819532.0,20723957.0,21156871.0,17430950.0,21646332.0,22452009.0,24065386.0,23655865.0,22534656.0,50124339.0,53098923.0,70918326.0,61922935.0,71856437.0,85869353.0,67760477.0,99002603.0,69529763.0,90403463.0,94003255.0,67882465.0,73856353.0,101132379.0,89535264.0,74382901.0,67745319.0,77514741.0,77459701.0,79134816.0,73860805.0,76778965.0,59933454.0,59984272.0,51932028.0,49106690.0,52428887.0,50309922.0,52432465.0,65811112.0,63362194.0,71627200.0,65734337.0,68668371.0,73387260.0,71482131.0,58919690.0,83408281.0,94833550.0,94844081.0,93673151.0,92622159.0,78322200.0,110866524.0,88063109.0,92201015.0,93864485.0,98129851.0,113621228.0,130247002.0,151912048.0,124633263.0,142940232.0,193310439.0,191568763.0,215058649.0,229097797.0,244215202.0,208520603.0,238550673.0,207066529.0,233570525.0,237025955.0,196880619.0,200999148.0,183248789.0,181768677.0,165003599.0,132289149.0,145727595.0,128102229.0,125228036.0,125408728.0,146337127.0,134252868.0,139439554.0,158537192.0,152352226.0,196721261.0,159662602.0,127567609.0,165082261.0,153644339.0,149161426.0,127114776.0,125996397.0,141926395.0,156610571.0,148121875.0,147063093.0,159914360.0,163147800.0,182504381.0,207879039.0,189859280.0,143863356.0,118547348.0,127735761.0,145892861.0,137641264.0,125626730.0,135460392.0,157263284.0,137378240.0,126570590.0,124504974.0,102425595.0,113354086.0,90233511.0,100294999.0,126090601.0,121958825.0,126441973.0,127470625.0,117674311.0,118205655.0,149277008.0,145007116.0,138750544.0,127231965.0,116193510.0,119959574.0,149885643.0,132720433.0,153906702.0,150184406.0,136336994.0
15,Asia,Altos Sur,33960.0,47122.0,1776192.0,70646.0,1065677.0,79855.0,308105.0,2144809.0,168683.0,2415380.0,1338992.0,1900835.0,1065540.0,789545.0,1999669.0,485820.0,1659875.0,1362253.0,111042.0,475151.0,1046236.0,147743.0,2509093.0,572780.0,2433009.0,1619393.0,2699033.0,1055786.0,4093861.0,1960816.0,163184.0,984285.0,1611068.0,2114630.0,3579136.0,1076034.0,32974.0,20775.0,438296.0,295879.0,336802.0,94184.0,2290680.0,1250341.0,1429386.0,1243547.0,1027437.0,743126.0,521899.0,226292.0,857530.0,3538745.0,1425351.0,544029.0,2740057.0,293009.0,1478546.0,1241362.0,1264524.0,1328152.0,2008559.0,1061177.0,1883393.0,3164891.0,389956.0,576580.0,652660.0,6092294.0,1548426.0,4263320.0,713990.0,3801201.0,4596385.0,1123298.0,2936801.0,843904.0,4139350.0,3550834.0,2905830.0,2895910.0,2096471.0,1541263.0,1056706.0,1552782.0,1253830.0,3339880.0,35904050.0,3240053.0,3563996.0,690877.0,4400754.0,29601422.0,4143503.0,1481269.0,17156028.0,504952.0,1684536.0,1968082.0,258247.0,1189116.0,976719.0,419970.0,2770268.0,753292.0,518275.0,866713.0,324464.0,409645.0,513632.0,630449.0,420197.0,314466.0,527254.0,244973.0,474150.0,319577.0,512965.0,666631.0,302126.0,299828.0,207976.0,414943.0,381387.0,402855.0,363953.0,423746.0,278638.0,163035.0,943643.0,672355.0,423573.0,223181.0,187137.0,713734.0,290280.0,693246.0,146488.0,78569.0,490847.0
16,Asia,Centro,87819999.0,69413647.0,91635818.0,62316985.0,94494649.0,87564459.0,93281221.0,102284319.0,89021047.0,101907162.0,86908960.0,85976582.0,99490925.0,87692821.0,91580689.0,91473013.0,127027177.0,120724071.0,116454417.0,111967386.0,107177182.0,103218651.0,85877679.0,85179223.0,91713085.0,83749449.0,92103653.0,90517243.0,69734637.0,38173295.0,25253434.0,19773254.0,28086918.0,24639256.0,22797636.0,26166396.0,16629307.0,13733269.0,21498563.0,17047433.0,17954404.0,23526327.0,21856551.0,23206890.0,23413085.0,24181978.0,26868774.0,26510910.0,24598174.0,23657028.0,32975703.0,28008326.0,24067570.0,29029388.0,29284777.0,27674226.0,32241299.0,29822223.0,29819794.0,36418093.0,32707195.0,19176673.0,32813040.0,27695235.0,24641428.0,21493291.0,34222765.0,27172386.0,33184606.0,34458555.0,34997203.0,58806165.0,57363897.0,57602297.0,77575393.0,67185787.0,54417243.0,68609656.0,61840309.0,58175353.0,65282330.0,62117746.0,61089267.0,65211614.0,73008748.0,58506366.0,64325640.0,61945441.0,65136083.0,81093116.0,80864248.0,81765026.0,100288647.0,83709806.0,81174205.0,90273402.0,82509931.0,84884373.0,97551118.0,129848728.0,120500651.0,116104361.0,159054135.0,103598443.0,97338270.0,123698053.0,106120192.0,157021347.0,159608560.0,107283443.0,105892384.0,140647997.0,76064906.0,124390579.0,140258336.0,109442559.0,117132859.0,116573776.0,105613707.0,113941086.0,142011941.0,81346888.0,79418234.0,84623962.0,118430186.0,77501429.0,92989542.0,89248879.0,77358130.0,130458866.0,97854350.0,113015580.0,104638948.0,80745532.0,234426006.0,104122626.0,98315010.0,85446963.0,131324470.0
17,Asia,Valles,19858.0,13802.0,0.0,40017.0,100411.0,0.0,0.0,14950.0,15100.0,60000.0,63933.0,0.0,11259.0,0.0,54600.0,0.0,11259.0,5063.0,7797.0,0.0,0.0,133909.0,31421.0,0.0,4330.0,0.0,11259.0,0.0,73.0,29772.0,42000.0,0.0,5816.0,11259.0,0.0,5360.0,11459.0,79323.0,23140.0,0.0,0.0,0.0,0.0,18927.0,0.0,6300.0,0.0,19200.0,7110.0,7529.0,117978.0,44.0,3500.0,41011.0,9625.0,123578.0,0.0,132886.0,27604.0,28800.0,14000.0,95820.0,0.0,13137.0,0.0,111191.0,21545.0,21126.0,15829.0,24946.0,6810.0,15829.0,56409.0,129387.0,68029.0,173702.0,19681.0,25472.0,8224.0,20100.0,263852.0,50410.0,47400.0,90888.0,99377.0,264101.0,69210.0,182199.0,93009.0,357620.0,189082.0,50039.0,34677.0,131869.0,174776.0,3.0,136963.0,23793.0,199570.0,61656.0,486692.0,83222.0,3.0,100924.0,97226.0,82323.0,222880.0,92409.0,80240.0,117012.0,98658.0,94891.0,84957.0,49920.0,143768.0,83256.0,200455.0,88583.0,4.0,125975.0,79403.0,95126.0,45617.0,5030.0,77000.0,152185.0,68558.0,8679.0,37651.0,85903.0,256944.0,9839.0,199234.0,139673.0,4.0,93931.0,169714.0,55856.0,240814.0
18,Asia,Sur,0.0,0.0,0.0,0.0,0.0,0.0,10871.0,0.0,32499.0,4971.0,0.0,0.0,0.0,0.0,0.0,0.0,0.0,0.0,0.0,0.0,0.0,0.0,0.0,0.0,0.0,0.0,0.0,0.0,0.0,0.0,0.0,0.0,0.0,0.0,0.0,0.0,0.0,0.0,0.0,0.0,0.0,0.0,0.0,0.0,58245.0,61694.0,53941.0,112808.0,43700.0,80998.0,148528.0,48207.0,122226.0,117663.0,54733.0,31825.0,60969.0,46094.0,20356.0,33346.0,38890.0,8270.0,117007.0,87936.0,209738.0,169094.0,160973.0,82435.0,186865.0,84742.0,20036.0,9888.0,100217.0,106708.0,165182.0,187909.0,269574.0,180427.0,132884.0,197015.0,154384.0,166265.0,131772.0,103099.0,53960.0,113882.0,204641.0,150249.0,224666.0,181496.0,60818.0,101809.0,95005.0,45886.0,106566.0,33924.0,118907.0,143581.0,231873.0,136309.0,235293.0,199296.0,112053.0,210209.0,222784.0,94867.0,73104.0,126067.0,68448.0,180356.0,493394.0,462317.0,215270.0,232461.0,219833.0,133977.0,212550.0,115090.0,147836.0,242160.0,116852.0,376748.0,292529.0,347458.0,265501.0,593656.0,267245.0,209931.0,127981.0,260747.0,323207.0,327209.0,133989.0,258674.0,345276.0,333772.0,311772.0,236821.0,234673.0
19,Asia,Sierra de Amula,0.0,0.0,0.0,0.0,0.0,0.0,0.0,0.0,0.0,0.0,0.0,0.0,0.0,0.0,0.0,0.0,0.0,0.0,0.0,0.0,0.0,0.0,0.0,0.0,0.0,0.0,0.0,0.0,0.0,0.0,0.0,0.0,0.0,0.0,0.0,0.0,0.0,0.0,0.0,0.0,0.0,0.0,0.0,0.0,0.0,0.0,0.0,0.0,0.0,0.0,0.0,0.0,0.0,0.0,0.0,0.0,0.0,0.0,0.0,0.0,0.0,0.0,0.0,0.0,0.0,0.0,0.0,0.0,0.0,0.0,0.0,0.0,0.0,0.0,0.0,0.0,9252.0,0.0,0.0,0.0,0.0,0.0,0.0,0.0,0.0,0.0,0.0,0.0,0.0,0.0,0.0,0.0,0.0,0.0,0.0,0.0,0.0,0.0,0.0,0.0,0.0,0.0,0.0,0.0,0.0,3850.0,0.0,0.0,0.0,0.0,0.0,2464.0,0.0,0.0,0.0,0.0,0.0,0.0,0.0,0.0,0.0,0.0,0.0,0.0,0.0,0.0,0.0,0.0,0.0,0.0,0.0,0.0,0.0,0.0,0.0,0.0,0.0,0.0,0.0
20,Asia,Sierra Occidental,0.0,0.0,0.0,0.0,0.0,0.0,0.0,0.0,0.0,0.0,0.0,0.0,0.0,0.0,0.0,0.0,0.0,0.0,0.0,0.0,0.0,0.0,0.0,0.0,0.0,0.0,0.0,0.0,0.0,0.0,0.0,0.0,0.0,0.0,0.0,0.0,0.0,0.0,0.0,0.0,0.0,0.0,0.0,0.0,0.0,0.0,0.0,0.0,0.0,0.0,0.0,0.0,0.0,0.0,0.0,0.0,0.0,0.0,0.0,0.0,0.0,0.0,0.0,0.0,0.0,0.0,0.0,0.0,0.0,0.0,0.0,0.0,0.0,0.0,0.0,0.0,0.0,0.0,0.0,0.0,0.0,0.0,0.0,0.0,0.0,0.0,0.0,0.0,0.0,0.0,0.0,0.0,0.0,0.0,0.0,0.0,0.0,0.0,0.0,0.0,0.0,0.0,0.0,0.0,0.0,0.0,0.0,0.0,0.0,0.0,0.0,0.0,0.0,0.0,0.0,0.0,0.0,0.0,0.0,0.0,0.0,0.0,0.0,0.0,0.0,0.0,0.0,0.0,0.0,0.0,0.0,0.0,0.0,0.0,0.0,0.0,0.0,0.0,0.0
21,Asia,Ciénega,16488.0,105.0,87730.0,0.0,39599.0,10337.0,0.0,22020.0,664.0,459.0,22864.0,0.0,1654.0,5622.0,212.0,0.0,12364.0,24269.0,1274.0,0.0,125856.0,0.0,24912.0,0.0,0.0,159.0,0.0,1812.0,99451.0,0.0,0.0,116845.0,155794.0,113439.0,42157.0,0.0,0.0,78877.0,26507.0,85110.0,0.0,58121.0,84.0,45.0,51935.0,7549.0,60672.0,60580.0,631071.0,1271648.0,182911.0,1166187.0,636000.0,0.0,0.0,0.0,826550.0,1518545.0,403302.0,365361.0,628260.0,741290.0,1054470.0,65745.0,0.0,0.0,0.0,1298380.0,389500.0,71320.0,656000.0,150995.0,1229839.0,380136.0,597165.0,480292.0,241900.0,95950.0,0.0,2245450.0,2483931.0,3748195.0,6339438.0,5534619.0,6912035.0,3946976.0,10264570.0,8662157.0,5504023.0,10241658.0,7200027.0,6989321.0,8254487.0,3828863.0,502524.0,678332.0,521865.0,966998.0,303954.0,491988.0,283758.0,0.0,0.0,0.0,5394.0,0.0,8250.0,13440.0,65806.0,67924.0,71500.0,160652.0,193254.0,24391.0,12021.0,0.0,0.0,0.0,0.0,4783.0,35781.0,15260.0,72706.0,63849.0,0.0,0.0,0.0,6554.0,0.0,5983.0,93039.0,521401.0,784747.0,1361446.0,854491.0,584277.0,727905.0,0.0,0.0
22,Asia,Costa Sur,0.0,0.0,0.0,0.0,0.0,0.0,0.0,0.0,0.0,0.0,0.0,0.0,0.0,0.0,0.0,0.0,0.0,0.0,0.0,0.0,0.0,0.0,0.0,0.0,0.0,0.0,0.0,0.0,0.0,0.0,0.0,0.0,0.0,0.0,0.0,0.0,0.0,0.0,0.0,0.0,0.0,0.0,0.0,0.0,0.0,0.0,0.0,0.0,0.0,0.0,0.0,0.0,0.0,0.0,0.0,0.0,0.0,0.0,0.0,0.0,0.0,0.0,0.0,0.0,0.0,0.0,0.0,0.0,0.0,0.0,0.0,0.0,0.0,0.0,0.0,0.0,0.0,0.0,0.0,0.0,0.0,0.0,0.0,0.0,0.0,0.0,0.0,0.0,0.0,0.0,0.0,0.0,0.0,0.0,0.0,0.0,0.0,0.0,0.0,0.0,0.0,0.0,0.0,0.0,0.0,0.0,0.0,0.0,0.0,0.0,0.0,0.0,0.0,0.0,0.0,0.0,0.0,0.0,0.0,0.0,0.0,0.0,0.0,0.0,0.0,0.0,0.0,0.0,0.0,0.0,0.0,0.0,0.0,0.0,0.0,0.0,0.0,0.0,0.0
23,Asia,Norte,0.0,0.0,0.0,0.0,0.0,0.0,0.0,0.0,0.0,0.0,0.0,0.0,0.0,0.0,0.0,0.0,0.0,0.0,0.0,0.0,0.0,0.0,0.0,0.0,0.0,0.0,0.0,0.0,0.0,0.0,0.0,0.0,0.0,0.0,0.0,0.0,0.0,0.0,0.0,0.0,0.0,0.0,0.0,0.0,0.0,0.0,0.0,0.0,0.0,0.0,0.0,0.0,0.0,0.0,0.0,0.0,0.0,0.0,0.0,0.0,0.0,0.0,0.0,0.0,0.0,0.0,0.0,0.0,0.0,0.0,0.0,0.0,0.0,0.0,0.0,0.0,0.0,0.0,0.0,0.0,0.0,0.0,0.0,0.0,0.0,0.0,0.0,0.0,0.0,0.0,0.0,0.0,0.0,0.0,0.0,0.0,0.0,0.0,0.0,0.0,0.0,0.0,0.0,0.0,0.0,0.0,0.0,0.0,0.0,0.0,0.0,0.0,0.0,0.0,0.0,0.0,0.0,0.0,0.0,0.0,0.0,0.0,0.0,0.0,0.0,0.0,0.0,0.0,0.0,0.0,0.0,0.0,0.0,0.0,0.0,0.0,0.0,0.0,0.0
24,Asia,Costa Norte,93724.0,0.0,209535.0,14856.0,31510.0,10746.0,4674.0,13536.0,9763.0,47330.0,20061.0,33993.0,12803.0,22662.0,67540.0,65708.0,30886.0,23853.0,24723.0,111204.0,6951.0,115451.0,18085.0,0.0,0.0,0.0,0.0,0.0,0.0,0.0,0.0,0.0,0.0,0.0,0.0,0.0,0.0,0.0,0.0,0.0,0.0,0.0,0.0,0.0,0.0,0.0,0.0,0.0,4.0,0.0,0.0,0.0,0.0,0.0,0.0,0.0,0.0,0.0,0.0,0.0,0.0,0.0,0.0,0.0,7.0,20.0,0.0,0.0,0.0,0.0,0.0,0.0,0.0,0.0,0.0,0.0,0.0,0.0,0.0,0.0,0.0,0.0,0.0,0.0,0.0,0.0,0.0,0.0,0.0,0.0,0.0,0.0,0.0,0.0,0.0,0.0,0.0,0.0,0.0,0.0,0.0,0.0,0.0,0.0,0.0,0.0,0.0,0.0,0.0,0.0,0.0,0.0,0.0,0.0,0.0,0.0,0.0,0.0,0.0,0.0,0.0,0.0,0.0,0.0,0.0,0.0,0.0,0.0,0.0,0.0,0.0,0.0,0.0,0.0,0.0,0.0,0.0,0.0,0.0
25,Asia,Sureste,0.0,0.0,0.0,0.0,0.0,0.0,0.0,0.0,0.0,0.0,0.0,0.0,0.0,0.0,0.0,0.0,0.0,0.0,0.0,0.0,0.0,0.0,0.0,0.0,0.0,0.0,0.0,0.0,0.0,0.0,0.0,0.0,0.0,0.0,0.0,0.0,0.0,0.0,0.0,0.0,0.0,0.0,0.0,0.0,0.0,0.0,0.0,0.0,0.0,0.0,9240.0,9240.0,3080.0,0.0,0.0,0.0,0.0,0.0,0.0,17146.0,0.0,0.0,0.0,0.0,0.0,0.0,0.0,0.0,0.0,0.0,0.0,0.0,0.0,0.0,0.0,5375.0,0.0,0.0,0.0,0.0,0.0,0.0,0.0,3799.0,0.0,0.0,34620.0,277877.0,157954.0,0.0,0.0,0.0,0.0,0.0,1431.0,6458.0,81773.0,120242.0,212907.0,260891.0,133870.0,0.0,0.0,0.0,0.0,0.0,0.0,0.0,0.0,0.0,0.0,0.0,0.0,0.0,0.0,0.0,0.0,0.0,0.0,0.0,0.0,0.0,0.0,0.0,0.0,0.0,0.0,0.0,0.0,0.0,0.0,0.0,0.0,0.0,0.0,0.0,0.0,0.0,0.0
26,Asia,Altos Norte,0.0,2439.0,0.0,0.0,5047.0,0.0,0.0,109.0,0.0,0.0,0.0,0.0,0.0,60039.0,50188.0,30107.0,0.0,79089.0,60050.0,39813.0,60214.0,80285.0,13125.0,25428.0,0.0,88431.0,0.0,0.0,154027.0,0.0,48690.0,45709.0,64837.0,67050.0,78286.0,69188.0,121772.0,74466.0,33708.0,177691.0,83510.0,13558.0,96466.0,0.0,160035.0,211625.0,111146.0,70118.0,102955.0,135647.0,0.0,189709.0,74768.0,126030.0,107440.0,125915.0,13991.0,18219.0,126455.0,70253.0,69940.0,204374.0,0.0,256730.0,185754.0,377381.0,177205.0,14298.0,233843.0,356141.0,201597.0,578056.0,327349.0,625926.0,770227.0,967060.0,943577.0,831663.0,0.0,59416.0,0.0,153723.0,64950.0,133125.0,0.0,0.0,379.0,329589.0,0.0,0.0,30758.0,0.0,129591.0,0.0,385.0,122067.0,65823.0,245207.0,243589.0,760294.0,628455.0,313711.0,182209.0,63604.0,381626.0,204303.0,60313.0,127209.0,127224.0,127209.0,293.0,0.0,0.0,0.0,0.0,0.0,0.0,0.0,0.0,0.0,55.0,0.0,3700.0,0.0,0.0,0.0,0.0,0.0,0.0,0.0,93882.0,0.0,44793.0,151715.0,149683.0,0.0,204975.0,47614.0,0.0
27,Asia,ZMG,8516447.0,12778435.0,15255289.0,11303554.0,11570594.0,10699791.0,105087126.0,13635641.0,13931060.0,59670273.0,94228587.0,17302760.0,18038719.0,17586748.0,21467795.0,19037629.0,19760880.0,23240534.0,22454859.0,23287109.0,18601198.0,18886122.0,18018546.0,19087074.0,24403686.0,23486030.0,25381819.0,22676093.0,19996865.0,15048089.0,16380041.0,32102048.0,34390268.0,53149784.0,14631214.0,19241010.0,31018018.0,18949453.0,34249597.0,29923739.0,28228201.0,25166344.0,17667611.0,22234978.0,34782642.0,42818461.0,53041314.0,55769133.0,47323641.0,92934361.0,78567016.0,82772226.0,85480983.0,22457782.0,19835602.0,22620681.0,39282504.0,77682577.0,88236935.0,45987265.0,31911095.0,26533702.0,26083244.0,22962735.0,67887943.0,32582728.0,29015457.0,29321962.0,28599453.0,29492350.0,29965884.0,49563332.0,45446538.0,53699936.0,57560359.0,83900641.0,77086619.0,67053428.0,87434042.0,92774697.0,78693078.0,55438121.0,129618126.0,53315591.0,41759503.0,46039083.0,49469534.0,77569562.0,58618204.0,108140877.0,103964941.0,100670090.0,68512702.0,97423016.0,70554832.0,72165660.0,47732214.0,59273945.0,56797188.0,69185277.0,61300435.0,64381543.0,65543789.0,167149667.0,96583065.0,108183318.0,116529552.0,73793501.0,83994713.0,90402250.0,152643770.0,75842436.0,67213061.0,68382530.0,80821324.0,100282298.0,74228724.0,62215735.0,86910463.0,37149750.0,24801154.0,74824004.0,42237214.0,76087918.0,39946641.0,36490228.0,50323271.0,69042917.0,50392235.0,46929131.0,49811262.0,38798204.0,34886032.0,37126572.0,54905743.0,45725250.0,52302275.0,52073242.0,55535910.0
28,Asia,( Blank ),7475661.0,6309438.0,8050874.0,7486557.0,3345812.0,5102567.0,4335788.0,4000768.0,5157198.0,3691239.0,3615480.0,4358860.0,4654391.0,3966527.0,6202414.0,13982885.0,13927041.0,11086914.0,10162308.0,11453617.0,11876652.0,12144752.0,9776912.0,12060013.0,10010843.0,12943864.0,11645231.0,13732112.0,14780972.0,18234715.0,16453651.0,12845902.0,18315053.0,15873884.0,9340888.0,16026870.0,11641896.0,11049289.0,16215453.0,11357600.0,9002726.0,14557658.0,12042961.0,9930999.0,11702825.0,15965065.0,11352121.0,17490527.0,13042080.0,13735884.0,17032212.0,14456355.0,14432706.0,19962618.0,12598783.0,15305756.0,16027561.0,13488695.0,10798146.0,9458939.0,24152051.0,30010327.0,22559783.0,14278334.0,18926403.0,20815006.0,18993049.0,20966003.0,19550242.0,16045314.0,15168331.0,52100685.0,90003098.0,75897135.0,74776678.0,87043680.0,86831764.0,94710422.0,194756445.0,110304294.0,80186298.0,102699402.0,67438004.0,47196446.0,68367251.0,82478859.0,55744675.0,82629779.0,61194266.0,62210237.0,60160963.0,112009538.0,59240788.0,56231460.0,82363024.0,68609027.0,81105659.0,44631937.0,25708371.0,24850590.0,24859248.0,22005362.0,22576994.0,22578602.0,37834109.0,22009857.0,33189783.0,37762937.0,32244859.0,49731469.0,32738091.0,41699741.0,29955812.0,35005721.0,36996786.0,23938302.0,21437887.0,19122952.0,17254383.0,25183728.0,16658391.0,23658682.0,28318800.0,24656110.0,25602555.0,22796710.0,25237263.0,42648930.0,26639426.0,25926135.0,27585019.0,28930673.0,35510607.0,45105195.0,45942007.0,45393222.0,54137872.0,57360480.0,61952681.0
30,Europa,Altos Sur,374752.0,556042.0,626204.0,967135.0,654174.0,1197559.0,573094.0,2052453.0,543432.0,405207.0,661733.0,482503.0,830186.0,240700.0,538168.0,434687.0,639073.0,771718.0,689262.0,964833.0,912507.0,1282895.0,800120.0,296860.0,294235.0,305778.0,725113.0,963402.0,938940.0,222724.0,1187413.0,1277198.0,1329160.0,1721861.0,1493370.0,381556.0,275834.0,383989.0,1015642.0,197752.0,722330.0,674972.0,1318892.0,1409635.0,1247637.0,1652822.0,1319895.0,1216091.0,1716906.0,1974959.0,1896544.0,2519230.0,1824249.0,1833824.0,1995182.0,1755591.0,1739454.0,1728560.0,4652062.0,1510500.0,939753.0,875967.0,1775294.0,1838084.0,1321415.0,1689753.0,2250881.0,1817181.0,703751.0,3568725.0,3108518.0,2061484.0,1820470.0,4412927.0,3022198.0,1263990.0,1632938.0,2169382.0,2443089.0,1935224.0,1770494.0,2242630.0,1050331.0,1219878.0,961256.0,575020.0,614206.0,526685.0,975409.0,485181.0,600859.0,1020492.0,1232836.0,1608902.0,616346.0,1068093.0,947939.0,631257.0,1126971.0,788502.0,1055764.0,4537218.0,872408.0,1452214.0,1962408.0,2134668.0,2938626.0,7416342.0,891031.0,943637.0,540784.0,809476.0,829931.0,644668.0,3244479.0,1642138.0,564631.0,1275470.0,626302.0,1861685.0,1313590.0,603355.0,971084.0,475680.0,335268.0,1252754.0,1544897.0,1254627.0,1800901.0,1067544.0,1193312.0,1239329.0,1726637.0,1959038.0,1401417.0,2014785.0,1216325.0,483770.0,2183622.0
31,Europa,Centro,32916157.0,19630313.0,18656173.0,25477595.0,29028454.0,25936813.0,21447712.0,25316402.0,23691745.0,58537312.0,69422515.0,69525145.0,74928307.0,66895922.0,43090978.0,45929992.0,44753422.0,43749159.0,59456917.0,53418052.0,46175162.0,54771193.0,45044246.0,70290667.0,50582830.0,30119563.0,33956472.0,41902542.0,43128282.0,42885560.0,52906213.0,26439209.0,28947962.0,21613162.0,21901370.0,37803425.0,26719512.0,16056613.0,19366929.0,19061744.0,16753433.0,26715381.0,24266866.0,22472581.0,26682981.0,30470736.0,25594139.0,42932950.0,33280295.0,23932005.0,39626414.0,37261741.0,30854518.0,28690098.0,40268099.0,29003023.0,30979052.0,33520149.0,26316718.0,42651175.0,40191360.0,26899471.0,33475617.0,36563734.0,30815209.0,34783532.0,50523739.0,32348023.0,41552459.0,51429517.0,41277402.0,89930950.0,88263377.0,81858313.0,100442796.0,103888207.0,98413497.0,94665018.0,96881427.0,90811786.0,62891534.0,79128368.0,103067103.0,85339751.0,89868631.0,65947345.0,75424482.0,75022717.0,70996088.0,85153016.0,101292170.0,83345819.0,77720043.0,94988931.0,78308021.0,82827406.0,119816956.0,105499787.0,87247620.0,122744488.0,102175114.0,114767697.0,157794245.0,115862489.0,99896365.0,131630778.0,126057780.0,212004694.0,164251939.0,91441867.0,112567902.0,151006186.0,70623415.0,126517187.0,178483982.0,122949544.0,125864679.0,121031839.0,119884457.0,135183009.0,234601012.0,125791121.0,98886471.0,136113976.0,90424563.0,113807202.0,149034089.0,134545650.0,168941736.0,106430816.0,110435753.0,117704295.0,220020907.0,97639945.0,107592652.0,152794937.0,123844130.0,119820920.0,149749798.0
32,Europa,Valles,20054.0,67049.0,36836.0,0.0,8038.0,238.0,0.0,0.0,1400.0,0.0,14333.0,0.0,59424.0,0.0,28534.0,55535.0,40737.0,0.0,0.0,180.0,28310.0,8653.0,48046.0,3.0,8617.0,7038.0,0.0,593.0,47527.0,0.0,33673.0,14045.0,13297.0,55159.0,31570.0,3727.0,19008.0,0.0,35931.0,25610.0,0.0,19948.0,20568.0,44313.0,4157.0,125338.0,211725.0,33812.0,109285.0,16337.0,34164.0,139758.0,93902.0,102414.0,256561.0,209819.0,204637.0,224058.0,142287.0,72261.0,223647.0,198044.0,155096.0,305071.0,241436.0,93391.0,138071.0,204213.0,349973.0,531602.0,219126.0,263575.0,95301.0,229564.0,334285.0,117829.0,259712.0,444575.0,338546.0,192893.0,253018.0,406293.0,387442.0,290060.0,98334.0,123532.0,60317.0,89979.0,596041.0,429707.0,425118.0,123721.0,273826.0,153176.0,110176.0,285138.0,832958.0,399715.0,566418.0,544483.0,167980.0,189541.0,236249.0,612754.0,515434.0,298203.0,624569.0,610889.0,830310.0,103141.0,336618.0,353937.0,720451.0,1076183.0,742507.0,333783.0,368325.0,851722.0,336375.0,569763.0,460856.0,463164.0,865571.0,663353.0,652938.0,962364.0,571995.0,311614.0,607074.0,392017.0,417137.0,241247.0,365577.0,652250.0,1058853.0,854249.0,970629.0,901064.0,544048.0
33,Europa,Sur,245726.0,358721.0,327649.0,446611.0,496202.0,501240.0,420794.0,284747.0,494290.0,458052.0,97930.0,0.0,0.0,0.0,578.0,0.0,0.0,0.0,0.0,0.0,0.0,0.0,0.0,0.0,0.0,0.0,0.0,0.0,0.0,0.0,0.0,0.0,0.0,0.0,0.0,0.0,0.0,0.0,0.0,0.0,0.0,0.0,0.0,0.0,944355.0,598543.0,490322.0,701619.0,672967.0,663258.0,848769.0,744551.0,731689.0,622739.0,812285.0,691976.0,463007.0,739206.0,262426.0,287809.0,494907.0,309303.0,637375.0,426078.0,620268.0,574766.0,700884.0,333385.0,394726.0,431671.0,208813.0,605472.0,198011.0,473394.0,775865.0,335679.0,558685.0,475048.0,479195.0,572906.0,379318.0,400590.0,249049.0,352490.0,439978.0,377003.0,451317.0,667304.0,470592.0,478066.0,301567.0,319079.0,264562.0,320666.0,267564.0,451168.0,400441.0,459550.0,510734.0,491578.0,663770.0,860640.0,643474.0,535327.0,479489.0,307003.0,277896.0,631719.0,452826.0,622076.0,480210.0,512527.0,544791.0,434517.0,505424.0,490352.0,370667.0,344802.0,289613.0,346664.0,464031.0,423356.0,442165.0,588444.0,434438.0,619205.0,342301.0,299641.0,576864.0,313608.0,392752.0,639823.0,407199.0,453666.0,602881.0,391244.0,559616.0,490544.0,508058.0
34,Europa,Sierra de Amula,0.0,0.0,0.0,0.0,0.0,0.0,0.0,0.0,0.0,0.0,0.0,0.0,0.0,0.0,0.0,0.0,0.0,0.0,0.0,0.0,0.0,0.0,0.0,0.0,0.0,0.0,0.0,0.0,0.0,0.0,0.0,0.0,0.0,0.0,0.0,0.0,0.0,0.0,0.0,0.0,0.0,0.0,13155.0,6150.0,9015.0,0.0,29196.0,22170.0,6398.0,16514.0,33487.0,7509.0,26095.0,24241.0,8538.0,20124.0,10796.0,9669.0,8398.0,17851.0,20710.0,2895.0,15675.0,20599.0,44180.0,37006.0,14246.0,10760.0,22727.0,13015.0,9284.0,6444.0,25037.0,29629.0,27536.0,19317.0,11941.0,26984.0,31345.0,11126.0,6533.0,23785.0,15251.0,24958.0,14769.0,10607.0,26738.0,23438.0,47294.0,9505.0,39637.0,23402.0,4145.0,12718.0,16821.0,16911.0,9308.0,21483.0,7071.0,32749.0,12278.0,18308.0,20812.0,6135.0,6021.0,6006.0,17679.0,3221.0,12816.0,15120.0,11278.0,30820.0,10763.0,7300.0,16956.0,14586.0,9734.0,22566.0,1144.0,12341.0,18651.0,15950.0,34208.0,16147.0,28537.0,15637.0,10570.0,5351.0,7835.0,7052.0,0.0,0.0,0.0,4656.0,10944.0,4381.0,19256.0,11897.0,4162.0
35,Europa,Sierra Occidental,0.0,0.0,0.0,0.0,0.0,0.0,0.0,0.0,0.0,0.0,0.0,0.0,0.0,0.0,0.0,0.0,0.0,0.0,0.0,0.0,0.0,0.0,0.0,0.0,0.0,0.0,0.0,0.0,0.0,0.0,0.0,0.0,0.0,0.0,0.0,0.0,0.0,0.0,0.0,0.0,0.0,0.0,0.0,0.0,0.0,0.0,0.0,0.0,0.0,0.0,0.0,0.0,0.0,0.0,0.0,0.0,0.0,0.0,0.0,0.0,0.0,0.0,0.0,0.0,0.0,0.0,0.0,0.0,0.0,0.0,0.0,0.0,0.0,0.0,0.0,0.0,0.0,0.0,0.0,0.0,0.0,0.0,0.0,0.0,0.0,0.0,0.0,0.0,0.0,0.0,0.0,0.0,0.0,0.0,0.0,0.0,0.0,0.0,0.0,0.0,0.0,0.0,0.0,0.0,0.0,0.0,0.0,0.0,0.0,0.0,0.0,0.0,0.0,0.0,0.0,0.0,0.0,0.0,0.0,0.0,0.0,0.0,0.0,0.0,0.0,0.0,0.0,0.0,0.0,0.0,0.0,0.0,0.0,0.0,0.0,0.0,0.0,0.0,0.0
36,Europa,Ciénega,722538.0,187120.0,233383.0,188362.0,427978.0,310918.0,131897.0,249392.0,473991.0,395266.0,254984.0,363784.0,134299.0,337827.0,215689.0,272304.0,217578.0,347004.0,346967.0,299608.0,688155.0,464472.0,721303.0,313486.0,800463.0,529685.0,79684.0,857491.0,8846245.0,9065440.0,8367297.0,7247481.0,11196152.0,9649616.0,9058641.0,9914145.0,6965265.0,7625370.0,8465094.0,8580021.0,8383439.0,9181307.0,257251.0,420502.0,394983.0,311663.0,68373.0,644945.0,129812.0,74530.0,275768.0,210660.0,56104.0,193020.0,262884.0,139089.0,77449.0,134279.0,375471.0,132512.0,93064.0,83328.0,119740.0,481754.0,180535.0,158288.0,94543.0,397604.0,198978.0,344089.0,187716.0,286140.0,212703.0,343208.0,167903.0,340107.0,299883.0,289568.0,596728.0,297774.0,494196.0,623608.0,681254.0,527837.0,879120.0,183385.0,467180.0,1946409.0,1866948.0,513651.0,383055.0,639877.0,306810.0,840240.0,928135.0,2073978.0,1626121.0,1400198.0,2373394.0,3630582.0,1152968.0,273199.0,606795.0,1393188.0,221549.0,1218180.0,496640.0,1002349.0,599833.0,704578.0,878930.0,423580.0,605926.0,424113.0,1117127.0,919949.0,717768.0,822823.0,60689.0,16291.0,3854.0,0.0,0.0,99326.0,3686.0,96496.0,61353.0,8908.0,0.0,31945.0,54819.0,284744.0,399550.0,541310.0,1745008.0,1525394.0,609125.0,147687.0,63896.0
37,Europa,Costa Sur,0.0,0.0,0.0,0.0,0.0,0.0,0.0,0.0,0.0,0.0,0.0,0.0,0.0,0.0,0.0,0.0,0.0,0.0,0.0,0.0,0.0,0.0,0.0,0.0,0.0,0.0,0.0,0.0,0.0,0.0,0.0,0.0,0.0,0.0,0.0,0.0,0.0,0.0,0.0,0.0,0.0,0.0,0.0,0.0,0.0,0.0,0.0,0.0,0.0,0.0,0.0,0.0,0.0,0.0,46080.0,0.0,0.0,0.0,0.0,0.0,0.0,0.0,19052.0,0.0,0.0,0.0,0.0,0.0,0.0,0.0,0.0,0.0,0.0,0.0,0.0,0.0,0.0,0.0,0.0,0.0,0.0,0.0,0.0,0.0,0.0,0.0,0.0,0.0,0.0,0.0,0.0,6000000.0,0.0,0.0,0.0,0.0,0.0,0.0,0.0,0.0,0.0,0.0,0.0,0.0,0.0,0.0,0.0,0.0,0.0,0.0,0.0,0.0,0.0,0.0,0.0,0.0,0.0,0.0,0.0,0.0,0.0,0.0,0.0,0.0,0.0,0.0,0.0,0.0,0.0,0.0,0.0,0.0,0.0,0.0,0.0,0.0,0.0,0.0,0.0
38,Europa,Norte,0.0,0.0,0.0,0.0,0.0,0.0,0.0,0.0,0.0,0.0,0.0,0.0,0.0,0.0,0.0,0.0,0.0,0.0,0.0,0.0,0.0,0.0,0.0,0.0,0.0,0.0,0.0,0.0,0.0,0.0,0.0,0.0,0.0,0.0,0.0,0.0,0.0,0.0,0.0,58088.0,0.0,0.0,0.0,0.0,0.0,0.0,0.0,22268.0,0.0,0.0,0.0,0.0,0.0,0.0,0.0,0.0,0.0,0.0,0.0,0.0,0.0,0.0,0.0,0.0,0.0,0.0,0.0,0.0,0.0,0.0,433581.0,2057782.0,1129616.0,1393763.0,950574.0,1415326.0,737562.0,0.0,1725594.0,507011.0,819450.0,0.0,796828.0,0.0,848278.0,0.0,869041.0,509568.0,723794.0,1278752.0,779104.0,1401902.0,0.0,3083849.0,1001879.0,0.0,1337502.0,805926.0,1835736.0,1263748.0,1629928.0,1885886.0,1755625.0,1752264.0,0.0,695490.0,1554049.0,1865427.0,1641994.0,1589210.0,2416953.0,3230098.0,2815653.0,3169658.0,4616930.0,3092552.0,1995988.0,3201657.0,2780677.0,1757155.0,3958763.0,2531331.0,2798211.0,1187154.0,573925.0,1748802.0,0.0,0.0,0.0,0.0,0.0,0.0,0.0,0.0,0.0,0.0,0.0,0.0,0.0
39,Europa,Costa Norte,6596.0,24003.0,9910.0,17003.0,2964.0,32468.0,19548.0,0.0,8164.0,13174.0,25484.0,4796.0,10595.0,29415.0,34584.0,2786.0,18585.0,4353.0,19456.0,1732.0,834.0,1302.0,0.0,0.0,0.0,0.0,0.0,0.0,0.0,0.0,0.0,0.0,0.0,0.0,0.0,0.0,0.0,0.0,0.0,0.0,0.0,0.0,0.0,0.0,0.0,0.0,0.0,0.0,0.0,0.0,0.0,0.0,0.0,0.0,0.0,0.0,0.0,0.0,0.0,0.0,0.0,0.0,0.0,0.0,0.0,0.0,0.0,0.0,0.0,0.0,0.0,0.0,0.0,0.0,0.0,0.0,28886.0,0.0,0.0,0.0,0.0,0.0,0.0,0.0,0.0,0.0,0.0,0.0,76603.0,0.0,0.0,0.0,0.0,0.0,0.0,0.0,0.0,0.0,0.0,0.0,0.0,0.0,0.0,0.0,0.0,0.0,0.0,0.0,0.0,0.0,0.0,0.0,0.0,0.0,0.0,0.0,0.0,0.0,0.0,0.0,0.0,0.0,0.0,0.0,0.0,0.0,0.0,0.0,0.0,0.0,0.0,0.0,0.0,0.0,0.0,0.0,0.0,0.0,0.0
40,Europa,Sureste,135000.0,420000.0,1020000.0,0.0,0.0,0.0,0.0,0.0,0.0,0.0,0.0,0.0,0.0,0.0,0.0,0.0,0.0,0.0,0.0,0.0,0.0,0.0,0.0,0.0,63075.0,127200.0,157000.0,113225.0,55309.0,13437.0,0.0,0.0,0.0,45630.0,39744.0,142158.0,125878.0,108688.0,69464.0,54912.0,1584.0,0.0,0.0,0.0,0.0,22716.0,87702.0,194666.0,292684.0,114009.0,153348.0,48973.0,26716.0,0.0,0.0,0.0,0.0,18906.0,80656.0,109018.0,6427.0,0.0,0.0,5844.0,0.0,0.0,0.0,0.0,0.0,0.0,40656.0,0.0,0.0,0.0,0.0,0.0,0.0,0.0,490525.0,490525.0,0.0,0.0,24336.0,64163.0,169536.0,194619.0,170335.0,173624.0,41050.0,0.0,0.0,0.0,70125.0,0.0,92585.0,356668.0,184214.0,370075.0,451033.0,535867.0,75108.0,0.0,0.0,0.0,0.0,0.0,0.0,6847.0,0.0,0.0,0.0,0.0,0.0,0.0,0.0,0.0,0.0,0.0,0.0,0.0,0.0,0.0,0.0,0.0,0.0,0.0,0.0,0.0,0.0,0.0,0.0,0.0,0.0,0.0,0.0,0.0,0.0,0.0,0.0
41,Europa,Altos Norte,0.0,0.0,0.0,1793.0,29.0,271.0,32384.0,49025.0,0.0,34916.0,0.0,46743.0,66057.0,243424.0,0.0,0.0,0.0,900.0,961.0,0.0,41781.0,0.0,18338.0,4112.0,0.0,0.0,0.0,49797.0,0.0,0.0,44100.0,515.0,0.0,38378.0,20179.0,19377.0,24558.0,3400.0,17116.0,0.0,0.0,2826.0,195375.0,100488.0,23711.0,183363.0,37940.0,42356.0,47776.0,138838.0,69243.0,0.0,82934.0,189957.0,542961.0,173314.0,61713.0,66832.0,155935.0,723796.0,104366.0,347574.0,486955.0,904699.0,93545.0,150201.0,119910.0,151199.0,175840.0,409621.0,371531.0,354237.0,163403.0,84569.0,72660.0,262786.0,221852.0,304343.0,359843.0,121023.0,110067.0,88262.0,116955.0,81997.0,209163.0,713770.0,96575.0,203433.0,150657.0,185454.0,382762.0,217280.0,404737.0,383185.0,350848.0,262706.0,331185.0,264518.0,259682.0,379837.0,336527.0,344707.0,392930.0,422104.0,776064.0,687624.0,589316.0,666763.0,851524.0,771484.0,654692.0,783860.0,687818.0,960488.0,874648.0,956241.0,1186218.0,1199369.0,1328604.0,1461857.0,1127526.0,1328679.0,1342359.0,1453810.0,77448.0,68536.0,37410.0,169242.0,195499.0,83626.0,87571.0,76215.0,0.0,2197.0,1534.0,19968.0,84823.0,139.0,29945.0
42,Europa,ZMG,65594314.0,60898901.0,83429345.0,77016885.0,79819689.0,75241468.0,76301314.0,86347608.0,83342407.0,123812158.0,119276909.0,78324498.0,114405528.0,103075055.0,126209751.0,133319513.0,148282003.0,126714035.0,140687906.0,116371237.0,110762106.0,141107342.0,116951910.0,98820637.0,98370389.0,82743473.0,71347693.0,108106830.0,92798394.0,107375005.0,113135078.0,74504427.0,108630434.0,107885667.0,81617464.0,83512497.0,79603114.0,67289622.0,84364731.0,94902195.0,71764694.0,66079464.0,67779328.0,59527457.0,57827283.0,59057405.0,56873692.0,121383529.0,77623036.0,72919398.0,94778953.0,62347966.0,60096384.0,69548336.0,60895606.0,61697691.0,92773375.0,98366273.0,122643938.0,126826432.0,113411662.0,109710880.0,86973991.0,61902353.0,58123789.0,81031901.0,88360672.0,87177947.0,67984907.0,52983226.0,115370791.0,59216173.0,88821153.0,79628739.0,81416353.0,67727785.0,68187443.0,60326810.0,81941787.0,88605740.0,77469876.0,72276151.0,59161605.0,67819537.0,65377291.0,57731766.0,65873856.0,73111991.0,74115188.0,62610827.0,70854569.0,63519826.0,63646038.0,63538059.0,62930745.0,76900848.0,51971006.0,52104507.0,60978047.0,56791765.0,54245963.0,58633693.0,71860525.0,52023223.0,61398314.0,69880047.0,49505187.0,65047143.0,45240793.0,46779885.0,51549357.0,60966123.0,52413975.0,52481062.0,64637799.0,48062202.0,40849796.0,42832448.0,27230271.0,27541752.0,26810773.0,29269050.0,34653416.0,31840661.0,33150039.0,38449719.0,35213036.0,33965464.0,39094591.0,36353492.0,31537677.0,28403653.0,25812763.0,28434298.0,34267328.0,28910613.0,39823151.0,38124172.0,34636663.0
43,Europa,( Blank ),18948120.0,23350273.0,20739029.0,22583037.0,21991095.0,17396697.0,14994662.0,22315084.0,22304237.0,20930358.0,18688464.0,17392721.0,42126326.0,34677137.0,52122148.0,27752023.0,52050228.0,32809727.0,32552005.0,40125997.0,41059288.0,44264565.0,40026950.0,39760321.0,41020455.0,28337995.0,54996580.0,49022563.0,46172563.0,62890198.0,45887635.0,38876443.0,41638154.0,50691974.0,35224529.0,80516274.0,34019631.0,30848081.0,27292268.0,35499665.0,43093371.0,38635832.0,38484107.0,34300787.0,49477320.0,37769424.0,37035135.0,49133413.0,34267986.0,63682985.0,77778903.0,63851433.0,41530182.0,52292832.0,62149161.0,73300324.0,66737731.0,56184101.0,67224710.0,86509927.0,72183434.0,73877653.0,107819363.0,76277085.0,100260530.0,94891988.0,79514631.0,84670941.0,75198607.0,82499327.0,73349661.0,87949167.0,102669065.0,83090516.0,98023040.0,101392926.0,111521837.0,101126378.0,94329923.0,101849327.0,87372651.0,99941992.0,99450221.0,97268243.0,103908682.0,92741501.0,106396324.0,102225161.0,100469617.0,84247278.0,96003468.0,99438529.0,96088178.0,110993724.0,99761655.0,107470781.0,111980864.0,132112005.0,93590704.0,109952909.0,107235261.0,86087146.0,111883111.0,99504548.0,105418319.0,93983574.0,85628084.0,122066780.0,74650662.0,77071122.0,95748923.0,97159329.0,85116367.0,86757917.0,89097154.0,111921037.0,85292391.0,106271952.0,94958128.0,89014245.0,78244013.0,88167275.0,103049035.0,88096220.0,94432533.0,84523837.0,90338569.0,91554469.0,762088748.0,1038597088.0,929592463.0,536982466.0,777918135.0,772675472.0,639816933.0,765566995.0,928812657.0,863478621.0,722044724.0
45,Africa,Altos Sur,0.0,0.0,98100.0,98100.0,196200.0,98100.0,346594.0,324020.0,204750.0,596700.0,201600.0,0.0,50400.0,255750.0,311959.0,0.0,300700.0,414.0,336100.0,344689.0,515871.0,624292.0,151929.0,191421.0,248447.0,95076.0,0.0,145152.0,0.0,95076.0,155250.0,52050.0,164304.0,311877.0,469881.0,112257.0,28000.0,277641.0,218511.0,239.0,0.0,431514.0,199743.0,246593.0,493465.0,0.0,49539.0,311468.0,52243.0,339426.0,122197.0,347454.0,58189.0,183309.0,316910.0,0.0,2202527.0,126088.0,0.0,190492.0,332421.0,140640.0,281279.0,137448.0,141347.0,130002.0,465749.0,1636606.0,436261.0,213571.0,635825.0,338132.0,490190.0,372966.0,0.0,57628.0,259750.0,0.0,489150.0,618477.0,391319.0,0.0,393269.0,76846.0,175083.0,73766.0,345954.0,163622.0,0.0,0.0,189675.0,106127.0,566526.0,107398.0,826565.0,444928.0,349995.0,59531.0,219216.0,215723.0,0.0,175515.0,858453.0,142460.0,258843.0,64005.0,19952.0,525819.0,32895.0,277101.0,230165.0,31379.0,200305.0,224807.0,349723.0,174861.0,247823.0,220679.0,169171.0,273288.0,257652.0,29205.0,129682.0,172579.0,465772.0,272686.0,483633.0,413626.0,142037.0,270003.0,204985.0,334670.0,296391.0,227085.0,337949.0,320479.0,408978.0,332297.0,722793.0
46,Africa,Centro,878993.0,42432.0,176255.0,1099241.0,19742.0,437098.0,568367.0,438356.0,45665.0,148160.0,70716.0,535529.0,211629.0,159066.0,52013.0,219361.0,167846.0,398219.0,270266.0,292813.0,412123.0,125514.0,431393.0,856974.0,182230.0,133791.0,30422.0,523137.0,39468.0,391278.0,469701.0,64185.0,674250.0,832458.0,97283.0,222795.0,241764.0,19444.0,393087.0,180729.0,198761.0,141349.0,172465.0,197896.0,444913.0,139897.0,735203.0,164619.0,309800.0,91420.0,656438.0,85904.0,480271.0,455461.0,262822.0,279573.0,880029.0,680224.0,286204.0,504212.0,891974.0,185161.0,399057.0,310939.0,300935.0,701082.0,841504.0,857033.0,1104864.0,1088556.0,592993.0,3262733.0,900319.0,1446555.0,1151265.0,1074963.0,448732.0,4249944.0,2739193.0,1696436.0,883668.0,1258834.0,2063834.0,1061165.0,880722.0,1269699.0,2078660.0,881733.0,1693400.0,7170284.0,1498211.0,3208948.0,6275284.0,1848750.0,1800584.0,1479061.0,865296.0,2537837.0,2401210.0,3092713.0,2449522.0,3019589.0,1550312.0,3870216.0,4977278.0,3173352.0,5798409.0,5075220.0,6330668.0,3168306.0,3111277.0,6174418.0,538894.0,4275340.0,9046511.0,3492058.0,3787723.0,4437650.0,2039529.0,2554403.0,8052523.0,3430600.0,2595800.0,3213998.0,3561167.0,1684024.0,4725487.0,6263570.0,3067361.0,2404597.0,4296449.0,5679773.0,6222431.0,2376058.0,3772380.0,3465906.0,5233287.0,2629838.0,5869245.0
47,Africa,Valles,0.0,0.0,0.0,0.0,0.0,0.0,0.0,0.0,0.0,0.0,0.0,0.0,0.0,0.0,0.0,0.0,0.0,0.0,0.0,0.0,6.0,0.0,0.0,0.0,656.0,0.0,0.0,0.0,0.0,0.0,0.0,0.0,0.0,0.0,0.0,0.0,0.0,0.0,0.0,0.0,0.0,0.0,0.0,0.0,0.0,0.0,0.0,0.0,0.0,0.0,0.0,0.0,0.0,0.0,0.0,0.0,0.0,0.0,0.0,0.0,638.0,0.0,0.0,0.0,0.0,0.0,0.0,0.0,0.0,0.0,0.0,2460.0,0.0,0.0,0.0,0.0,0.0,0.0,0.0,0.0,0.0,2221.0,0.0,0.0,0.0,0.0,0.0,0.0,0.0,0.0,0.0,0.0,0.0,0.0,0.0,0.0,0.0,0.0,0.0,0.0,0.0,0.0,0.0,0.0,0.0,0.0,0.0,0.0,0.0,0.0,0.0,0.0,0.0,0.0,0.0,0.0,0.0,0.0,0.0,0.0,0.0,0.0,0.0,0.0,0.0,0.0,0.0,0.0,0.0,0.0,0.0,0.0,0.0,0.0,0.0,0.0,0.0,0.0,0.0
48,Africa,Sur,0.0,0.0,0.0,0.0,0.0,0.0,0.0,0.0,0.0,0.0,0.0,0.0,0.0,0.0,0.0,0.0,0.0,0.0,0.0,0.0,0.0,0.0,0.0,0.0,0.0,0.0,0.0,0.0,0.0,0.0,0.0,0.0,0.0,0.0,0.0,0.0,0.0,0.0,0.0,0.0,0.0,0.0,0.0,0.0,0.0,0.0,0.0,0.0,0.0,0.0,0.0,0.0,0.0,0.0,0.0,0.0,0.0,0.0,0.0,0.0,0.0,0.0,0.0,0.0,0.0,0.0,0.0,23667.0,0.0,0.0,8309.0,0.0,0.0,0.0,0.0,0.0,0.0,0.0,0.0,0.0,0.0,0.0,0.0,0.0,0.0,0.0,0.0,0.0,0.0,0.0,0.0,0.0,0.0,0.0,0.0,0.0,0.0,0.0,0.0,0.0,0.0,0.0,0.0,0.0,0.0,0.0,0.0,0.0,0.0,0.0,47138.0,0.0,0.0,0.0,0.0,0.0,0.0,0.0,0.0,0.0,0.0,0.0,0.0,0.0,0.0,0.0,0.0,0.0,0.0,0.0,5821.0,11642.0,0.0,5821.0,0.0,0.0,0.0,0.0,0.0
49,Africa,Sierra de Amula,0.0,0.0,0.0,0.0,0.0,0.0,0.0,0.0,0.0,0.0,0.0,0.0,0.0,0.0,0.0,0.0,0.0,0.0,0.0,0.0,0.0,0.0,0.0,0.0,0.0,0.0,0.0,0.0,0.0,0.0,0.0,0.0,0.0,0.0,0.0,0.0,0.0,0.0,0.0,0.0,0.0,0.0,0.0,0.0,0.0,0.0,0.0,0.0,0.0,0.0,0.0,0.0,0.0,0.0,0.0,0.0,0.0,0.0,0.0,0.0,0.0,0.0,0.0,0.0,0.0,0.0,0.0,0.0,0.0,0.0,0.0,0.0,0.0,0.0,0.0,0.0,0.0,0.0,0.0,0.0,0.0,0.0,0.0,0.0,0.0,0.0,0.0,0.0,0.0,0.0,0.0,0.0,0.0,0.0,0.0,0.0,0.0,0.0,0.0,0.0,0.0,0.0,0.0,0.0,0.0,0.0,0.0,0.0,0.0,0.0,0.0,0.0,0.0,0.0,0.0,0.0,0.0,0.0,0.0,0.0,0.0,0.0,0.0,0.0,0.0,0.0,0.0,0.0,0.0,0.0,0.0,0.0,0.0,0.0,0.0,0.0,0.0,0.0,0.0
50,Africa,Sierra Occidental,0.0,0.0,0.0,0.0,0.0,0.0,0.0,0.0,0.0,0.0,0.0,0.0,0.0,0.0,0.0,0.0,0.0,0.0,0.0,0.0,0.0,0.0,0.0,0.0,0.0,0.0,0.0,0.0,0.0,0.0,0.0,0.0,0.0,0.0,0.0,0.0,0.0,0.0,0.0,0.0,0.0,0.0,0.0,0.0,0.0,0.0,0.0,0.0,0.0,0.0,0.0,0.0,0.0,0.0,0.0,0.0,0.0,0.0,0.0,0.0,0.0,0.0,0.0,0.0,0.0,0.0,0.0,0.0,0.0,0.0,0.0,0.0,0.0,0.0,0.0,0.0,0.0,0.0,0.0,0.0,0.0,0.0,0.0,0.0,0.0,0.0,0.0,0.0,0.0,0.0,0.0,0.0,0.0,0.0,0.0,0.0,0.0,0.0,0.0,0.0,0.0,0.0,0.0,0.0,0.0,0.0,0.0,0.0,0.0,0.0,0.0,0.0,0.0,0.0,0.0,0.0,0.0,0.0,0.0,0.0,0.0,0.0,0.0,0.0,0.0,0.0,0.0,0.0,0.0,0.0,0.0,0.0,0.0,0.0,0.0,0.0,0.0,0.0,0.0
51,Africa,Ciénega,0.0,0.0,0.0,0.0,0.0,0.0,0.0,0.0,0.0,0.0,0.0,0.0,0.0,0.0,0.0,0.0,0.0,0.0,0.0,0.0,0.0,0.0,0.0,0.0,0.0,0.0,0.0,0.0,0.0,5.0,0.0,0.0,0.0,0.0,0.0,0.0,0.0,0.0,0.0,0.0,0.0,0.0,0.0,0.0,0.0,0.0,0.0,0.0,0.0,0.0,0.0,0.0,0.0,0.0,0.0,0.0,0.0,0.0,0.0,0.0,0.0,0.0,0.0,0.0,0.0,0.0,0.0,0.0,0.0,0.0,0.0,0.0,0.0,0.0,0.0,0.0,0.0,0.0,0.0,0.0,0.0,0.0,0.0,0.0,0.0,0.0,0.0,0.0,0.0,0.0,0.0,0.0,0.0,0.0,0.0,0.0,0.0,0.0,0.0,0.0,0.0,0.0,0.0,0.0,0.0,0.0,0.0,0.0,0.0,0.0,0.0,0.0,0.0,0.0,0.0,0.0,0.0,0.0,0.0,0.0,0.0,0.0,0.0,0.0,0.0,0.0,0.0,821.0,0.0,0.0,0.0,7141.0,0.0,0.0,0.0,0.0,0.0,0.0,0.0
52,Africa,Costa Sur,0.0,0.0,0.0,0.0,0.0,0.0,0.0,0.0,0.0,0.0,0.0,0.0,0.0,0.0,0.0,0.0,0.0,0.0,0.0,0.0,0.0,0.0,0.0,0.0,0.0,0.0,0.0,0.0,0.0,0.0,0.0,0.0,0.0,0.0,0.0,0.0,0.0,0.0,0.0,0.0,0.0,0.0,0.0,0.0,0.0,0.0,0.0,0.0,0.0,0.0,0.0,0.0,0.0,0.0,0.0,0.0,0.0,0.0,0.0,0.0,0.0,0.0,0.0,0.0,0.0,0.0,0.0,0.0,0.0,0.0,0.0,0.0,0.0,0.0,0.0,0.0,0.0,0.0,0.0,0.0,0.0,0.0,0.0,0.0,0.0,0.0,0.0,0.0,0.0,0.0,0.0,0.0,0.0,0.0,0.0,0.0,0.0,0.0,0.0,0.0,0.0,0.0,0.0,0.0,0.0,0.0,0.0,0.0,0.0,0.0,0.0,0.0,0.0,0.0,0.0,0.0,0.0,0.0,0.0,0.0,0.0,0.0,0.0,0.0,0.0,0.0,0.0,0.0,0.0,0.0,0.0,0.0,0.0,0.0,0.0,0.0,0.0,0.0,0.0
53,Africa,Norte,0.0,0.0,0.0,0.0,0.0,0.0,0.0,0.0,0.0,0.0,0.0,0.0,0.0,0.0,0.0,0.0,0.0,0.0,0.0,0.0,0.0,0.0,0.0,0.0,0.0,0.0,0.0,0.0,0.0,0.0,0.0,0.0,0.0,0.0,0.0,0.0,0.0,0.0,0.0,0.0,0.0,0.0,0.0,0.0,0.0,0.0,0.0,0.0,0.0,0.0,0.0,0.0,0.0,0.0,0.0,0.0,0.0,0.0,0.0,0.0,0.0,0.0,0.0,0.0,0.0,0.0,0.0,0.0,0.0,0.0,0.0,0.0,0.0,0.0,0.0,0.0,0.0,0.0,0.0,0.0,0.0,0.0,0.0,0.0,0.0,0.0,0.0,0.0,0.0,0.0,0.0,0.0,0.0,0.0,0.0,0.0,0.0,0.0,0.0,0.0,0.0,0.0,0.0,0.0,0.0,0.0,0.0,0.0,0.0,0.0,0.0,0.0,0.0,0.0,0.0,0.0,0.0,0.0,0.0,0.0,0.0,0.0,0.0,0.0,0.0,0.0,0.0,0.0,0.0,0.0,0.0,0.0,0.0,0.0,0.0,0.0,0.0,0.0,0.0
54,Africa,Costa Norte,3505.0,0.0,0.0,11173.0,0.0,0.0,2000.0,0.0,3486.0,771.0,0.0,0.0,0.0,0.0,3054.0,171905.0,0.0,7379.0,0.0,558.0,4802.0,0.0,0.0,0.0,0.0,0.0,0.0,0.0,0.0,0.0,0.0,0.0,0.0,0.0,0.0,0.0,0.0,0.0,0.0,0.0,0.0,0.0,0.0,0.0,0.0,0.0,0.0,0.0,0.0,0.0,0.0,0.0,0.0,0.0,0.0,0.0,0.0,0.0,0.0,0.0,0.0,0.0,0.0,0.0,0.0,0.0,0.0,0.0,0.0,0.0,0.0,0.0,0.0,0.0,0.0,0.0,0.0,0.0,0.0,0.0,0.0,0.0,0.0,0.0,0.0,0.0,0.0,0.0,0.0,0.0,0.0,0.0,0.0,0.0,0.0,0.0,0.0,0.0,0.0,0.0,0.0,0.0,0.0,0.0,0.0,0.0,0.0,0.0,0.0,0.0,0.0,0.0,0.0,0.0,0.0,0.0,0.0,0.0,0.0,0.0,0.0,0.0,0.0,0.0,0.0,0.0,0.0,0.0,0.0,0.0,0.0,0.0,0.0,0.0,0.0,0.0,0.0,0.0,0.0
55,Africa,Sureste,0.0,0.0,0.0,0.0,0.0,0.0,0.0,0.0,0.0,0.0,0.0,0.0,0.0,0.0,0.0,0.0,0.0,0.0,0.0,0.0,0.0,0.0,0.0,0.0,0.0,0.0,0.0,0.0,0.0,0.0,0.0,0.0,0.0,0.0,0.0,0.0,0.0,0.0,0.0,0.0,0.0,0.0,0.0,0.0,0.0,0.0,0.0,0.0,0.0,0.0,0.0,0.0,0.0,0.0,0.0,0.0,0.0,0.0,0.0,0.0,0.0,0.0,0.0,0.0,0.0,0.0,0.0,0.0,0.0,0.0,0.0,0.0,0.0,0.0,0.0,0.0,0.0,0.0,0.0,0.0,0.0,0.0,0.0,0.0,0.0,0.0,0.0,0.0,0.0,0.0,0.0,0.0,0.0,0.0,0.0,0.0,0.0,0.0,0.0,0.0,0.0,0.0,0.0,0.0,0.0,0.0,0.0,0.0,0.0,0.0,0.0,0.0,0.0,0.0,0.0,0.0,0.0,0.0,0.0,0.0,0.0,0.0,0.0,0.0,0.0,0.0,0.0,0.0,0.0,0.0,0.0,0.0,0.0,0.0,0.0,0.0,0.0,0.0,0.0
56,Africa,Altos Norte,0.0,19906.0,0.0,0.0,0.0,466.0,19623.0,6131.0,33245.0,18154.0,76.0,2271.0,0.0,0.0,49299.0,0.0,0.0,0.0,19075.0,36525.0,2406.0,34275.0,34583.0,16142.0,20318.0,129.0,0.0,668.0,0.0,0.0,0.0,17839.0,57.0,58179.0,0.0,0.0,53300.0,0.0,0.0,0.0,24265.0,153.0,0.0,0.0,5971.0,86725.0,28708.0,37259.0,0.0,27944.0,19467.0,23449.0,42387.0,32797.0,43730.0,32797.0,0.0,87460.0,35267.0,467991.0,33954.0,0.0,124266.0,0.0,175500.0,0.0,78802.0,31922.0,39175.0,0.0,0.0,79576.0,39788.0,47419.0,0.0,68586.0,36652.0,0.0,38579.0,0.0,0.0,0.0,0.0,48202.0,76317.0,37523.0,38159.0,38159.0,40787.0,146814.0,83360.0,41680.0,81538.0,0.0,24377.0,71675.0,81538.0,60921.0,0.0,40769.0,86934.0,0.0,43467.0,114856.0,0.0,24993.0,0.0,0.0,0.0,0.0,0.0,0.0,28743.0,0.0,0.0,0.0,0.0,61386.0,0.0,31677.0,0.0,0.0,2109.0,0.0,0.0,0.0,0.0,49787.0,91266.0,1702.0,0.0,0.0,0.0,23833.0,139156.0,0.0,52445.0,106470.0,0.0
57,Africa,ZMG,189843.0,238932.0,227277.0,56052.0,543532.0,363987.0,595875.0,505029.0,789655.0,393327.0,719587.0,270133.0,573679.0,568994.0,476028.0,39207.0,4950.0,558367.0,590002.0,827772.0,280265.0,858155.0,11071.0,747970.0,595160.0,2751519.0,9936282.0,14709859.0,13138429.0,2285530.0,15838666.0,16869055.0,15860313.0,597961.0,277154.0,334165.0,519672.0,567862.0,56431.0,1388209.0,2524374.0,323904.0,204621.0,79864.0,341436.0,195665.0,339958.0,1305985.0,4999304.0,154382.0,399009.0,426868.0,615717.0,614865.0,801995.0,811478.0,434841.0,24487402.0,987498.0,5032679.0,238953.0,234015.0,954472.0,286041.0,1122227.0,13830803.0,6444950.0,7083896.0,610469.0,611195.0,275372.0,197139.0,782071.0,349443.0,503465.0,1267909.0,1015237.0,756530.0,557045.0,658759.0,687809.0,711180.0,414378.0,513527.0,741689.0,560909.0,328897.0,315568.0,612489.0,1034757.0,1785027.0,2017714.0,1088082.0,350838.0,252069.0,298538.0,520767.0,2119982.0,1316990.0,332828.0,723465.0,1037096.0,598654.0,917135.0,877223.0,413562.0,407908.0,939926.0,258187.0,496758.0,341466.0,494596.0,737050.0,663586.0,692177.0,571377.0,462890.0,849068.0,278779.0,500152.0,337757.0,140340.0,681406.0,606375.0,914696.0,674094.0,403242.0,605754.0,1687518.0,801831.0,51904.0,480181.0,256373.0,222220.0,75451.0,906332.0,1111951.0,178044.0,457163.0
58,Africa,( Blank ),21299.0,8191.0,31065.0,17195.0,34390.0,56363.0,55788.0,62830.0,11536.0,0.0,20019.0,35200.0,33238.0,145340.0,911051.0,180829.0,222996.0,86758.0,187765.0,409824.0,467401.0,314572.0,334474.0,287922.0,345040.0,209780.0,176326.0,640640.0,585921.0,772592.0,129086.0,671553.0,625391.0,712804.0,150427.0,572012.0,341043.0,81555.0,468342.0,203013.0,94073.0,223617.0,116990.0,651484.0,475266.0,128718.0,179950.0,176898.0,0.0,242941.0,3714438.0,699540.0,1502552.0,1529320.0,1301344.0,996060.0,2108790.0,490673.0,120777.0,3788209.0,1644.0,14549179.0,231355.0,875288.0,1601129.0,3158821.0,410672.0,715832.0,2089442.0,1186546.0,556823.0,2948228.0,4907949.0,3802009.0,1672869.0,3474265.0,3108794.0,6602161.0,3625935.0,4663359.0,2810556.0,1029750.0,2347790.0,3538245.0,2295384.0,1134165.0,7154860.0,4008561.0,1992384.0,2759264.0,1631222.0,1830079.0,2386104.0,1744013.0,2917763.0,582006.0,7792603.0,705944.0,520080.0,629211.0,899631.0,603270.0,913680.0,898565.0,702812.0,551363.0,209141.0,741449.0,372803.0,418479.0,2168165.0,852787.0,687234.0,498400.0,731200.0,994818.0,388378.0,1162316.0,848972.0,4090948.0,419813.0,615220.0,784214.0,964114.0,1505311.0,746200.0,1571633.0,1102560.0,924660.0,702532.0,1486622.0,803197.0,373957.0,705745.0,832925.0,749187.0,989756.0,1636791.0,2098724.0
60,Oceanía,Altos Sur,0.0,0.0,34164.0,0.0,0.0,114700.0,0.0,34164.0,0.0,90325.0,0.0,90716.0,0.0,34164.0,0.0,34164.0,0.0,34164.0,0.0,0.0,34164.0,0.0,0.0,0.0,89712.0,24598.0,77894.0,0.0,50805.0,0.0,49823.0,0.0,0.0,0.0,0.0,0.0,0.0,0.0,139309.0,0.0,0.0,0.0,0.0,0.0,69394.0,0.0,0.0,49823.0,0.0,0.0,92938.0,0.0,51835.0,0.0,52130.0,95778.0,176.0,4730.0,265.0,138146.0,164.0,0.0,150135.0,44512.0,99483.0,35392.0,89756.0,41734.0,307335.0,40168.0,35642.0,0.0,107464.0,42667.0,108331.0,0.0,150589.0,58492.0,100044.0,91147.0,0.0,42109.0,97006.0,87907.0,103230.0,0.0,173475.0,107204.0,228527.0,99526.0,45936.0,8.0,1575.0,96436.0,40078.0,104291.0,339511.0,64176.0,103232.0,152318.0,181042.0,79063.0,158515.0,82613.0,103232.0,271894.0,76199.0,13344.0,18252.0,147779.0,156526.0,0.0,152458.0,91147.0,40016.0,170050.0,115062.0,0.0,37520.0,67395.0,77536.0,35024.0,137243.0,145950.0,0.0,314530.0,20730.0,115485.0,68048.0,150459.0,111184.0,108730.0,75552.0,0.0,121513.0,262754.0,0.0,116411.0,117826.0
61,Oceanía,Centro,97166.0,350217.0,522359.0,279888.0,530878.0,2193845.0,166488.0,497384.0,577372.0,646151.0,821080.0,1664899.0,774669.0,174701.0,1532172.0,282812.0,1051218.0,1640719.0,246163.0,1659128.0,694506.0,413325.0,1051241.0,1478969.0,867013.0,896520.0,238110.0,867512.0,1024165.0,1107127.0,474345.0,582199.0,1355868.0,1091125.0,178897.0,1716682.0,456459.0,439781.0,436458.0,213188.0,465920.0,778138.0,805209.0,2733275.0,3656960.0,1462074.0,2263585.0,2622357.0,2652252.0,1138893.0,2009009.0,1789808.0,2030512.0,2404001.0,3953101.0,1604344.0,1745429.0,2686090.0,2208291.0,4148060.0,3446676.0,3039448.0,1930350.0,2028701.0,2009035.0,4704859.0,3506343.0,1731904.0,7430905.0,3160920.0,1811217.0,5650468.0,7453294.0,9685308.0,8988587.0,5301477.0,7228428.0,9732857.0,13584092.0,10333179.0,12452366.0,6135195.0,10840661.0,17478239.0,10104856.0,7234492.0,17277727.0,13263116.0,12365063.0,21211012.0,15538656.0,15518055.0,10375918.0,12207379.0,5977040.0,6767581.0,4076254.0,7079141.0,6755983.0,7563600.0,7515803.0,7360857.0,7658334.0,5421541.0,7568864.0,7048043.0,6610058.0,8658643.0,3973217.0,4420540.0,3739974.0,8199318.0,5049763.0,22458951.0,19615017.0,8555436.0,12334373.0,15525265.0,9850633.0,16183652.0,13034016.0,6996358.0,14922310.0,3255363.0,9179539.0,13612449.0,6092940.0,8250306.0,12128956.0,9771327.0,10136895.0,4971402.0,14763991.0,8799083.0,7312748.0,4057337.0,4312773.0,25738327.0,11481417.0
62,Oceanía,Valles,0.0,0.0,0.0,0.0,0.0,0.0,0.0,69465.0,0.0,0.0,0.0,0.0,0.0,0.0,0.0,0.0,0.0,0.0,1774.0,0.0,0.0,0.0,0.0,0.0,0.0,0.0,0.0,20702.0,0.0,0.0,0.0,0.0,0.0,56332.0,0.0,0.0,0.0,0.0,0.0,0.0,0.0,0.0,0.0,0.0,0.0,24872.0,0.0,0.0,0.0,0.0,0.0,0.0,0.0,0.0,0.0,0.0,0.0,0.0,0.0,0.0,0.0,0.0,0.0,0.0,0.0,0.0,0.0,0.0,0.0,0.0,0.0,0.0,0.0,0.0,0.0,0.0,0.0,0.0,0.0,0.0,0.0,0.0,17180.0,5.0,0.0,15.0,48.0,0.0,282.0,0.0,52007.0,16583.0,69464.0,0.0,48.0,49228.0,70335.0,0.0,0.0,0.0,3209.0,3067.0,22368.0,0.0,11750.0,0.0,0.0,19728.0,1188.0,0.0,0.0,25620.0,5930.0,0.0,126180.0,0.0,0.0,43425.0,0.0,5091.0,37800.0,2150.0,0.0,19867.0,0.0,4517.0,72379.0,40186.0,566.0,3581.0,0.0,18397.0,0.0,58440.0,0.0,18193.0,14910.0,24138.0,0.0
63,Oceanía,Sur,0.0,0.0,0.0,0.0,0.0,0.0,0.0,0.0,0.0,0.0,0.0,0.0,0.0,0.0,0.0,0.0,0.0,0.0,0.0,0.0,0.0,0.0,0.0,0.0,0.0,0.0,0.0,0.0,0.0,0.0,0.0,0.0,0.0,0.0,0.0,0.0,0.0,0.0,0.0,0.0,0.0,0.0,0.0,0.0,0.0,200.0,0.0,0.0,0.0,0.0,0.0,0.0,0.0,0.0,0.0,0.0,0.0,0.0,0.0,0.0,0.0,0.0,0.0,0.0,0.0,5396.0,0.0,0.0,0.0,0.0,0.0,0.0,0.0,0.0,0.0,0.0,0.0,0.0,0.0,0.0,0.0,6350.0,0.0,0.0,0.0,0.0,0.0,0.0,0.0,0.0,0.0,0.0,0.0,0.0,6350.0,0.0,0.0,0.0,0.0,0.0,0.0,0.0,0.0,0.0,5412.0,4241.0,0.0,687.0,6652.0,4241.0,0.0,0.0,9653.0,4241.0,8482.0,16482.0,38034.0,27324.0,26524.0,18216.0,0.0,10240.0,18612.0,0.0,0.0,0.0,18216.0,10240.0,0.0,28456.0,0.0,27232.0,0.0,0.0,10205.0,0.0,9402.0,18216.0,0.0
64,Oceanía,Sierra de Amula,0.0,0.0,0.0,0.0,0.0,0.0,0.0,0.0,0.0,0.0,0.0,0.0,0.0,0.0,0.0,0.0,0.0,0.0,0.0,0.0,0.0,0.0,0.0,0.0,0.0,0.0,0.0,0.0,0.0,0.0,0.0,0.0,0.0,0.0,0.0,0.0,0.0,0.0,0.0,0.0,0.0,0.0,0.0,0.0,0.0,0.0,0.0,0.0,0.0,0.0,0.0,0.0,0.0,0.0,0.0,0.0,0.0,0.0,0.0,0.0,0.0,0.0,0.0,0.0,0.0,0.0,0.0,0.0,0.0,0.0,0.0,0.0,0.0,0.0,0.0,0.0,0.0,0.0,0.0,0.0,0.0,0.0,0.0,0.0,0.0,0.0,0.0,0.0,0.0,0.0,0.0,0.0,0.0,0.0,0.0,0.0,0.0,0.0,0.0,0.0,0.0,0.0,0.0,0.0,0.0,0.0,0.0,0.0,0.0,0.0,0.0,0.0,0.0,0.0,0.0,0.0,0.0,0.0,0.0,0.0,0.0,0.0,0.0,0.0,0.0,0.0,0.0,0.0,0.0,0.0,0.0,0.0,0.0,0.0,0.0,0.0,0.0,0.0,0.0
65,Oceanía,Sierra Occidental,0.0,0.0,0.0,0.0,0.0,0.0,0.0,0.0,0.0,0.0,0.0,0.0,0.0,0.0,0.0,0.0,0.0,0.0,0.0,0.0,0.0,0.0,0.0,0.0,0.0,0.0,0.0,0.0,0.0,0.0,0.0,0.0,0.0,0.0,0.0,0.0,0.0,0.0,0.0,0.0,0.0,0.0,0.0,0.0,0.0,0.0,0.0,0.0,0.0,0.0,0.0,0.0,0.0,0.0,0.0,0.0,0.0,0.0,0.0,0.0,0.0,0.0,0.0,0.0,0.0,0.0,0.0,0.0,0.0,0.0,0.0,0.0,0.0,0.0,0.0,0.0,0.0,0.0,0.0,0.0,0.0,0.0,0.0,0.0,0.0,0.0,0.0,0.0,0.0,0.0,0.0,0.0,0.0,0.0,0.0,0.0,0.0,0.0,0.0,0.0,0.0,0.0,0.0,0.0,0.0,0.0,0.0,0.0,0.0,0.0,0.0,0.0,0.0,0.0,0.0,0.0,0.0,0.0,0.0,0.0,0.0,0.0,0.0,0.0,0.0,0.0,0.0,0.0,0.0,0.0,0.0,0.0,0.0,0.0,0.0,0.0,0.0,0.0,0.0
66,Oceanía,Ciénega,677700.0,447329.0,346513.0,248878.0,442652.0,538414.0,298312.0,213444.0,506015.0,607417.0,228846.0,412884.0,1246200.0,1213439.0,595848.0,862317.0,367595.0,440937.0,292500.0,170704.0,127904.0,312439.0,196275.0,646349.0,398568.0,411689.0,525237.0,776459.0,1158199.0,997841.0,612882.0,1665738.0,1041227.0,763481.0,402264.0,141509.0,431640.0,791528.0,1799397.0,1119758.0,722799.0,730059.0,0.0,0.0,0.0,0.0,0.0,0.0,0.0,0.0,0.0,0.0,0.0,0.0,0.0,0.0,0.0,0.0,0.0,0.0,0.0,0.0,0.0,0.0,0.0,0.0,0.0,0.0,0.0,0.0,0.0,0.0,43344.0,0.0,0.0,0.0,0.0,0.0,0.0,0.0,0.0,0.0,0.0,0.0,1743.0,0.0,0.0,0.0,0.0,0.0,0.0,0.0,0.0,0.0,0.0,0.0,0.0,0.0,0.0,0.0,0.0,0.0,0.0,1513.0,0.0,0.0,0.0,0.0,11484.0,7577.0,0.0,0.0,0.0,0.0,0.0,0.0,0.0,0.0,0.0,0.0,16027.0,0.0,0.0,0.0,0.0,0.0,0.0,0.0,0.0,0.0,0.0,0.0,0.0,0.0,0.0,0.0,0.0,0.0,0.0
67,Oceanía,Costa Sur,0.0,0.0,0.0,0.0,0.0,0.0,0.0,0.0,0.0,0.0,0.0,0.0,0.0,0.0,0.0,0.0,0.0,0.0,0.0,0.0,0.0,0.0,0.0,0.0,0.0,0.0,0.0,0.0,0.0,0.0,0.0,0.0,0.0,0.0,0.0,0.0,0.0,0.0,0.0,0.0,0.0,0.0,0.0,0.0,0.0,0.0,0.0,0.0,0.0,0.0,0.0,0.0,0.0,0.0,0.0,0.0,0.0,0.0,0.0,0.0,0.0,0.0,0.0,0.0,0.0,0.0,0.0,0.0,0.0,0.0,0.0,0.0,0.0,0.0,0.0,0.0,0.0,0.0,0.0,0.0,0.0,0.0,0.0,0.0,0.0,0.0,0.0,0.0,0.0,0.0,0.0,0.0,0.0,0.0,0.0,0.0,0.0,0.0,0.0,0.0,0.0,0.0,0.0,0.0,0.0,0.0,0.0,0.0,0.0,0.0,0.0,0.0,0.0,0.0,0.0,0.0,0.0,0.0,0.0,0.0,0.0,0.0,0.0,0.0,0.0,0.0,0.0,0.0,0.0,0.0,0.0,0.0,0.0,0.0,0.0,0.0,0.0,0.0,0.0
68,Oceanía,Norte,0.0,0.0,0.0,0.0,0.0,0.0,0.0,0.0,0.0,0.0,0.0,0.0,0.0,0.0,0.0,0.0,0.0,0.0,0.0,0.0,0.0,0.0,0.0,0.0,0.0,0.0,0.0,0.0,0.0,0.0,0.0,0.0,0.0,0.0,0.0,0.0,0.0,0.0,0.0,0.0,0.0,0.0,0.0,0.0,0.0,0.0,0.0,0.0,0.0,0.0,0.0,0.0,0.0,0.0,0.0,0.0,0.0,0.0,0.0,0.0,0.0,0.0,0.0,0.0,0.0,0.0,0.0,0.0,0.0,0.0,0.0,0.0,0.0,0.0,0.0,0.0,0.0,0.0,0.0,0.0,0.0,0.0,0.0,0.0,0.0,0.0,0.0,0.0,0.0,0.0,0.0,0.0,0.0,0.0,0.0,0.0,0.0,0.0,0.0,0.0,0.0,0.0,0.0,0.0,0.0,0.0,0.0,0.0,0.0,0.0,0.0,0.0,0.0,0.0,0.0,0.0,0.0,0.0,0.0,0.0,0.0,0.0,0.0,0.0,0.0,0.0,0.0,0.0,0.0,0.0,0.0,0.0,0.0,0.0,0.0,0.0,0.0,0.0,0.0
69,Oceanía,Costa Norte,0.0,0.0,0.0,0.0,0.0,0.0,0.0,0.0,0.0,0.0,0.0,0.0,0.0,0.0,0.0,0.0,0.0,0.0,0.0,0.0,0.0,0.0,0.0,0.0,0.0,0.0,0.0,0.0,0.0,0.0,0.0,0.0,0.0,0.0,0.0,0.0,0.0,0.0,0.0,0.0,0.0,0.0,0.0,0.0,0.0,0.0,0.0,0.0,0.0,0.0,0.0,0.0,0.0,0.0,0.0,0.0,0.0,0.0,0.0,0.0,0.0,0.0,0.0,0.0,0.0,0.0,0.0,0.0,0.0,0.0,0.0,0.0,44.0,0.0,0.0,0.0,0.0,0.0,0.0,0.0,0.0,0.0,0.0,0.0,0.0,0.0,0.0,0.0,0.0,0.0,0.0,0.0,0.0,0.0,0.0,0.0,0.0,0.0,0.0,0.0,0.0,0.0,0.0,0.0,0.0,0.0,0.0,0.0,0.0,0.0,0.0,0.0,0.0,0.0,0.0,0.0,0.0,0.0,0.0,0.0,0.0,0.0,0.0,0.0,0.0,0.0,0.0,0.0,0.0,0.0,0.0,0.0,0.0,0.0,0.0,0.0,0.0,0.0,0.0
70,Oceanía,Sureste,0.0,0.0,0.0,0.0,0.0,0.0,0.0,0.0,0.0,0.0,0.0,0.0,0.0,0.0,0.0,0.0,0.0,0.0,0.0,0.0,0.0,0.0,0.0,0.0,0.0,0.0,0.0,0.0,0.0,0.0,0.0,0.0,0.0,0.0,0.0,0.0,0.0,0.0,0.0,0.0,0.0,0.0,0.0,0.0,0.0,0.0,0.0,0.0,0.0,0.0,0.0,0.0,0.0,0.0,0.0,0.0,0.0,0.0,0.0,0.0,0.0,0.0,0.0,0.0,0.0,0.0,0.0,0.0,0.0,0.0,0.0,0.0,0.0,0.0,0.0,0.0,0.0,0.0,0.0,0.0,0.0,0.0,0.0,0.0,0.0,0.0,0.0,0.0,0.0,0.0,0.0,0.0,0.0,0.0,0.0,0.0,0.0,0.0,0.0,0.0,0.0,0.0,0.0,0.0,0.0,0.0,0.0,0.0,0.0,0.0,0.0,0.0,0.0,0.0,0.0,0.0,0.0,0.0,0.0,0.0,0.0,0.0,0.0,0.0,0.0,0.0,0.0,0.0,0.0,0.0,0.0,0.0,0.0,0.0,0.0,0.0,0.0,0.0,0.0
71,Oceanía,Altos Norte,51172.0,2477.0,136.0,0.0,48249.0,0.0,52579.0,56778.0,0.0,96201.0,0.0,77605.0,0.0,0.0,54671.0,54981.0,949.0,0.0,0.0,641.0,57970.0,29321.0,1227.0,57995.0,0.0,19.0,0.0,64122.0,0.0,0.0,55896.0,0.0,0.0,59229.0,54880.0,2742.0,0.0,71374.0,668.0,50.0,66901.0,0.0,300.0,0.0,100582.0,56995.0,66673.0,0.0,0.0,0.0,66404.0,73828.0,0.0,33231.0,62793.0,0.0,71621.0,0.0,29850.0,68157.0,0.0,16278.0,64740.0,64947.0,69971.0,0.0,191.0,70565.0,0.0,63635.0,61669.0,71914.0,0.0,0.0,6180.0,1795.0,0.0,0.0,70327.0,0.0,61650.0,0.0,0.0,0.0,0.0,56567.0,64874.0,0.0,127317.0,196.0,80105.0,285.0,279.0,0.0,0.0,195637.0,0.0,2215.0,63617.0,0.0,0.0,73747.0,75361.0,123093.0,0.0,144014.0,2254.0,86.0,0.0,0.0,67756.0,62759.0,189.0,6356.0,5797.0,0.0,79509.0,66012.0,60169.0,27744.0,5689.0,29537.0,2459.0,132196.0,0.0,60095.0,0.0,63314.0,0.0,0.0,123796.0,0.0,0.0,69184.0,2435.0,75387.0,0.0,69614.0,0.0
72,Oceanía,ZMG,771588.0,915919.0,1187336.0,774651.0,1673626.0,995770.0,1111865.0,1330678.0,1259415.0,2338039.0,2032230.0,2628006.0,3641541.0,2162728.0,3021729.0,2691001.0,3122447.0,2924387.0,3843154.0,2884371.0,3718605.0,6006017.0,4797591.0,5603937.0,5494497.0,4023689.0,3541023.0,4409285.0,2948097.0,5199065.0,4046924.0,3216531.0,1568473.0,2076749.0,7388435.0,5110215.0,6105987.0,3590466.0,3360760.0,3827962.0,3890017.0,3948067.0,2984784.0,2220843.0,2066658.0,1632096.0,2969187.0,3879068.0,3985245.0,1429257.0,2187284.0,2610122.0,562943.0,1389420.0,863965.0,3286121.0,8800384.0,11284923.0,4573432.0,6860869.0,5915910.0,4568973.0,5318280.0,7651674.0,8427187.0,8896240.0,7174284.0,1288899.0,2388831.0,4626374.0,2087244.0,1139889.0,7548409.0,6690006.0,6680038.0,8402498.0,7477306.0,8730116.0,10091591.0,9814183.0,10903432.0,7751829.0,11057665.0,10036289.0,8240467.0,5268011.0,1105979.0,898174.0,1639245.0,1143748.0,944694.0,1807301.0,1368324.0,2058032.0,1571131.0,777591.0,1272814.0,433665.0,1460065.0,987007.0,685156.0,560420.0,1010644.0,1214419.0,907785.0,876629.0,883350.0,1074794.0,455515.0,616898.0,644104.0,946220.0,399004.0,1054804.0,569400.0,976651.0,989408.0,1771551.0,1160446.0,928697.0,359377.0,302128.0,1158605.0,491063.0,269423.0,936804.0,1332201.0,629843.0,517757.0,1207543.0,827937.0,1033775.0,684928.0,299752.0,483332.0,463347.0,846896.0,1368179.0,615011.0
73,Oceanía,( Blank ),176969.0,176835.0,224596.0,223204.0,389116.0,682600.0,532071.0,374446.0,339897.0,710373.0,407563.0,1034230.0,680564.0,701402.0,755325.0,1340457.0,722550.0,691036.0,1621623.0,1200910.0,644148.0,1078665.0,887250.0,723906.0,482766.0,394465.0,890178.0,667268.0,431818.0,468774.0,1060307.0,921090.0,1185599.0,751575.0,632737.0,445896.0,410199.0,1197224.0,346096.0,582360.0,494712.0,464492.0,827056.0,1258260.0,513220.0,689430.0,469460.0,571820.0,379090.0,489761.0,810765.0,727953.0,611742.0,1027660.0,1244497.0,954966.0,709495.0,900924.0,535927.0,740346.0,921024.0,627247.0,1163875.0,901362.0,1460987.0,1048386.0,313847.0,434339.0,330089.0,287156.0,283451.0,1310237.0,919175.0,1214465.0,947998.0,1187273.0,2090703.0,997044.0,1914797.0,1818018.0,973270.0,943825.0,913985.0,773889.0,621084.0,2585294.0,4417135.0,4583433.0,1736001.0,1650123.0,2529664.0,5413428.0,2013054.0,1509852.0,681436.0,948244.0,2043625.0,1299075.0,1438867.0,1032773.0,1751044.0,1191306.0,1084572.0,2248947.0,1714117.0,1793263.0,697073.0,1778151.0,1292300.0,734683.0,1030992.0,1706408.0,1777692.0,832245.0,2301021.0,1060631.0,895010.0,897584.0,794055.0,796935.0,685021.0,463345.0,1007847.0,1989214.0,379426.0,883953.0,845967.0,1291923.0,937105.0,817209.0,388129.0,1543078.0,4473863.0,5131607.0,4318804.0,13001841.0,10400880.0,7481657.0,4009756.0
75,América del Norte,Altos Sur,1370564.0,1714307.0,3991886.0,1618561.0,3328736.0,2411043.0,3501072.0,2471016.0,1816332.0,3230831.0,2679612.0,2021836.0,2681964.0,2234659.0,2740789.0,2855226.0,2576752.0,2813758.0,2749239.0,2882407.0,2485376.0,2519239.0,2014159.0,1160461.0,4963009.0,2139608.0,2521594.0,1928170.0,2810775.0,2636737.0,2413910.0,3482408.0,3930014.0,3782241.0,1428118.0,2525195.0,2199487.0,2009559.0,1521694.0,1176978.0,3311370.0,2051640.0,2305316.0,2323796.0,4027841.0,3016599.0,2396168.0,3019881.0,2586483.0,1909573.0,4082672.0,5155737.0,4367053.0,5595618.0,4067096.0,4930936.0,4322053.0,4390674.0,5357951.0,6334879.0,3427117.0,3258809.0,4472782.0,3295025.0,3195300.0,5154605.0,4338482.0,3904809.0,2812608.0,2678346.0,3040881.0,3558034.0,2944014.0,4098068.0,5154930.0,5118931.0,4446521.0,3621133.0,5742257.0,4715445.0,4206641.0,4004219.0,3168488.0,1783585.0,2897448.0,5788006.0,3073350.0,4482393.0,4547147.0,2194521.0,3010303.0,2966463.0,2086150.0,2549377.0,3160978.0,2768970.0,2705496.0,2846764.0,4188573.0,3552062.0,3470349.0,4440156.0,3424606.0,4403181.0,4256442.0,6757072.0,8786486.0,6386114.0,5431921.0,8382645.0,5688784.0,4146032.0,3953576.0,3439728.0,3922967.0,3321035.0,4748082.0,3522907.0,5164717.0,2507541.0,2814610.0,3315402.0,4267985.0,4981477.0,5095041.0,6945294.0,10493560.0,5913777.0,6696527.0,6625370.0,6335317.0,4923509.0,4439373.0,6006117.0,7506602.0,5425429.0,5693512.0,8907542.0,7979531.0
76,América del Norte,Centro,368103474.0,355899115.0,389983833.0,337783509.0,429837752.0,374741684.0,321568372.0,369086863.0,384915392.0,431018396.0,364159237.0,377163697.0,381194540.0,357120115.0,421829923.0,382222256.0,1575299251.0,391883582.0,415668731.0,442835135.0,398758209.0,469201275.0,379901317.0,416012224.0,444023433.0,413509770.0,466157733.0,436374522.0,384277628.0,408244398.0,391278413.0,348847117.0,419285658.0,376856480.0,345072804.0,322621535.0,215183291.0,215173719.0,332307087.0,285743262.0,259640596.0,314383507.0,272304388.0,254114507.0,372546072.0,307810829.0,313460656.0,374794935.0,256896896.0,279014734.0,364498207.0,279625722.0,306313593.0,346531702.0,306226038.0,370407987.0,324107600.0,404322780.0,361598558.0,398937703.0,333000095.0,333600900.0,368690043.0,348479508.0,366732275.0,336172143.0,339715579.0,335752536.0,395528749.0,375178566.0,386251834.0,416974584.0,396190470.0,399381761.0,596952582.0,538016277.0,510305387.0,538313468.0,486677271.0,544130018.0,517897776.0,644183435.0,575410696.0,636550034.0,467078997.0,492951592.0,554967312.0,560033894.0,576421980.0,579352677.0,594053371.0,594575515.0,612094178.0,666538966.0,625968626.0,737352573.0,495492873.0,591354542.0,643405447.0,831699946.0,746038607.0,789896428.0,864123050.0,820372980.0,1418392312.0,1062098310.0,864265475.0,1064610558.0,732118620.0,819376674.0,794014292.0,935759465.0,827720733.0,905548334.0,1104080736.0,919048158.0,960578964.0,1013943579.0,991778289.0,1095654492.0,1024672242.0,1040538546.0,1003515178.0,1053487772.0,1007515188.0,992232892.0,969524622.0,1027427442.0,943468456.0,973947804.0,986232199.0,1005723197.0,912377352.0,938192743.0,1115613532.0,938536258.0,1104396370.0,1061010892.0,1089019056.0
77,América del Norte,Valles,443443.0,777127.0,770446.0,1293691.0,1411333.0,1576342.0,1297335.0,1955476.0,1524543.0,581357.0,1000722.0,621569.0,337604.0,487717.0,930462.0,753654.0,1218949.0,583201.0,789473.0,1477242.0,630600.0,420189.0,1189525.0,579605.0,931076.0,542727.0,856192.0,1887552.0,1777700.0,1454488.0,3370003.0,3103284.0,1310268.0,2425071.0,2902841.0,3168561.0,3528028.0,2014700.0,2813297.0,2351056.0,1942641.0,4813383.0,2850689.0,1253308.0,1783278.0,3712670.0,2520482.0,2147002.0,1314415.0,2163168.0,3576931.0,3228168.0,3845061.0,4559684.0,3818318.0,5397837.0,4279830.0,3941220.0,4142848.0,6201724.0,5589271.0,5147719.0,4942201.0,3183840.0,4396134.0,3332775.0,2823283.0,3925027.0,3323835.0,2708905.0,2880393.0,4172689.0,4790130.0,5762867.0,6796901.0,7197345.0,6163445.0,4193334.0,4455467.0,3654501.0,3385627.0,4223744.0,4355685.0,3783985.0,4133746.0,3208710.0,3961932.0,5132543.0,4392187.0,4535194.0,3416300.0,3934261.0,3701584.0,4209168.0,4476268.0,5231601.0,4693294.0,4275188.0,5237091.0,6041191.0,4574417.0,4923910.0,4486402.0,3885618.0,4290062.0,4041722.0,3872242.0,3869556.0,3175279.0,4624253.0,5484225.0,5182326.0,4380421.0,5618839.0,5200995.0,4075702.0,3528355.0,4575431.0,4475594.0,4545465.0,4268073.0,3955141.0,4759312.0,5290421.0,6341639.0,5636251.0,6068292.0,5623432.0,6741752.0,6759485.0,5308244.0,6398004.0,5398834.0,3965365.0,4977064.0,5225971.0,7786629.0,7177151.0,5888273.0
78,América del Norte,Sur,444792.0,343393.0,546259.0,377520.0,481456.0,377081.0,462112.0,371512.0,480010.0,317801.0,358833.0,236072.0,395721.0,348653.0,412556.0,371844.0,267835.0,195879.0,91790.0,65929.0,107687.0,551669.0,304198.0,553893.0,712321.0,647086.0,540444.0,331064.0,360740.0,248882.0,150407.0,50382.0,98372.0,219366.0,264967.0,721191.0,711702.0,603160.0,410510.0,156765.0,52533.0,106712.0,180955.0,190742.0,752172.0,1073251.0,1177423.0,642166.0,874395.0,743330.0,1151827.0,1022670.0,851658.0,1798899.0,1459623.0,1054174.0,703592.0,651405.0,551513.0,968258.0,787829.0,876575.0,1216686.0,841617.0,820386.0,1511822.0,1438383.0,784467.0,548458.0,785003.0,1432546.0,888500.0,1015239.0,1304592.0,1024234.0,908379.0,674394.0,412139.0,316632.0,297702.0,638295.0,1322792.0,1046284.0,1209292.0,1167071.0,1098562.0,1314928.0,1009811.0,1027330.0,683422.0,918255.0,1791841.0,632240.0,2182773.0,5455700.0,2145033.0,616580.0,1527335.0,1176325.0,1254084.0,1215349.0,1018390.0,245908.0,323853.0,323980.0,349099.0,921830.0,1481751.0,1458907.0,844292.0,571268.0,732698.0,508530.0,230157.0,299275.0,450124.0,745843.0,522573.0,1062438.0,1137379.0,822607.0,1588166.0,1787000.0,1652239.0,737121.0,1097219.0,558708.0,1381356.0,839177.0,838894.0,1254380.0,1356034.0,649353.0,2495769.0,1531456.0,1329150.0,1292157.0,970306.0,1146433.0
79,América del Norte,Sierra de Amula,0.0,0.0,0.0,0.0,0.0,1344930.0,1037475.0,0.0,0.0,0.0,0.0,0.0,450231.0,127239.0,0.0,0.0,0.0,0.0,0.0,0.0,0.0,0.0,0.0,0.0,0.0,0.0,0.0,0.0,0.0,0.0,0.0,0.0,0.0,0.0,0.0,0.0,107897.0,17125.0,0.0,0.0,0.0,0.0,1506.0,3421.0,0.0,22275.0,0.0,0.0,0.0,11589.0,7450.0,0.0,22248.0,19867.0,16415.0,1568.0,0.0,10004.0,2082.0,8179.0,0.0,10477.0,5902.0,2681.0,19096.0,0.0,21936.0,5668.0,0.0,32655.0,0.0,21042.0,0.0,0.0,2677.0,0.0,27122.0,25778.0,25622.0,7591.0,0.0,18857.0,23745.0,0.0,2130.0,6072.0,41498.0,27785.0,9415.0,30298.0,16711.0,6867.0,76562.0,48186.0,0.0,39986.0,28394.0,1014.0,55297.0,38446.0,4792.0,43275.0,49498.0,45506.0,18719.0,43196.0,31889.0,24370.0,1310.0,43634.0,40782.0,37689.0,24061.0,33559.0,47798.0,51495.0,33586.0,23250.0,24312.0,25166.0,1990.0,40225.0,30338.0,54288.0,26432.0,28063.0,15880.0,151151.0,40292.0,39279.0,61211.0,19309.0,68663.0,34173.0,74294.0,24311.0,35809.0,69062.0,27400.0
80,América del Norte,Sierra Occidental,0.0,0.0,0.0,0.0,0.0,0.0,0.0,0.0,0.0,0.0,0.0,0.0,0.0,0.0,0.0,0.0,0.0,0.0,0.0,0.0,0.0,0.0,0.0,0.0,336837.0,325606.0,284839.0,458454.0,336133.0,98133.0,206890.0,92778.0,375049.0,219200.0,145263.0,352980.0,338036.0,366630.0,216876.0,21587.0,0.0,0.0,0.0,0.0,0.0,0.0,0.0,0.0,0.0,0.0,0.0,0.0,0.0,0.0,0.0,0.0,0.0,185211.0,205126.0,184501.0,152224.0,164221.0,163801.0,184408.0,99160.0,60475.0,37439.0,11855.0,69310.0,191496.0,158053.0,206002.0,129323.0,153789.0,170189.0,281076.0,63541.0,38926.0,31984.0,22362.0,120155.0,185618.0,137567.0,198510.0,142101.0,147378.0,142593.0,131743.0,118415.0,91066.0,112611.0,0.0,0.0,0.0,0.0,0.0,0.0,0.0,0.0,0.0,0.0,0.0,0.0,0.0,0.0,0.0,0.0,0.0,0.0,0.0,0.0,0.0,0.0,0.0,0.0,0.0,0.0,0.0,0.0,0.0,0.0,0.0,0.0,0.0,0.0,0.0,0.0,0.0,0.0,0.0,0.0,0.0,0.0,0.0,0.0,0.0,0.0,0.0,0.0
81,América del Norte,Ciénega,28460857.0,25581903.0,24080264.0,20778451.0,18024689.0,14341711.0,11811093.0,14991644.0,9611583.0,19457641.0,34633837.0,32640767.0,37789011.0,37230674.0,28613001.0,34874178.0,35493053.0,17853795.0,12046827.0,11488297.0,12948303.0,15954770.0,39529648.0,47692988.0,39577410.0,35861786.0,28977583.0,40742718.0,37042610.0,21229793.0,13940818.0,9402783.0,14799740.0,15443074.0,36669439.0,48527839.0,43871820.0,49224940.0,42174493.0,31802214.0,41813419.0,25346268.0,7184244.0,6247408.0,8356468.0,16736769.0,54783050.0,42808709.0,31217211.0,46984047.0,53359890.0,44651323.0,50517182.0,24179492.0,9590914.0,10116742.0,7636113.0,12643714.0,47745895.0,58409926.0,33305541.0,52883814.0,60119942.0,62119680.0,60900208.0,23291086.0,10643817.0,15772763.0,9405436.0,19505427.0,79676599.0,56872473.0,79544005.0,74135356.0,69609346.0,72825111.0,97955224.0,20732099.0,6470367.0,7912111.0,7077831.0,34945837.0,72052657.0,87070247.0,76312561.0,76422327.0,72275742.0,89439023.0,76967959.0,26148153.0,12816271.0,10344646.0,9127963.0,39738882.0,72862323.0,97395340.0,70856745.0,101076015.0,107246668.0,77269420.0,100410470.0,18680092.0,7454739.0,7123580.0,8675289.0,41312304.0,82413413.0,115036778.0,83746030.0,110757223.0,115736418.0,117838477.0,94690600.0,26303927.0,4668312.0,8356442.0,12901797.0,60735246.0,133956895.0,158391393.0,110324927.0,137468668.0,205245597.0,132735419.0,126065793.0,61205722.0,5844263.0,6708287.0,10908879.0,31230641.0,123018841.0,148567192.0,124935135.0,166777898.0,227412514.0,178399142.0,142566679.0,19221548.0,4849518.0
82,América del Norte,Costa Sur,352176.0,468842.0,855859.0,635300.0,124806.0,0.0,0.0,10200.0,0.0,0.0,0.0,252819.0,360283.0,371672.0,558788.0,410499.0,182568.0,61788.0,94752.0,67836.0,0.0,8232.0,88788.0,378608.0,671217.0,613977.0,947502.0,611529.0,127259.0,121668.0,161892.0,137916.0,67152.0,300163.0,349356.0,619615.0,972440.0,1130474.0,1648377.0,1004222.0,389250.0,315074.0,313585.0,172738.0,30605.0,56785.0,403291.0,447078.0,250135.0,664444.0,572967.0,883809.0,397732.0,206326.0,166398.0,113388.0,76501.0,175136.0,193917.0,488345.0,799761.0,808364.0,939856.0,774523.0,556614.0,160056.0,145164.0,70668.0,65183.0,206078.0,137095.0,211003.0,444757.0,426342.0,492779.0,461811.0,249640.0,14706.0,14760.0,13578.0,7068.0,14982.0,37093.0,120824.0,256294.0,188713.0,496743.0,465588.0,114890.0,49230.0,40651.0,13290.0,6520.0,0.0,17275.0,92519.0,33703.0,127952.0,194918.0,434735.0,29005.0,0.0,0.0,0.0,0.0,0.0,0.0,0.0,0.0,23000.0,0.0,0.0,0.0,0.0,0.0,0.0,0.0,0.0,0.0,0.0,0.0,0.0,0.0,0.0,0.0,0.0,0.0,0.0,0.0,0.0,0.0,0.0,0.0,0.0,0.0,0.0,0.0,0.0,0.0
83,América del Norte,Norte,78953.0,40235.0,39658.0,38234.0,77164.0,118252.0,118260.0,79131.0,40240.0,82073.0,36550.0,41632.0,42520.0,42043.0,40113.0,80782.0,124059.0,42316.0,40746.0,119282.0,80563.0,41085.0,78153.0,40661.0,79025.0,78970.0,39042.0,73685.0,44407.0,86176.0,129673.0,144435.0,201663.0,103797.0,154084.0,83148.0,571688.0,35434.0,2233701.0,1355364.0,537152.0,1168788.0,1091086.0,269314.0,733987.0,386283.0,610177.0,122136.0,623146.0,933029.0,806325.0,414186.0,772651.0,184553.0,358585.0,655713.0,146999.0,814380.0,969592.0,87523.0,588107.0,2850466.0,3716953.0,2007571.0,5044000.0,3180906.0,1077194.0,952963.0,1176905.0,3227483.0,247004.0,1401947.0,210238.0,193097.0,7711.0,85353.0,211822.0,174818.0,246370.0,213646.0,217768.0,265812.0,182119.0,82745.0,230067.0,40196.0,330235.0,143883.0,284496.0,286952.0,265658.0,293799.0,130215.0,545472.0,191342.0,135658.0,309035.0,195575.0,323444.0,391363.0,400184.0,286062.0,451183.0,410595.0,183223.0,243089.0,445343.0,580964.0,391914.0,412676.0,709762.0,356108.0,124080.0,102497.0,194262.0,169829.0,154088.0,230910.0,33838.0,42282.0,117735.0,111262.0,74954.0,1050969.0,167706.0,34416.0,1445952.0,3163807.0,4309498.0,2966127.0,3275052.0,2873469.0,3592884.0,3083162.0,2752294.0,2635701.0,4164083.0,3803070.0,2830201.0
84,América del Norte,Costa Norte,36030299.0,30095193.0,43371666.0,33460134.0,42173986.0,38652157.0,36647656.0,50229294.0,37603391.0,47662805.0,33786864.0,37570181.0,40586419.0,39231110.0,42003434.0,48092169.0,40880389.0,41730522.0,49799232.0,41596329.0,35950904.0,43954013.0,13040062.0,11967021.0,7529907.0,0.0,0.0,0.0,0.0,9285.0,0.0,23070.0,0.0,0.0,0.0,0.0,0.0,0.0,0.0,0.0,0.0,3667.0,1.0,0.0,16169.0,41787.0,166448.0,113925.0,40626.0,32141.0,265218.0,0.0,8468.0,173541.0,410273.0,5.0,4000.0,537.0,0.0,0.0,450.0,730.0,7801.0,135804.0,525.0,255354.0,268952.0,138915.0,1141.0,834.0,240.0,3273.0,105.0,175.0,117.0,130.0,92.0,0.0,0.0,0.0,0.0,0.0,0.0,404956.0,0.0,125572.0,0.0,2700.0,0.0,0.0,0.0,79023.0,0.0,33367.0,0.0,0.0,6831.0,0.0,0.0,0.0,0.0,0.0,0.0,0.0,0.0,0.0,0.0,0.0,0.0,0.0,0.0,0.0,0.0,0.0,0.0,0.0,0.0,0.0,0.0,0.0,0.0,0.0,0.0,0.0,0.0,0.0,0.0,0.0,0.0,0.0,0.0,0.0,0.0,0.0,0.0,0.0,0.0,0.0,0.0
85,América del Norte,Sureste,1177800.0,987700.0,2200277.0,1604319.0,1324070.0,1040410.0,1155840.0,125155.0,0.0,0.0,0.0,0.0,0.0,0.0,0.0,0.0,0.0,0.0,0.0,0.0,0.0,37377.0,1037201.0,1359695.0,169910.0,384905.0,405690.0,499925.0,823127.0,606021.0,373450.0,480900.0,160599.0,334478.0,829491.0,782307.0,914052.0,329103.0,440812.0,684580.0,819361.0,1421808.0,1542353.0,986524.0,780565.0,352223.0,376587.0,572985.0,814426.0,736007.0,876465.0,1917553.0,2459021.0,2790267.0,57600.0,4513609.0,7716303.0,14099031.0,15779261.0,10923325.0,3682330.0,3038978.0,4511068.0,5072176.0,3590651.0,1608964.0,2219768.0,3677177.0,6586068.0,4174802.0,596057.0,1576315.0,1652906.0,3012612.0,4465112.0,3900550.0,1107209.0,5906179.0,11375991.0,2741707.0,720623.0,1301932.0,1134909.0,1474738.0,1586468.0,2336432.0,1672279.0,2591960.0,2287112.0,1956757.0,2809403.0,1750239.0,4514901.0,4166760.0,1402538.0,2659826.0,1977091.0,2011967.0,859266.0,1011402.0,623829.0,33459.0,60186.0,0.0,0.0,6064.0,302378.0,957844.0,863986.0,922881.0,615090.0,700581.0,552867.0,380443.0,199007.0,1052173.0,1297299.0,45760.0,0.0,0.0,0.0,0.0,0.0,0.0,0.0,0.0,8579320.0,13580737.0,2832088.0,0.0,437676.0,170365.0,844070.0,385959.0,0.0,37963.0,625534.0,695561.0,2048432.0
86,América del Norte,Altos Norte,2669208.0,2406756.0,2552957.0,2562855.0,2965254.0,2760258.0,2720816.0,1869940.0,1809951.0,4606979.0,4126375.0,6029728.0,2974592.0,4309151.0,2694455.0,5075768.0,3319883.0,4218850.0,3314820.0,2179166.0,1463223.0,1184420.0,1372668.0,1907649.0,1281631.0,2369245.0,1809157.0,1865733.0,1892130.0,1156589.0,1691336.0,1477417.0,1484752.0,1419420.0,1563749.0,1838375.0,1482591.0,1030612.0,1242390.0,1087492.0,1314592.0,1113629.0,872081.0,877017.0,937195.0,1373358.0,1030595.0,1087694.0,1162289.0,1320044.0,1283452.0,1623352.0,1593064.0,1986588.0,1996301.0,1258036.0,1108697.0,985702.0,1253279.0,1348778.0,1421843.0,1659668.0,2198531.0,2252672.0,3999994.0,3451324.0,2360384.0,1484544.0,1787620.0,1411314.0,1086026.0,1155395.0,1319765.0,1856201.0,2533943.0,1987373.0,2182741.0,2204493.0,2660273.0,1325818.0,1373458.0,1200319.0,1357559.0,1086403.0,1499871.0,2331535.0,2399507.0,2483540.0,2654103.0,2608175.0,2340109.0,1792398.0,1697648.0,965937.0,1326665.0,1788845.0,1138391.0,2285045.0,2354087.0,2280239.0,3215774.0,2664393.0,3069599.0,1917140.0,1376156.0,1959702.0,1973178.0,2355888.0,1731103.0,3003721.0,2222704.0,2359304.0,2585901.0,3019493.0,2496420.0,1232504.0,1688463.0,1918679.0,1991279.0,2616404.0,1786872.0,3944856.0,4161143.0,3258002.0,3033945.0,2836887.0,2056572.0,1837401.0,1532349.0,2215821.0,2335807.0,1939134.0,2603828.0,3481138.0,3934494.0,2749374.0,3844905.0,2492938.0,2427956.0
87,América del Norte,ZMG,459481829.0,420468437.0,501581893.0,1021513416.0,541124447.0,522371297.0,511494205.0,542459381.0,583854994.0,667901402.0,649257055.0,687198727.0,673689009.0,665863720.0,654920526.0,555126290.0,929802249.0,793675447.0,873517183.0,826599426.0,857918070.0,879948358.0,851974464.0,1012656351.0,998409438.0,919716707.0,1106320636.0,1148866486.0,854039538.0,1085892012.0,1118180544.0,1088102589.0,1244726921.0,988374189.0,1020902759.0,1058803774.0,856846191.0,1077341846.0,1020907128.0,857570468.0,920168480.0,1159875012.0,923836064.0,921029613.0,1065326487.0,988711874.0,1064363073.0,1252947311.0,1056245588.0,1127049804.0,1124565801.0,1012443766.0,1233271305.0,1191488733.0,1179997206.0,1397902129.0,1306462402.0,1127389421.0,1245015411.0,1296723409.0,954736398.0,1037544749.0,1182200588.0,979197148.0,1173611409.0,1113464097.0,1008225694.0,1172940902.0,1184916914.0,1007071044.0,1073966957.0,1117088693.0,992007762.0,943844573.0,1086374132.0,1055337605.0,1034834522.0,1156398053.0,1061687602.0,1083734698.0,1104065187.0,993707809.0,976094593.0,1047369585.0,936552272.0,910695653.0,807616352.0,948914178.0,1120497204.0,1086753165.0,1069328433.0,1152259846.0,973653224.0,923004153.0,988471415.0,969572690.0,897226329.0,733930897.0,868416865.0,807185717.0,773222244.0,882562909.0,879330523.0,898523029.0,893773931.0,910291397.0,792624614.0,896225662.0,853564900.0,800463175.0,891198009.0,1023618013.0,809918820.0,897838545.0,909767289.0,853095795.0,898613716.0,832910812.0,861960407.0,863000114.0,786635004.0,712995704.0,769134193.0,859828376.0,846537940.0,919273053.0,885228385.0,925898470.0,711635182.0,509464325.0,591749446.0,498789325.0,523862855.0,530914039.0,542110078.0,513500260.0,628928170.0,527622754.0,486356765.0
88,América del Norte,( Blank ),152763190.0,149582682.0,180327402.0,166351009.0,177402769.0,145902940.0,130083314.0,156151519.0,139492684.0,168103060.0,139509645.0,140797030.0,352785311.0,357611243.0,397090919.0,388339151.0,418548753.0,372698974.0,381737208.0,370185025.0,332004442.0,413843803.0,352064146.0,374423623.0,440856206.0,431158493.0,369908430.0,385948065.0,351213019.0,378525162.0,389994259.0,370243606.0,380261401.0,410560225.0,293511239.0,300084012.0,282957152.0,266903113.0,295228162.0,317491592.0,307472255.0,404594171.0,338185958.0,349960801.0,368619207.0,341599315.0,441929616.0,359738470.0,325431990.0,409774495.0,502340441.0,476747317.0,404995260.0,422658575.0,386232795.0,377408373.0,386724266.0,475265630.0,455888806.0,440092446.0,653660714.0,734528701.0,885922077.0,903374713.0,927939833.0,854638145.0,826453446.0,919726557.0,847110632.0,928003324.0,843984585.0,759336912.0,791418199.0,838986871.0,859592101.0,908442038.0,879115913.0,852658209.0,869148239.0,839592814.0,773480156.0,913137344.0,787905198.0,745900026.0,761262432.0,807709491.0,899347809.0,1042124494.0,884658129.0,861977932.0,1001141230.0,859506086.0,931140891.0,1019902133.0,829643438.0,907575247.0,861130083.0,945629022.0,1139732769.0,1074690763.0,1043975095.0,1037179321.0,1084917083.0,992972874.0,1028564342.0,1160208690.0,905196856.0,1044868350.0,893895750.0,821079866.0,1070992440.0,1353359756.0,1069233388.0,1120190202.0,1098493169.0,1092190185.0,1160473230.0,1348023690.0,1064632892.0,1146494994.0,888899912.0,1258977726.0,1350164809.0,1292336715.0,1271442118.0,1222845651.0,1204713126.0,1163106635.0,1486151900.0,1123255475.0,974211572.0,1065712448.0,897618619.0,1224420734.0,1107507938.0,1272471522.0,1308478904.0,1278831411.0,1151852830.0
90,otros,Altos Sur,26626.0,48375.0,48.0,0.0,0.0,0.0,0.0,8978.0,0.0,0.0,54485.0,39719.0,0.0,32727.0,27000.0,27833.0,48225.0,23814.0,8400.0,0.0,31413.0,3149.0,10627.0,16086.0,4680.0,55263.0,12806.0,26534.0,43722.0,49176.0,13220.0,12932.0,27088.0,14751.0,36231.0,23833.0,0.0,6175.0,4243.0,29060.0,10173.0,0.0,0.0,7825.0,5206.0,7866.0,10341.0,5712.0,0.0,17952.0,9361.0,4473.0,1556.0,0.0,24350.0,0.0,5691.0,4546.0,0.0,2133.0,7374.0,0.0,7024.0,0.0,1641.0,0.0,1220.0,0.0,0.0,0.0,9993.0,0.0,9556.0,2169.0,2306.0,4951.0,2001.0,34410.0,1565.0,1986.0,0.0,3173.0,0.0,0.0,4075.0,3733.0,0.0,0.0,5861.0,0.0,0.0,3487.0,1329.0,3091.0,0.0,3943.0,0.0,1744.0,0.0,2585.0,1403.0,0.0,2713.0,0.0,6692.0,0.0,0.0,0.0,0.0,2250.0,2035.0,2689.0,0.0,1642.0,0.0,0.0,0.0,0.0,0.0,0.0,0.0,0.0,0.0,0.0,0.0,0.0,0.0,0.0,0.0,0.0,16957.0,0.0,0.0,10688.0,0.0,0.0,0.0,0.0,0.0
91,otros,Centro,0.0,0.0,0.0,0.0,0.0,0.0,0.0,0.0,0.0,0.0,0.0,0.0,0.0,0.0,0.0,0.0,0.0,0.0,0.0,0.0,0.0,0.0,0.0,0.0,0.0,0.0,0.0,0.0,0.0,0.0,0.0,0.0,0.0,0.0,0.0,0.0,0.0,0.0,0.0,0.0,0.0,0.0,0.0,0.0,0.0,0.0,0.0,0.0,0.0,0.0,0.0,0.0,0.0,0.0,0.0,0.0,0.0,0.0,0.0,0.0,0.0,0.0,0.0,0.0,0.0,0.0,0.0,0.0,0.0,0.0,0.0,0.0,0.0,0.0,0.0,0.0,0.0,0.0,0.0,0.0,0.0,0.0,0.0,0.0,0.0,0.0,0.0,0.0,0.0,0.0,0.0,0.0,0.0,0.0,0.0,0.0,0.0,0.0,0.0,0.0,0.0,0.0,0.0,0.0,0.0,0.0,0.0,0.0,0.0,0.0,0.0,0.0,0.0,0.0,0.0,0.0,0.0,0.0,0.0,0.0,0.0,0.0,0.0,0.0,0.0,0.0,0.0,0.0,0.0,0.0,4658.0,0.0,0.0,0.0,0.0,0.0,0.0,0.0,0.0
92,otros,Valles,0.0,2340.0,26936.0,31252.0,15278.0,44730.0,29131.0,0.0,11391.0,0.0,0.0,0.0,0.0,0.0,5821.0,6945.0,0.0,0.0,0.0,0.0,0.0,0.0,0.0,0.0,0.0,0.0,0.0,0.0,14100.0,0.0,0.0,0.0,0.0,0.0,0.0,0.0,0.0,0.0,0.0,0.0,0.0,0.0,0.0,0.0,0.0,0.0,0.0,0.0,0.0,0.0,0.0,0.0,3487.0,0.0,0.0,0.0,0.0,0.0,0.0,0.0,0.0,0.0,0.0,0.0,0.0,0.0,0.0,0.0,0.0,0.0,0.0,0.0,0.0,0.0,0.0,0.0,0.0,0.0,0.0,0.0,0.0,0.0,0.0,0.0,0.0,0.0,0.0,0.0,14190.0,0.0,0.0,0.0,3840.0,0.0,0.0,0.0,0.0,0.0,0.0,7074.0,0.0,0.0,0.0,0.0,0.0,0.0,0.0,0.0,0.0,6864.0,0.0,0.0,0.0,0.0,0.0,0.0,18327.0,0.0,0.0,0.0,0.0,0.0,0.0,0.0,0.0,0.0,0.0,0.0,0.0,0.0,0.0,0.0,0.0,0.0,0.0,0.0,0.0,0.0,0.0
93,otros,Sur,0.0,0.0,0.0,0.0,0.0,0.0,0.0,0.0,0.0,0.0,0.0,0.0,0.0,0.0,0.0,0.0,0.0,0.0,0.0,0.0,0.0,0.0,0.0,0.0,0.0,0.0,0.0,0.0,0.0,0.0,0.0,0.0,0.0,0.0,0.0,0.0,0.0,0.0,0.0,0.0,0.0,0.0,0.0,0.0,0.0,0.0,0.0,0.0,0.0,0.0,0.0,0.0,0.0,0.0,0.0,0.0,0.0,0.0,0.0,0.0,0.0,0.0,0.0,0.0,0.0,0.0,0.0,0.0,0.0,0.0,0.0,0.0,0.0,0.0,0.0,0.0,0.0,0.0,0.0,0.0,0.0,0.0,0.0,0.0,0.0,0.0,0.0,0.0,0.0,0.0,0.0,0.0,0.0,0.0,0.0,0.0,0.0,0.0,0.0,0.0,0.0,0.0,0.0,0.0,0.0,0.0,0.0,0.0,0.0,0.0,0.0,0.0,0.0,0.0,0.0,0.0,0.0,0.0,0.0,0.0,0.0,0.0,0.0,0.0,0.0,0.0,0.0,0.0,0.0,0.0,0.0,0.0,0.0,0.0,0.0,0.0,0.0,0.0,0.0
94,otros,Sierra de Amula,0.0,0.0,0.0,0.0,0.0,0.0,0.0,0.0,0.0,0.0,0.0,0.0,0.0,0.0,0.0,0.0,0.0,0.0,0.0,0.0,0.0,0.0,0.0,0.0,0.0,0.0,0.0,0.0,0.0,0.0,0.0,0.0,0.0,0.0,0.0,0.0,0.0,0.0,0.0,0.0,0.0,0.0,0.0,0.0,0.0,0.0,0.0,0.0,0.0,0.0,0.0,0.0,0.0,0.0,0.0,0.0,0.0,0.0,0.0,0.0,0.0,0.0,0.0,0.0,0.0,0.0,0.0,0.0,0.0,0.0,0.0,0.0,0.0,0.0,0.0,0.0,0.0,0.0,0.0,0.0,0.0,0.0,0.0,0.0,0.0,0.0,0.0,0.0,0.0,0.0,0.0,0.0,0.0,0.0,0.0,0.0,0.0,0.0,0.0,0.0,0.0,0.0,0.0,0.0,0.0,0.0,0.0,0.0,0.0,0.0,0.0,0.0,0.0,0.0,0.0,0.0,0.0,0.0,0.0,0.0,0.0,0.0,0.0,0.0,0.0,0.0,0.0,0.0,0.0,0.0,0.0,0.0,0.0,0.0,0.0,0.0,0.0,0.0,0.0
95,otros,Sierra Occidental,0.0,0.0,0.0,0.0,0.0,0.0,0.0,0.0,0.0,0.0,0.0,0.0,0.0,0.0,0.0,0.0,0.0,0.0,0.0,0.0,0.0,0.0,0.0,0.0,0.0,0.0,0.0,0.0,0.0,0.0,0.0,0.0,0.0,0.0,0.0,0.0,0.0,0.0,0.0,0.0,0.0,0.0,0.0,0.0,0.0,0.0,0.0,0.0,0.0,0.0,0.0,0.0,0.0,0.0,0.0,0.0,0.0,0.0,0.0,0.0,0.0,0.0,0.0,0.0,0.0,0.0,0.0,0.0,0.0,0.0,0.0,0.0,0.0,0.0,0.0,0.0,0.0,0.0,0.0,0.0,0.0,0.0,0.0,0.0,0.0,0.0,0.0,0.0,0.0,0.0,0.0,0.0,0.0,0.0,0.0,0.0,0.0,0.0,0.0,0.0,0.0,0.0,0.0,0.0,0.0,0.0,0.0,0.0,0.0,0.0,0.0,0.0,0.0,0.0,0.0,0.0,0.0,0.0,0.0,0.0,0.0,0.0,0.0,0.0,0.0,0.0,0.0,0.0,0.0,0.0,0.0,0.0,0.0,0.0,0.0,0.0,0.0,0.0,0.0
96,otros,Ciénega,0.0,88569.0,121101.0,0.0,0.0,0.0,9731.0,0.0,0.0,24524.0,8175.0,0.0,24562.0,0.0,53729.0,0.0,14717.0,0.0,0.0,15351.0,15351.0,0.0,0.0,35921.0,19570.0,61249.0,51272.0,46053.0,0.0,0.0,34257.0,15338.0,15351.0,0.0,19022.0,15351.0,46053.0,76717.0,0.0,0.0,0.0,0.0,0.0,28448.0,0.0,0.0,15351.0,20570.0,0.0,61391.0,30702.0,15351.0,55504.0,38365.0,0.0,0.0,0.0,0.0,0.0,0.0,25636.0,82575.0,31328.0,44957.0,0.0,5165.0,4965.0,17803.0,0.0,16998.0,69549.0,68598.0,86294.0,0.0,12705.0,47301.0,125173.0,0.0,12646.0,0.0,20627.0,52753.0,19265.0,55988.0,127573.0,84475.0,32991.0,89657.0,62924.0,15254.0,0.0,0.0,44279.0,97129.0,21454.0,56213.0,69808.0,21861.0,36137.0,42848.0,96010.0,6565.0,7627.0,0.0,55938.0,0.0,65911.0,139921.0,69307.0,37120.0,60768.0,0.0,0.0,85757.0,0.0,0.0,0.0,0.0,0.0,0.0,0.0,0.0,0.0,0.0,0.0,0.0,0.0,0.0,0.0,0.0,0.0,0.0,0.0,0.0,0.0,0.0,0.0,0.0,0.0
97,otros,Costa Sur,0.0,0.0,0.0,0.0,0.0,0.0,0.0,0.0,0.0,0.0,0.0,0.0,0.0,0.0,0.0,0.0,0.0,0.0,0.0,0.0,0.0,0.0,0.0,0.0,0.0,0.0,0.0,0.0,0.0,0.0,0.0,0.0,0.0,0.0,0.0,0.0,0.0,0.0,0.0,0.0,0.0,0.0,0.0,0.0,0.0,0.0,0.0,0.0,0.0,0.0,0.0,0.0,0.0,0.0,0.0,0.0,0.0,0.0,0.0,0.0,0.0,0.0,0.0,0.0,0.0,0.0,0.0,0.0,0.0,0.0,0.0,0.0,0.0,0.0,0.0,0.0,0.0,0.0,0.0,0.0,0.0,0.0,0.0,0.0,0.0,0.0,0.0,0.0,0.0,0.0,0.0,0.0,0.0,0.0,0.0,0.0,0.0,0.0,0.0,0.0,0.0,0.0,0.0,0.0,0.0,0.0,0.0,0.0,0.0,0.0,0.0,0.0,0.0,0.0,0.0,0.0,0.0,0.0,0.0,0.0,0.0,0.0,0.0,0.0,0.0,0.0,0.0,0.0,0.0,0.0,0.0,0.0,0.0,0.0,0.0,0.0,0.0,0.0,0.0
98,otros,Norte,0.0,0.0,0.0,0.0,0.0,0.0,0.0,0.0,0.0,0.0,0.0,0.0,0.0,0.0,0.0,0.0,0.0,0.0,0.0,0.0,0.0,0.0,0.0,0.0,0.0,0.0,0.0,0.0,0.0,0.0,0.0,0.0,0.0,0.0,0.0,0.0,0.0,0.0,0.0,0.0,0.0,0.0,0.0,0.0,0.0,0.0,0.0,0.0,0.0,0.0,0.0,0.0,0.0,0.0,0.0,0.0,0.0,0.0,0.0,0.0,0.0,0.0,0.0,0.0,0.0,0.0,0.0,0.0,0.0,0.0,0.0,0.0,0.0,0.0,0.0,0.0,0.0,0.0,0.0,0.0,0.0,0.0,0.0,0.0,0.0,0.0,0.0,0.0,0.0,0.0,0.0,0.0,0.0,0.0,0.0,0.0,0.0,0.0,0.0,0.0,0.0,0.0,0.0,0.0,0.0,0.0,0.0,0.0,0.0,0.0,0.0,0.0,0.0,0.0,0.0,0.0,0.0,0.0,0.0,0.0,0.0,0.0,0.0,0.0,0.0,0.0,0.0,0.0,0.0,0.0,0.0,0.0,0.0,0.0,0.0,0.0,0.0,0.0,0.0
99,otros,Costa Norte,0.0,0.0,0.0,0.0,0.0,0.0,0.0,0.0,0.0,0.0,0.0,0.0,0.0,0.0,0.0,0.0,0.0,0.0,0.0,0.0,0.0,0.0,0.0,0.0,0.0,0.0,0.0,0.0,0.0,0.0,0.0,0.0,0.0,0.0,0.0,0.0,0.0,0.0,0.0,0.0,0.0,0.0,0.0,0.0,0.0,0.0,0.0,0.0,0.0,0.0,0.0,0.0,0.0,0.0,0.0,0.0,0.0,0.0,0.0,0.0,0.0,0.0,0.0,0.0,0.0,0.0,0.0,0.0,0.0,0.0,0.0,0.0,0.0,0.0,0.0,0.0,0.0,0.0,0.0,0.0,0.0,0.0,0.0,0.0,0.0,0.0,0.0,0.0,0.0,0.0,0.0,0.0,0.0,0.0,0.0,0.0,0.0,0.0,0.0,0.0,0.0,0.0,0.0,0.0,0.0,0.0,0.0,0.0,0.0,0.0,0.0,0.0,0.0,0.0,0.0,0.0,0.0,0.0,0.0,0.0,0.0,0.0,0.0,0.0,0.0,0.0,0.0,0.0,0.0,0.0,0.0,0.0,0.0,0.0,0.0,0.0,0.0,0.0,0.0
100,otros,Sureste,0.0,0.0,0.0,0.0,0.0,0.0,0.0,0.0,0.0,0.0,0.0,0.0,0.0,0.0,0.0,0.0,0.0,0.0,0.0,0.0,0.0,0.0,0.0,0.0,0.0,0.0,0.0,0.0,0.0,0.0,0.0,0.0,0.0,0.0,0.0,0.0,0.0,0.0,0.0,0.0,0.0,0.0,0.0,0.0,0.0,0.0,0.0,0.0,0.0,0.0,0.0,0.0,0.0,0.0,0.0,0.0,0.0,0.0,0.0,0.0,0.0,0.0,0.0,0.0,0.0,0.0,0.0,0.0,0.0,0.0,0.0,0.0,0.0,0.0,0.0,0.0,0.0,0.0,0.0,0.0,0.0,0.0,0.0,0.0,0.0,0.0,0.0,0.0,0.0,0.0,0.0,0.0,0.0,0.0,0.0,0.0,0.0,0.0,0.0,0.0,0.0,0.0,0.0,0.0,0.0,0.0,0.0,0.0,0.0,0.0,0.0,0.0,0.0,0.0,0.0,0.0,0.0,0.0,0.0,0.0,0.0,0.0,0.0,0.0,0.0,0.0,0.0,0.0,0.0,0.0,0.0,0.0,0.0,0.0,0.0,0.0,0.0,0.0,0.0
101,otros,Altos Norte,0.0,0.0,0.0,0.0,0.0,0.0,0.0,0.0,0.0,0.0,0.0,0.0,0.0,0.0,0.0,0.0,0.0,0.0,0.0,0.0,0.0,0.0,0.0,0.0,0.0,0.0,0.0,0.0,0.0,0.0,0.0,0.0,0.0,0.0,0.0,0.0,0.0,0.0,0.0,0.0,0.0,0.0,0.0,0.0,0.0,0.0,0.0,0.0,0.0,0.0,0.0,0.0,0.0,0.0,0.0,0.0,0.0,0.0,0.0,0.0,0.0,0.0,0.0,0.0,0.0,0.0,0.0,0.0,0.0,0.0,0.0,0.0,0.0,0.0,0.0,0.0,0.0,0.0,0.0,0.0,0.0,0.0,0.0,0.0,0.0,0.0,0.0,0.0,0.0,0.0,0.0,0.0,0.0,0.0,0.0,0.0,0.0,0.0,0.0,0.0,0.0,0.0,0.0,0.0,0.0,0.0,0.0,0.0,0.0,0.0,0.0,0.0,0.0,0.0,0.0,0.0,0.0,0.0,0.0,0.0,0.0,0.0,0.0,0.0,0.0,0.0,0.0,0.0,0.0,0.0,0.0,0.0,0.0,0.0,0.0,0.0,0.0,0.0,0.0
102,otros,ZMG,85078.0,237381.0,1068296.0,244614.0,309238.0,163624.0,70203.0,22937.0,5325.0,66086.0,119127.0,62706.0,34689.0,79725.0,329091.0,156375.0,151178.0,13473.0,0.0,41371.0,84184.0,41668.0,46679.0,304141.0,135953.0,29055.0,155515.0,265972.0,30583.0,170420.0,169349.0,163128.0,50459.0,192446.0,54738.0,92518.0,13824.0,451699.0,149002.0,85700.0,54910.0,13893.0,27308.0,191214.0,100336.0,123844.0,106010.0,131980.0,121088.0,290605.0,376594.0,89729.0,193988.0,173980.0,130813.0,63812.0,48655.0,44950.0,67677.0,20174.0,207990.0,509933.0,335360.0,195146.0,157140.0,81789.0,109538.0,76531.0,90876.0,139661.0,141823.0,211515.0,221052.0,154954.0,113512.0,304413.0,286011.0,32364.0,82012.0,35408.0,178829.0,156105.0,239008.0,165040.0,210331.0,227894.0,379044.0,360304.0,225100.0,246779.0,177655.0,49784.0,365307.0,569990.0,411515.0,245395.0,201682.0,192336.0,360835.0,64109.0,107819.0,127561.0,15890.0,89822.0,212174.0,160587.0,198417.0,150288.0,148781.0,145266.0,231378.0,262568.0,154326.0,131340.0,88189.0,162310.0,110099.0,61933.0,16747.0,4374.0,1418.0,2160.0,3375.0,2025.0,6050.0,0.0,0.0,3038.0,64815.0,45026.0,18960.0,3375.0,0.0,2633.0,1688.0,0.0,0.0,315.0,0.0
103,otros,( Blank ),39198.0,37665.0,30321.0,0.0,0.0,48416.0,18665.0,28663.0,19590.0,19580.0,50064.0,58988.0,30344.0,99293.0,85342.0,71584.0,196792.0,79606.0,5060.0,8543.0,38418.0,7163.0,60467.0,59854.0,31787.0,37406.0,156050.0,136374.0,98965.0,69470.0,215263.0,61721.0,13717.0,89337.0,96238.0,24645.0,99848.0,54009.0,66534.0,111544.0,0.0,0.0,4169.0,11918.0,34993.0,8558.0,1552.0,84244.0,36448.0,41160.0,81648.0,81403.0,44490.0,19453.0,59335.0,12459.0,24554.0,9945.0,9133.0,59221.0,73935.0,85342.0,461646.0,31660.0,46301.0,421552.0,26254.0,59033.0,55457.0,65908.0,48885.0,91038.0,184938.0,99450.0,56444.0,93255.0,160609.0,47032.0,40994.0,25053.0,49163.0,79726.0,40023.0,34653.0,61783.0,424429.0,112587.0,134183.0,31819.0,24291.0,56838.0,23820.0,105535.0,91597.0,142845.0,102988.0,277243.0,112474.0,98951.0,84792.0,142105.0,30790.0,45112.0,26693.0,72062.0,141758.0,62554.0,150413.0,28047.0,153052.0,139479.0,88518.0,8108.0,185092.0,22160.0,23142.0,74514.0,78819.0,63387.0,30463.0,52813.0,39212.0,49353.0,8165.0,13429.0,8525.0,38758.0,15856.0,4104.0,13078.0,18087.0,11549.0,25550.0,10271.0,20705.0,6410.0,37832.0,8357.0,9030.0
