,Pais_comprador,Industria,Año,Mes,Monto,t-1,t-2,t-3,t-4,t-5,t-6,t-9,t-10,t-11
0,América Latina,Industrias Manufactureras,2016.0,8,184201588.0,182003493.0,235400594.0,186511927.0,180442928.0,172482653.0,156284467.0,172334311.0,197189996.0,205014645.0
1,América Latina,Industrias Manufactureras,2016.0,9,209812150.0,184201588.0,182003493.0,235400594.0,186511927.0,180442928.0,172482653.0,195252447.0,172334311.0,197189996.0
2,América Latina,Industrias Manufactureras,2016.0,10,206177987.0,209812150.0,184201588.0,182003493.0,235400594.0,186511927.0,180442928.0,150011545.0,195252447.0,172334311.0
3,América Latina,Industrias Manufactureras,2016.0,11,193984710.0,206177987.0,209812150.0,184201588.0,182003493.0,235400594.0,186511927.0,156284467.0,150011545.0,195252447.0
4,América Latina,Industrias Manufactureras,2016.0,12,188936649.0,193984710.0,206177987.0,209812150.0,184201588.0,182003493.0,235400594.0,172482653.0,156284467.0,150011545.0
5,América Latina,Industrias Manufactureras,2017.0,1,176497741.0,188936649.0,193984710.0,206177987.0,209812150.0,184201588.0,182003493.0,180442928.0,172482653.0,156284467.0
6,América Latina,Industrias Manufactureras,2017.0,2,170571934.0,176497741.0,188936649.0,193984710.0,206177987.0,209812150.0,184201588.0,186511927.0,180442928.0,172482653.0
7,América Latina,Industrias Manufactureras,2017.0,3,213453105.0,170571934.0,176497741.0,188936649.0,193984710.0,206177987.0,209812150.0,235400594.0,186511927.0,180442928.0
8,América Latina,Industrias Manufactureras,2017.0,4,190375350.0,213453105.0,170571934.0,176497741.0,188936649.0,193984710.0,206177987.0,182003493.0,235400594.0,186511927.0
9,América Latina,Industrias Manufactureras,2017.0,5,226491300.0,190375350.0,213453105.0,170571934.0,176497741.0,188936649.0,193984710.0,184201588.0,182003493.0,235400594.0
10,América Latina,Industrias Manufactureras,2017.0,6,231492812.0,226491300.0,190375350.0,213453105.0,170571934.0,176497741.0,188936649.0,209812150.0,184201588.0,182003493.0
11,América Latina,Industrias Manufactureras,2017.0,7,205106823.0,231492812.0,226491300.0,190375350.0,213453105.0,170571934.0,176497741.0,206177987.0,209812150.0,184201588.0
12,América Latina,Industrias Extractivas,2016.0,8,1628330.0,1259245.0,1132882.0,1049375.0,907217.0,1220261.0,1150198.0,1159806.0,1136621.0,1295808.0
13,América Latina,Industrias Extractivas,2016.0,9,1677727.0,1628330.0,1259245.0,1132882.0,1049375.0,907217.0,1220261.0,1070895.0,1159806.0,1136621.0
14,América Latina,Industrias Extractivas,2016.0,10,1417988.0,1677727.0,1628330.0,1259245.0,1132882.0,1049375.0,907217.0,1058368.0,1070895.0,1159806.0
15,América Latina,Industrias Extractivas,2016.0,11,972357.0,1417988.0,1677727.0,1628330.0,1259245.0,1132882.0,1049375.0,1150198.0,1058368.0,1070895.0
16,América Latina,Industrias Extractivas,2016.0,12,939289.0,972357.0,1417988.0,1677727.0,1628330.0,1259245.0,1132882.0,1220261.0,1150198.0,1058368.0
17,América Latina,Industrias Extractivas,2017.0,1,743038.0,939289.0,972357.0,1417988.0,1677727.0,1628330.0,1259245.0,907217.0,1220261.0,1150198.0
18,América Latina,Industrias Extractivas,2017.0,2,1174774.0,743038.0,939289.0,972357.0,1417988.0,1677727.0,1628330.0,1049375.0,907217.0,1220261.0
19,América Latina,Industrias Extractivas,2017.0,3,1145274.0,1174774.0,743038.0,939289.0,972357.0,1417988.0,1677727.0,1132882.0,1049375.0,907217.0
20,América Latina,Industrias Extractivas,2017.0,4,924650.0,1145274.0,1174774.0,743038.0,939289.0,972357.0,1417988.0,1259245.0,1132882.0,1049375.0
21,América Latina,Industrias Extractivas,2017.0,5,1237762.0,924650.0,1145274.0,1174774.0,743038.0,939289.0,972357.0,1628330.0,1259245.0,1132882.0
22,América Latina,Industrias Extractivas,2017.0,6,1204378.0,1237762.0,924650.0,1145274.0,1174774.0,743038.0,939289.0,1677727.0,1628330.0,1259245.0
23,América Latina,Industrias Extractivas,2017.0,7,1118482.0,1204378.0,1237762.0,924650.0,1145274.0,1174774.0,743038.0,1417988.0,1677727.0,1628330.0
24,América Latina,Agricultura y Silvicultura,2016.0,8,1291060.0,1996147.0,2550122.0,6813275.0,11382506.0,6262862.0,1694510.0,650335.0,1988064.0,1468366.0
25,América Latina,Agricultura y Silvicultura,2016.0,9,2598763.0,1291060.0,1996147.0,2550122.0,6813275.0,11382506.0,6262862.0,1219036.0,650335.0,1988064.0
26,América Latina,Agricultura y Silvicultura,2016.0,10,7177628.0,2598763.0,1291060.0,1996147.0,2550122.0,6813275.0,11382506.0,483847.0,1219036.0,650335.0
27,América Latina,Agricultura y Silvicultura,2016.0,11,5968904.0,7177628.0,2598763.0,1291060.0,1996147.0,2550122.0,6813275.0,1694510.0,483847.0,1219036.0
28,América Latina,Agricultura y Silvicultura,2016.0,12,5579930.0,5968904.0,7177628.0,2598763.0,1291060.0,1996147.0,2550122.0,6262862.0,1694510.0,483847.0
29,América Latina,Agricultura y Silvicultura,2017.0,1,3665253.0,5579930.0,5968904.0,7177628.0,2598763.0,1291060.0,1996147.0,11382506.0,6262862.0,1694510.0
30,América Latina,Agricultura y Silvicultura,2017.0,2,8335586.0,3665253.0,5579930.0,5968904.0,7177628.0,2598763.0,1291060.0,6813275.0,11382506.0,6262862.0
31,América Latina,Agricultura y Silvicultura,2017.0,3,13086784.0,8335586.0,3665253.0,5579930.0,5968904.0,7177628.0,2598763.0,2550122.0,6813275.0,11382506.0
32,América Latina,Agricultura y Silvicultura,2017.0,4,3884756.0,13086784.0,8335586.0,3665253.0,5579930.0,5968904.0,7177628.0,1996147.0,2550122.0,6813275.0
33,América Latina,Agricultura y Silvicultura,2017.0,5,7871155.0,3884756.0,13086784.0,8335586.0,3665253.0,5579930.0,5968904.0,1291060.0,1996147.0,2550122.0
34,América Latina,Agricultura y Silvicultura,2017.0,6,1950147.0,7871155.0,3884756.0,13086784.0,8335586.0,3665253.0,5579930.0,2598763.0,1291060.0,1996147.0
35,América Latina,Agricultura y Silvicultura,2017.0,7,1601679.0,1950147.0,7871155.0,3884756.0,13086784.0,8335586.0,3665253.0,7177628.0,2598763.0,1291060.0
36,América Latina,Servicios y Productos no Clasificados,2016.0,8,1703657.0,1766712.0,15838647.0,1192153.0,1003179.0,1453076.0,1301689.0,428783.0,245251.0,346576.0
37,América Latina,Servicios y Productos no Clasificados,2016.0,9,1347368.0,1703657.0,1766712.0,15838647.0,1192153.0,1003179.0,1453076.0,242868.0,428783.0,245251.0
38,América Latina,Servicios y Productos no Clasificados,2016.0,10,1469897.0,1347368.0,1703657.0,1766712.0,15838647.0,1192153.0,1003179.0,294162.0,242868.0,428783.0
39,América Latina,Servicios y Productos no Clasificados,2016.0,11,2300127.0,1469897.0,1347368.0,1703657.0,1766712.0,15838647.0,1192153.0,1301689.0,294162.0,242868.0
40,América Latina,Servicios y Productos no Clasificados,2016.0,12,1873596.0,2300127.0,1469897.0,1347368.0,1703657.0,1766712.0,15838647.0,1453076.0,1301689.0,294162.0
41,América Latina,Servicios y Productos no Clasificados,2017.0,1,1363041.0,1873596.0,2300127.0,1469897.0,1347368.0,1703657.0,1766712.0,1003179.0,1453076.0,1301689.0
42,América Latina,Servicios y Productos no Clasificados,2017.0,2,1422686.0,1363041.0,1873596.0,2300127.0,1469897.0,1347368.0,1703657.0,1192153.0,1003179.0,1453076.0
43,América Latina,Servicios y Productos no Clasificados,2017.0,3,1219265.0,1422686.0,1363041.0,1873596.0,2300127.0,1469897.0,1347368.0,15838647.0,1192153.0,1003179.0
44,América Latina,Servicios y Productos no Clasificados,2017.0,4,1480990.0,1219265.0,1422686.0,1363041.0,1873596.0,2300127.0,1469897.0,1766712.0,15838647.0,1192153.0
45,América Latina,Servicios y Productos no Clasificados,2017.0,5,1455130.0,1480990.0,1219265.0,1422686.0,1363041.0,1873596.0,2300127.0,1703657.0,1766712.0,15838647.0
46,América Latina,Servicios y Productos no Clasificados,2017.0,6,3954476.0,1455130.0,1480990.0,1219265.0,1422686.0,1363041.0,1873596.0,1347368.0,1703657.0,1766712.0
47,América Latina,Servicios y Productos no Clasificados,2017.0,7,1647873.0,3954476.0,1455130.0,1480990.0,1219265.0,1422686.0,1363041.0,1469897.0,1347368.0,1703657.0
48,América Latina,"Ganadería, Apicultura, Caza, Pesca",2016.0,8,3833.0,4394.0,315.0,4920.0,4090.0,978.0,4104.0,0.0,0.0,0.0
49,América Latina,"Ganadería, Apicultura, Caza, Pesca",2016.0,9,7490.0,3833.0,4394.0,315.0,4920.0,4090.0,978.0,0.0,0.0,0.0
50,América Latina,"Ganadería, Apicultura, Caza, Pesca",2016.0,10,3560.0,7490.0,3833.0,4394.0,315.0,4920.0,4090.0,0.0,0.0,0.0
51,América Latina,"Ganadería, Apicultura, Caza, Pesca",2016.0,11,2954.0,3560.0,7490.0,3833.0,4394.0,315.0,4920.0,4104.0,0.0,0.0
52,América Latina,"Ganadería, Apicultura, Caza, Pesca",2016.0,12,3234.0,2954.0,3560.0,7490.0,3833.0,4394.0,315.0,978.0,4104.0,0.0
53,América Latina,"Ganadería, Apicultura, Caza, Pesca",2017.0,1,1300.0,3234.0,2954.0,3560.0,7490.0,3833.0,4394.0,4090.0,978.0,4104.0
54,América Latina,"Ganadería, Apicultura, Caza, Pesca",2017.0,2,270.0,1300.0,3234.0,2954.0,3560.0,7490.0,3833.0,4920.0,4090.0,978.0
55,América Latina,"Ganadería, Apicultura, Caza, Pesca",2017.0,3,1238.0,270.0,1300.0,3234.0,2954.0,3560.0,7490.0,315.0,4920.0,4090.0
56,América Latina,"Ganadería, Apicultura, Caza, Pesca",2017.0,4,80.0,1238.0,270.0,1300.0,3234.0,2954.0,3560.0,4394.0,315.0,4920.0
57,América Latina,"Ganadería, Apicultura, Caza, Pesca",2017.0,5,510.0,80.0,1238.0,270.0,1300.0,3234.0,2954.0,3833.0,4394.0,315.0
58,América Latina,"Ganadería, Apicultura, Caza, Pesca",2017.0,6,287.0,510.0,80.0,1238.0,270.0,1300.0,3234.0,7490.0,3833.0,4394.0
59,América Latina,"Ganadería, Apicultura, Caza, Pesca",2017.0,7,1235.0,287.0,510.0,80.0,1238.0,270.0,1300.0,3560.0,7490.0,3833.0
60,Asia,Industrias Manufactureras,2016.0,8,192334531.0,161760558.0,130945176.0,179216572.0,179504515.0,144366936.0,177079136.0,208212602.0,195019516.0,210494948.0
61,Asia,Industrias Manufactureras,2016.0,9,147237405.0,192334531.0,161760558.0,130945176.0,179216572.0,179504515.0,144366936.0,174151450.0,208212602.0,195019516.0
62,Asia,Industrias Manufactureras,2016.0,10,198226433.0,147237405.0,192334531.0,161760558.0,130945176.0,179216572.0,179504515.0,181516595.0,174151450.0,208212602.0
63,Asia,Industrias Manufactureras,2016.0,11,168923365.0,198226433.0,147237405.0,192334531.0,161760558.0,130945176.0,179216572.0,177079136.0,181516595.0,174151450.0
64,Asia,Industrias Manufactureras,2016.0,12,175626361.0,168923365.0,198226433.0,147237405.0,192334531.0,161760558.0,130945176.0,144366936.0,177079136.0,181516595.0
65,Asia,Industrias Manufactureras,2017.0,1,169275847.0,175626361.0,168923365.0,198226433.0,147237405.0,192334531.0,161760558.0,179504515.0,144366936.0,177079136.0
66,Asia,Industrias Manufactureras,2017.0,2,155214405.0,169275847.0,175626361.0,168923365.0,198226433.0,147237405.0,192334531.0,179216572.0,179504515.0,144366936.0
67,Asia,Industrias Manufactureras,2017.0,3,323553366.0,155214405.0,169275847.0,175626361.0,168923365.0,198226433.0,147237405.0,130945176.0,179216572.0,179504515.0
68,Asia,Industrias Manufactureras,2017.0,4,189724587.0,323553366.0,155214405.0,169275847.0,175626361.0,168923365.0,198226433.0,161760558.0,130945176.0,179216572.0
69,Asia,Industrias Manufactureras,2017.0,5,197157442.0,189724587.0,323553366.0,155214405.0,169275847.0,175626361.0,168923365.0,192334531.0,161760558.0,130945176.0
70,Asia,Industrias Manufactureras,2017.0,6,186261472.0,197157442.0,189724587.0,323553366.0,155214405.0,169275847.0,175626361.0,147237405.0,192334531.0,161760558.0
71,Asia,Industrias Manufactureras,2017.0,7,242855867.0,186261472.0,197157442.0,189724587.0,323553366.0,155214405.0,169275847.0,198226433.0,147237405.0,192334531.0
72,Asia,Industrias Extractivas,2016.0,8,830356.0,549048.0,974090.0,702997.0,608139.0,294119.0,435796.0,450671.0,693964.0,696133.0
73,Asia,Industrias Extractivas,2016.0,9,441432.0,830356.0,549048.0,974090.0,702997.0,608139.0,294119.0,353767.0,450671.0,693964.0
74,Asia,Industrias Extractivas,2016.0,10,503758.0,441432.0,830356.0,549048.0,974090.0,702997.0,608139.0,626398.0,353767.0,450671.0
75,Asia,Industrias Extractivas,2016.0,11,633786.0,503758.0,441432.0,830356.0,549048.0,974090.0,702997.0,435796.0,626398.0,353767.0
76,Asia,Industrias Extractivas,2016.0,12,438855.0,633786.0,503758.0,441432.0,830356.0,549048.0,974090.0,294119.0,435796.0,626398.0
77,Asia,Industrias Extractivas,2017.0,1,523084.0,438855.0,633786.0,503758.0,441432.0,830356.0,549048.0,608139.0,294119.0,435796.0
78,Asia,Industrias Extractivas,2017.0,2,384542.0,523084.0,438855.0,633786.0,503758.0,441432.0,830356.0,702997.0,608139.0,294119.0
79,Asia,Industrias Extractivas,2017.0,3,502383.0,384542.0,523084.0,438855.0,633786.0,503758.0,441432.0,974090.0,702997.0,608139.0
80,Asia,Industrias Extractivas,2017.0,4,538998.0,502383.0,384542.0,523084.0,438855.0,633786.0,503758.0,549048.0,974090.0,702997.0
81,Asia,Industrias Extractivas,2017.0,5,558994.0,538998.0,502383.0,384542.0,523084.0,438855.0,633786.0,830356.0,549048.0,974090.0
82,Asia,Industrias Extractivas,2017.0,6,683214.0,558994.0,538998.0,502383.0,384542.0,523084.0,438855.0,441432.0,830356.0,549048.0
83,Asia,Industrias Extractivas,2017.0,7,802993.0,683214.0,558994.0,538998.0,502383.0,384542.0,523084.0,503758.0,441432.0,830356.0
84,Asia,Agricultura y Silvicultura,2016.0,8,4053044.0,5203993.0,4354093.0,3765146.0,3187535.0,2703295.0,2577386.0,1502873.0,3066394.0,2490416.0
85,Asia,Agricultura y Silvicultura,2016.0,9,4749897.0,4053044.0,5203993.0,4354093.0,3765146.0,3187535.0,2703295.0,2442049.0,1502873.0,3066394.0
86,Asia,Agricultura y Silvicultura,2016.0,10,4648694.0,4749897.0,4053044.0,5203993.0,4354093.0,3765146.0,3187535.0,1431744.0,2442049.0,1502873.0
87,Asia,Agricultura y Silvicultura,2016.0,11,5717631.0,4648694.0,4749897.0,4053044.0,5203993.0,4354093.0,3765146.0,2577386.0,1431744.0,2442049.0
88,Asia,Agricultura y Silvicultura,2016.0,12,4428425.0,5717631.0,4648694.0,4749897.0,4053044.0,5203993.0,4354093.0,2703295.0,2577386.0,1431744.0
89,Asia,Agricultura y Silvicultura,2017.0,1,4700126.0,4428425.0,5717631.0,4648694.0,4749897.0,4053044.0,5203993.0,3187535.0,2703295.0,2577386.0
90,Asia,Agricultura y Silvicultura,2017.0,2,6567657.0,4700126.0,4428425.0,5717631.0,4648694.0,4749897.0,4053044.0,3765146.0,3187535.0,2703295.0
91,Asia,Agricultura y Silvicultura,2017.0,3,9988983.0,6567657.0,4700126.0,4428425.0,5717631.0,4648694.0,4749897.0,4354093.0,3765146.0,3187535.0
92,Asia,Agricultura y Silvicultura,2017.0,4,4638547.0,9988983.0,6567657.0,4700126.0,4428425.0,5717631.0,4648694.0,5203993.0,4354093.0,3765146.0
93,Asia,Agricultura y Silvicultura,2017.0,5,7586434.0,4638547.0,9988983.0,6567657.0,4700126.0,4428425.0,5717631.0,4053044.0,5203993.0,4354093.0
94,Asia,Agricultura y Silvicultura,2017.0,6,6610099.0,7586434.0,4638547.0,9988983.0,6567657.0,4700126.0,4428425.0,4749897.0,4053044.0,5203993.0
95,Asia,Agricultura y Silvicultura,2017.0,7,4276965.0,6610099.0,7586434.0,4638547.0,9988983.0,6567657.0,4700126.0,4648694.0,4749897.0,4053044.0
96,Asia,Servicios y Productos no Clasificados,2016.0,8,4110941.0,1650918.0,1684441.0,1001110.0,2886888.0,3405829.0,639335.0,62373.0,2880.0,43937.0
97,Asia,Servicios y Productos no Clasificados,2016.0,9,3070324.0,4110941.0,1650918.0,1684441.0,1001110.0,2886888.0,3405829.0,42.0,62373.0,2880.0
98,Asia,Servicios y Productos no Clasificados,2016.0,10,960132.0,3070324.0,4110941.0,1650918.0,1684441.0,1001110.0,2886888.0,336814.0,42.0,62373.0
99,Asia,Servicios y Productos no Clasificados,2016.0,11,1166471.0,960132.0,3070324.0,4110941.0,1650918.0,1684441.0,1001110.0,639335.0,336814.0,42.0
100,Asia,Servicios y Productos no Clasificados,2016.0,12,1332445.0,1166471.0,960132.0,3070324.0,4110941.0,1650918.0,1684441.0,3405829.0,639335.0,336814.0
101,Asia,Servicios y Productos no Clasificados,2017.0,1,1886427.0,1332445.0,1166471.0,960132.0,3070324.0,4110941.0,1650918.0,2886888.0,3405829.0,639335.0
102,Asia,Servicios y Productos no Clasificados,2017.0,2,3435939.0,1886427.0,1332445.0,1166471.0,960132.0,3070324.0,4110941.0,1001110.0,2886888.0,3405829.0
103,Asia,Servicios y Productos no Clasificados,2017.0,3,2868756.0,3435939.0,1886427.0,1332445.0,1166471.0,960132.0,3070324.0,1684441.0,1001110.0,2886888.0
104,Asia,Servicios y Productos no Clasificados,2017.0,4,2044182.0,2868756.0,3435939.0,1886427.0,1332445.0,1166471.0,960132.0,1650918.0,1684441.0,1001110.0
105,Asia,Servicios y Productos no Clasificados,2017.0,5,1013141.0,2044182.0,2868756.0,3435939.0,1886427.0,1332445.0,1166471.0,4110941.0,1650918.0,1684441.0
106,Asia,Servicios y Productos no Clasificados,2017.0,6,1744764.0,1013141.0,2044182.0,2868756.0,3435939.0,1886427.0,1332445.0,3070324.0,4110941.0,1650918.0
107,Asia,Servicios y Productos no Clasificados,2017.0,7,1843572.0,1744764.0,1013141.0,2044182.0,2868756.0,3435939.0,1886427.0,960132.0,3070324.0,4110941.0
108,Asia,"Ganadería, Apicultura, Caza, Pesca",2016.0,8,50.0,0.0,150.0,0.0,100.0,0.0,0.0,0.0,0.0,0.0
109,Asia,"Ganadería, Apicultura, Caza, Pesca",2016.0,9,0.0,50.0,0.0,150.0,0.0,100.0,0.0,0.0,0.0,0.0
110,Asia,"Ganadería, Apicultura, Caza, Pesca",2016.0,10,100.0,0.0,50.0,0.0,150.0,0.0,100.0,0.0,0.0,0.0
111,Asia,"Ganadería, Apicultura, Caza, Pesca",2016.0,11,20.0,100.0,0.0,50.0,0.0,150.0,0.0,0.0,0.0,0.0
112,Asia,"Ganadería, Apicultura, Caza, Pesca",2016.0,12,0.0,20.0,100.0,0.0,50.0,0.0,150.0,0.0,0.0,0.0
113,Asia,"Ganadería, Apicultura, Caza, Pesca",2017.0,1,0.0,0.0,20.0,100.0,0.0,50.0,0.0,100.0,0.0,0.0
114,Asia,"Ganadería, Apicultura, Caza, Pesca",2017.0,2,0.0,0.0,0.0,20.0,100.0,0.0,50.0,0.0,100.0,0.0
115,Asia,"Ganadería, Apicultura, Caza, Pesca",2017.0,3,0.0,0.0,0.0,0.0,20.0,100.0,0.0,150.0,0.0,100.0
116,Asia,"Ganadería, Apicultura, Caza, Pesca",2017.0,4,0.0,0.0,0.0,0.0,0.0,20.0,100.0,0.0,150.0,0.0
117,Asia,"Ganadería, Apicultura, Caza, Pesca",2017.0,5,0.0,0.0,0.0,0.0,0.0,0.0,20.0,50.0,0.0,150.0
118,Asia,"Ganadería, Apicultura, Caza, Pesca",2017.0,6,0.0,0.0,0.0,0.0,0.0,0.0,0.0,0.0,50.0,0.0
119,Asia,"Ganadería, Apicultura, Caza, Pesca",2017.0,7,0.0,0.0,0.0,0.0,0.0,0.0,0.0,100.0,0.0,50.0
120,Europa,Industrias Manufactureras,2016.0,8,246231013.0,262138360.0,228164746.0,208791354.0,247743820.0,224578301.0,230825018.0,238641866.0,267988059.0,246106983.0
121,Europa,Industrias Manufactureras,2016.0,9,954222248.0,246231013.0,262138360.0,228164746.0,208791354.0,247743820.0,224578301.0,248857995.0,238641866.0,267988059.0
122,Europa,Industrias Manufactureras,2016.0,10,1166798458.0,954222248.0,246231013.0,262138360.0,228164746.0,208791354.0,247743820.0,335176538.0,248857995.0,238641866.0
123,Europa,Industrias Manufactureras,2016.0,11,1057216797.0,1166798458.0,954222248.0,246231013.0,262138360.0,228164746.0,208791354.0,230825018.0,335176538.0,248857995.0
124,Europa,Industrias Manufactureras,2016.0,12,671422653.0,1057216797.0,1166798458.0,954222248.0,246231013.0,262138360.0,228164746.0,224578301.0,230825018.0,335176538.0
125,Europa,Industrias Manufactureras,2017.0,1,1011850120.0,671422653.0,1057216797.0,1166798458.0,954222248.0,246231013.0,262138360.0,247743820.0,224578301.0,230825018.0
126,Europa,Industrias Manufactureras,2017.0,2,889310648.0,1011850120.0,671422653.0,1057216797.0,1166798458.0,954222248.0,246231013.0,208791354.0,247743820.0,224578301.0
127,Europa,Industrias Manufactureras,2017.0,3,772404054.0,889310648.0,1011850120.0,671422653.0,1057216797.0,1166798458.0,954222248.0,228164746.0,208791354.0,247743820.0
128,Europa,Industrias Manufactureras,2017.0,4,939412729.0,772404054.0,889310648.0,1011850120.0,671422653.0,1057216797.0,1166798458.0,262138360.0,228164746.0,208791354.0
129,Europa,Industrias Manufactureras,2017.0,5,1084763138.0,939412729.0,772404054.0,889310648.0,1011850120.0,671422653.0,1057216797.0,246231013.0,262138360.0,228164746.0
130,Europa,Industrias Manufactureras,2017.0,6,1008506956.0,1084763138.0,939412729.0,772404054.0,889310648.0,1011850120.0,671422653.0,954222248.0,246231013.0,262138360.0
131,Europa,Industrias Manufactureras,2017.0,7,888900616.0,1008506956.0,1084763138.0,939412729.0,772404054.0,889310648.0,1011850120.0,1166798458.0,954222248.0,246231013.0
132,Europa,Industrias Extractivas,2016.0,8,189082.0,283052.0,446838.0,338071.0,544761.0,487598.0,302405.0,260042.0,292486.0,332020.0
133,Europa,Industrias Extractivas,2016.0,9,564822.0,189082.0,283052.0,446838.0,338071.0,544761.0,487598.0,356626.0,260042.0,292486.0
134,Europa,Industrias Extractivas,2016.0,10,294501.0,564822.0,189082.0,283052.0,446838.0,338071.0,544761.0,370943.0,356626.0,260042.0
135,Europa,Industrias Extractivas,2016.0,11,335678.0,294501.0,564822.0,189082.0,283052.0,446838.0,338071.0,302405.0,370943.0,356626.0
136,Europa,Industrias Extractivas,2016.0,12,567335.0,335678.0,294501.0,564822.0,189082.0,283052.0,446838.0,487598.0,302405.0,370943.0
137,Europa,Industrias Extractivas,2017.0,1,361017.0,567335.0,335678.0,294501.0,564822.0,189082.0,283052.0,544761.0,487598.0,302405.0
138,Europa,Industrias Extractivas,2017.0,2,351971.0,361017.0,567335.0,335678.0,294501.0,564822.0,189082.0,338071.0,544761.0,487598.0
139,Europa,Industrias Extractivas,2017.0,3,493521.0,351971.0,361017.0,567335.0,335678.0,294501.0,564822.0,446838.0,338071.0,544761.0
140,Europa,Industrias Extractivas,2017.0,4,348450.0,493521.0,351971.0,361017.0,567335.0,335678.0,294501.0,283052.0,446838.0,338071.0
141,Europa,Industrias Extractivas,2017.0,5,450989.0,348450.0,493521.0,351971.0,361017.0,567335.0,335678.0,189082.0,283052.0,446838.0
142,Europa,Industrias Extractivas,2017.0,6,445272.0,450989.0,348450.0,493521.0,351971.0,361017.0,567335.0,564822.0,189082.0,283052.0
143,Europa,Industrias Extractivas,2017.0,7,485057.0,445272.0,450989.0,348450.0,493521.0,351971.0,361017.0,294501.0,564822.0,189082.0
144,Europa,Agricultura y Silvicultura,2016.0,8,7975988.0,5680512.0,4643790.0,3889502.0,5901999.0,9805584.0,7594271.0,3501512.0,4736830.0,4152975.0
145,Europa,Agricultura y Silvicultura,2016.0,9,7293602.0,7975988.0,5680512.0,4643790.0,3889502.0,5901999.0,9805584.0,2031108.0,3501512.0,4736830.0
146,Europa,Agricultura y Silvicultura,2016.0,10,9102897.0,7293602.0,7975988.0,5680512.0,4643790.0,3889502.0,5901999.0,2783012.0,2031108.0,3501512.0
147,Europa,Agricultura y Silvicultura,2016.0,11,8568979.0,9102897.0,7293602.0,7975988.0,5680512.0,4643790.0,3889502.0,7594271.0,2783012.0,2031108.0
148,Europa,Agricultura y Silvicultura,2016.0,12,6914245.0,8568979.0,9102897.0,7293602.0,7975988.0,5680512.0,4643790.0,9805584.0,7594271.0,2783012.0
149,Europa,Agricultura y Silvicultura,2017.0,1,7157155.0,6914245.0,8568979.0,9102897.0,7293602.0,7975988.0,5680512.0,5901999.0,9805584.0,7594271.0
150,Europa,Agricultura y Silvicultura,2017.0,2,6544623.0,7157155.0,6914245.0,8568979.0,9102897.0,7293602.0,7975988.0,3889502.0,5901999.0,9805584.0
151,Europa,Agricultura y Silvicultura,2017.0,3,6636428.0,6544623.0,7157155.0,6914245.0,8568979.0,9102897.0,7293602.0,4643790.0,3889502.0,5901999.0
152,Europa,Agricultura y Silvicultura,2017.0,4,6340015.0,6636428.0,6544623.0,7157155.0,6914245.0,8568979.0,9102897.0,5680512.0,4643790.0,3889502.0
153,Europa,Agricultura y Silvicultura,2017.0,5,4508206.0,6340015.0,6636428.0,6544623.0,7157155.0,6914245.0,8568979.0,7975988.0,5680512.0,4643790.0
154,Europa,Agricultura y Silvicultura,2017.0,6,7034842.0,4508206.0,6340015.0,6636428.0,6544623.0,7157155.0,6914245.0,7293602.0,7975988.0,5680512.0
155,Europa,Agricultura y Silvicultura,2017.0,7,11332816.0,7034842.0,4508206.0,6340015.0,6636428.0,6544623.0,7157155.0,9102897.0,7293602.0,7975988.0
156,Europa,Servicios y Productos no Clasificados,2016.0,8,7718778.0,9052195.0,8289122.0,7094068.0,6343992.0,8171037.0,9871541.0,5092836.0,4837271.0,6628231.0
157,Europa,Servicios y Productos no Clasificados,2016.0,9,11232575.0,7718778.0,9052195.0,8289122.0,7094068.0,6343992.0,8171037.0,6519026.0,5092836.0,4837271.0
158,Europa,Servicios y Productos no Clasificados,2016.0,10,7081126.0,11232575.0,7718778.0,9052195.0,8289122.0,7094068.0,6343992.0,8672577.0,6519026.0,5092836.0
159,Europa,Servicios y Productos no Clasificados,2016.0,11,7589944.0,7081126.0,11232575.0,7718778.0,9052195.0,8289122.0,7094068.0,9871541.0,8672577.0,6519026.0
160,Europa,Servicios y Productos no Clasificados,2016.0,12,6667544.0,7589944.0,7081126.0,11232575.0,7718778.0,9052195.0,8289122.0,8171037.0,9871541.0,8672577.0
161,Europa,Servicios y Productos no Clasificados,2017.0,1,7282377.0,6667544.0,7589944.0,7081126.0,11232575.0,7718778.0,9052195.0,6343992.0,8171037.0,9871541.0
162,Europa,Servicios y Productos no Clasificados,2017.0,2,6155599.0,7282377.0,6667544.0,7589944.0,7081126.0,11232575.0,7718778.0,7094068.0,6343992.0,8171037.0
163,Europa,Servicios y Productos no Clasificados,2017.0,3,6963538.0,6155599.0,7282377.0,6667544.0,7589944.0,7081126.0,11232575.0,8289122.0,7094068.0,6343992.0
164,Europa,Servicios y Productos no Clasificados,2017.0,4,5981368.0,6963538.0,6155599.0,7282377.0,6667544.0,7589944.0,7081126.0,9052195.0,8289122.0,7094068.0
165,Europa,Servicios y Productos no Clasificados,2017.0,5,6217323.0,5981368.0,6963538.0,6155599.0,7282377.0,6667544.0,7589944.0,7718778.0,9052195.0,8289122.0
166,Europa,Servicios y Productos no Clasificados,2017.0,6,7471749.0,6217323.0,5981368.0,6963538.0,6155599.0,7282377.0,6667544.0,11232575.0,7718778.0,9052195.0
167,Europa,Servicios y Productos no Clasificados,2017.0,7,9046228.0,7471749.0,6217323.0,5981368.0,6963538.0,6155599.0,7282377.0,7081126.0,11232575.0,7718778.0
168,Europa,"Ganadería, Apicultura, Caza, Pesca",2016.0,8,100.0,100.0,50.0,378.0,200.0,0.0,50.0,0.0,0.0,0.0
169,Europa,"Ganadería, Apicultura, Caza, Pesca",2016.0,9,0.0,100.0,100.0,50.0,378.0,200.0,0.0,0.0,0.0,0.0
170,Europa,"Ganadería, Apicultura, Caza, Pesca",2016.0,10,200.0,0.0,100.0,100.0,50.0,378.0,200.0,0.0,0.0,0.0
171,Europa,"Ganadería, Apicultura, Caza, Pesca",2016.0,11,90.0,200.0,0.0,100.0,100.0,50.0,378.0,50.0,0.0,0.0
172,Europa,"Ganadería, Apicultura, Caza, Pesca",2016.0,12,0.0,90.0,200.0,0.0,100.0,100.0,50.0,0.0,50.0,0.0
173,Europa,"Ganadería, Apicultura, Caza, Pesca",2017.0,1,90.0,0.0,90.0,200.0,0.0,100.0,100.0,200.0,0.0,50.0
174,Europa,"Ganadería, Apicultura, Caza, Pesca",2017.0,2,0.0,90.0,0.0,90.0,200.0,0.0,100.0,378.0,200.0,0.0
175,Europa,"Ganadería, Apicultura, Caza, Pesca",2017.0,3,0.0,0.0,90.0,0.0,90.0,200.0,0.0,50.0,378.0,200.0
176,Europa,"Ganadería, Apicultura, Caza, Pesca",2017.0,4,0.0,0.0,0.0,90.0,0.0,90.0,200.0,100.0,50.0,378.0
177,Europa,"Ganadería, Apicultura, Caza, Pesca",2017.0,5,50.0,0.0,0.0,0.0,90.0,0.0,90.0,100.0,100.0,50.0
178,Europa,"Ganadería, Apicultura, Caza, Pesca",2017.0,6,0.0,50.0,0.0,0.0,0.0,90.0,0.0,0.0,100.0,100.0
179,Europa,"Ganadería, Apicultura, Caza, Pesca",2017.0,7,200.0,0.0,50.0,0.0,0.0,0.0,90.0,200.0,0.0,100.0
180,Africa,Industrias Manufactureras,2016.0,8,8405052.0,6147381.0,3344645.0,6439046.0,4920866.0,4148766.0,4175365.0,3334127.0,6730740.0,4845454.0
181,Africa,Industrias Manufactureras,2016.0,9,4886786.0,8405052.0,6147381.0,3344645.0,6439046.0,4920866.0,4148766.0,7450468.0,3334127.0,6730740.0
182,Africa,Industrias Manufactureras,2016.0,10,3976625.0,4886786.0,8405052.0,6147381.0,3344645.0,6439046.0,4920866.0,9067745.0,7450468.0,3334127.0
183,Africa,Industrias Manufactureras,2016.0,11,6005280.0,3976625.0,4886786.0,8405052.0,6147381.0,3344645.0,6439046.0,4175365.0,9067745.0,7450468.0
184,Africa,Industrias Manufactureras,2016.0,12,7214604.0,6005280.0,3976625.0,4886786.0,8405052.0,6147381.0,3344645.0,4148766.0,4175365.0,9067745.0
185,Africa,Industrias Manufactureras,2017.0,1,7068321.0,7214604.0,6005280.0,3976625.0,4886786.0,8405052.0,6147381.0,4920866.0,4148766.0,4175365.0
186,Africa,Industrias Manufactureras,2017.0,2,3560762.0,7068321.0,7214604.0,6005280.0,3976625.0,4886786.0,8405052.0,6439046.0,4920866.0,4148766.0
187,Africa,Industrias Manufactureras,2017.0,3,5072911.0,3560762.0,7068321.0,7214604.0,6005280.0,3976625.0,4886786.0,3344645.0,6439046.0,4920866.0
188,Africa,Industrias Manufactureras,2017.0,4,5441904.0,5072911.0,3560762.0,7068321.0,7214604.0,6005280.0,3976625.0,6147381.0,3344645.0,6439046.0
189,Africa,Industrias Manufactureras,2017.0,5,7451467.0,5441904.0,5072911.0,3560762.0,7068321.0,7214604.0,6005280.0,8405052.0,6147381.0,3344645.0
190,Africa,Industrias Manufactureras,2017.0,6,4671475.0,7451467.0,5441904.0,5072911.0,3560762.0,7068321.0,7214604.0,4886786.0,8405052.0,6147381.0
191,Africa,Industrias Manufactureras,2017.0,7,8835510.0,4671475.0,7451467.0,5441904.0,5072911.0,3560762.0,7068321.0,3976625.0,4886786.0,8405052.0
192,Africa,Industrias Extractivas,2016.0,8,0.0,0.0,0.0,0.0,0.0,0.0,0.0,210.0,0.0,0.0
193,Africa,Industrias Extractivas,2016.0,9,0.0,0.0,0.0,0.0,0.0,0.0,0.0,0.0,210.0,0.0
194,Africa,Industrias Extractivas,2016.0,10,0.0,0.0,0.0,0.0,0.0,0.0,0.0,0.0,0.0,210.0
195,Africa,Industrias Extractivas,2016.0,11,0.0,0.0,0.0,0.0,0.0,0.0,0.0,0.0,0.0,0.0
196,Africa,Industrias Extractivas,2016.0,12,0.0,0.0,0.0,0.0,0.0,0.0,0.0,0.0,0.0,0.0
197,Africa,Industrias Extractivas,2017.0,1,2900.0,0.0,0.0,0.0,0.0,0.0,0.0,0.0,0.0,0.0
198,Africa,Industrias Extractivas,2017.0,2,0.0,2900.0,0.0,0.0,0.0,0.0,0.0,0.0,0.0,0.0
199,Africa,Industrias Extractivas,2017.0,3,0.0,0.0,2900.0,0.0,0.0,0.0,0.0,0.0,0.0,0.0
200,Africa,Industrias Extractivas,2017.0,4,0.0,0.0,0.0,2900.0,0.0,0.0,0.0,0.0,0.0,0.0
201,Africa,Industrias Extractivas,2017.0,5,0.0,0.0,0.0,0.0,2900.0,0.0,0.0,0.0,0.0,0.0
202,Africa,Industrias Extractivas,2017.0,6,0.0,0.0,0.0,0.0,0.0,2900.0,0.0,0.0,0.0,0.0
203,Africa,Industrias Extractivas,2017.0,7,0.0,0.0,0.0,0.0,0.0,0.0,2900.0,0.0,0.0,0.0
204,Africa,Agricultura y Silvicultura,2016.0,8,1066.0,862853.0,2359.0,0.0,31200.0,4445.0,0.0,2113.0,359.0,41360.0
205,Africa,Agricultura y Silvicultura,2016.0,9,827795.0,1066.0,862853.0,2359.0,0.0,31200.0,4445.0,0.0,2113.0,359.0
206,Africa,Agricultura y Silvicultura,2016.0,10,90.0,827795.0,1066.0,862853.0,2359.0,0.0,31200.0,0.0,0.0,2113.0
207,Africa,Agricultura y Silvicultura,2016.0,11,0.0,90.0,827795.0,1066.0,862853.0,2359.0,0.0,0.0,0.0,0.0
208,Africa,Agricultura y Silvicultura,2016.0,12,0.0,0.0,90.0,827795.0,1066.0,862853.0,2359.0,4445.0,0.0,0.0
209,Africa,Agricultura y Silvicultura,2017.0,1,0.0,0.0,0.0,90.0,827795.0,1066.0,862853.0,31200.0,4445.0,0.0
210,Africa,Agricultura y Silvicultura,2017.0,2,0.0,0.0,0.0,0.0,90.0,827795.0,1066.0,0.0,31200.0,4445.0
211,Africa,Agricultura y Silvicultura,2017.0,3,0.0,0.0,0.0,0.0,0.0,90.0,827795.0,2359.0,0.0,31200.0
212,Africa,Agricultura y Silvicultura,2017.0,4,0.0,0.0,0.0,0.0,0.0,0.0,90.0,862853.0,2359.0,0.0
213,Africa,Agricultura y Silvicultura,2017.0,5,340450.0,0.0,0.0,0.0,0.0,0.0,0.0,1066.0,862853.0,2359.0
214,Africa,Agricultura y Silvicultura,2017.0,6,85528.0,340450.0,0.0,0.0,0.0,0.0,0.0,827795.0,1066.0,862853.0
215,Africa,Agricultura y Silvicultura,2017.0,7,0.0,85528.0,340450.0,0.0,0.0,0.0,0.0,90.0,827795.0,1066.0
216,Africa,Servicios y Productos no Clasificados,2016.0,8,30000.0,173761.0,30000.0,7900.0,5000.0,40000.0,40000.0,0.0,0.0,0.0
217,Africa,Servicios y Productos no Clasificados,2016.0,9,198261.0,30000.0,173761.0,30000.0,7900.0,5000.0,40000.0,0.0,0.0,0.0
218,Africa,Servicios y Productos no Clasificados,2016.0,10,203950.0,198261.0,30000.0,173761.0,30000.0,7900.0,5000.0,0.0,0.0,0.0
219,Africa,Servicios y Productos no Clasificados,2016.0,11,40501.0,203950.0,198261.0,30000.0,173761.0,30000.0,7900.0,40000.0,0.0,0.0
220,Africa,Servicios y Productos no Clasificados,2016.0,12,102000.0,40501.0,203950.0,198261.0,30000.0,173761.0,30000.0,40000.0,40000.0,0.0
221,Africa,Servicios y Productos no Clasificados,2017.0,1,77931.0,102000.0,40501.0,203950.0,198261.0,30000.0,173761.0,5000.0,40000.0,40000.0
222,Africa,Servicios y Productos no Clasificados,2017.0,2,0.0,77931.0,102000.0,40501.0,203950.0,198261.0,30000.0,7900.0,5000.0,40000.0
223,Africa,Servicios y Productos no Clasificados,2017.0,3,84950.0,0.0,77931.0,102000.0,40501.0,203950.0,198261.0,30000.0,7900.0,5000.0
224,Africa,Servicios y Productos no Clasificados,2017.0,4,0.0,84950.0,0.0,77931.0,102000.0,40501.0,203950.0,173761.0,30000.0,7900.0
225,Africa,Servicios y Productos no Clasificados,2017.0,5,4500.0,0.0,84950.0,0.0,77931.0,102000.0,40501.0,30000.0,173761.0,30000.0
226,Africa,Servicios y Productos no Clasificados,2017.0,6,126437.0,4500.0,0.0,84950.0,0.0,77931.0,102000.0,198261.0,30000.0,173761.0
227,Africa,Servicios y Productos no Clasificados,2017.0,7,312415.0,126437.0,4500.0,0.0,84950.0,0.0,77931.0,203950.0,198261.0,30000.0
228,Africa,"Ganadería, Apicultura, Caza, Pesca",2016.0,8,0.0,0.0,0.0,0.0,0.0,0.0,0.0,0.0,0.0,0.0
229,Africa,"Ganadería, Apicultura, Caza, Pesca",2016.0,9,0.0,0.0,0.0,0.0,0.0,0.0,0.0,0.0,0.0,0.0
230,Africa,"Ganadería, Apicultura, Caza, Pesca",2016.0,10,0.0,0.0,0.0,0.0,0.0,0.0,0.0,0.0,0.0,0.0
231,Africa,"Ganadería, Apicultura, Caza, Pesca",2016.0,11,0.0,0.0,0.0,0.0,0.0,0.0,0.0,0.0,0.0,0.0
232,Africa,"Ganadería, Apicultura, Caza, Pesca",2016.0,12,0.0,0.0,0.0,0.0,0.0,0.0,0.0,0.0,0.0,0.0
233,Africa,"Ganadería, Apicultura, Caza, Pesca",2017.0,1,0.0,0.0,0.0,0.0,0.0,0.0,0.0,0.0,0.0,0.0
234,Africa,"Ganadería, Apicultura, Caza, Pesca",2017.0,2,0.0,0.0,0.0,0.0,0.0,0.0,0.0,0.0,0.0,0.0
235,Africa,"Ganadería, Apicultura, Caza, Pesca",2017.0,3,0.0,0.0,0.0,0.0,0.0,0.0,0.0,0.0,0.0,0.0
236,Africa,"Ganadería, Apicultura, Caza, Pesca",2017.0,4,0.0,0.0,0.0,0.0,0.0,0.0,0.0,0.0,0.0,0.0
237,Africa,"Ganadería, Apicultura, Caza, Pesca",2017.0,5,0.0,0.0,0.0,0.0,0.0,0.0,0.0,0.0,0.0,0.0
238,Africa,"Ganadería, Apicultura, Caza, Pesca",2017.0,6,0.0,0.0,0.0,0.0,0.0,0.0,0.0,0.0,0.0,0.0
239,Africa,"Ganadería, Apicultura, Caza, Pesca",2017.0,7,0.0,0.0,0.0,0.0,0.0,0.0,0.0,0.0,0.0,0.0
240,Oceanía,Industrias Manufactureras,2016.0,8,10362671.0,8229177.0,15681872.0,9808378.0,6025429.0,17182416.0,7768542.0,11901752.0,18256313.0,14412952.0
241,Oceanía,Industrias Manufactureras,2016.0,9,13620941.0,10362671.0,8229177.0,15681872.0,9808378.0,6025429.0,17182416.0,18009495.0,11901752.0,18256313.0
242,Oceanía,Industrias Manufactureras,2016.0,10,11864106.0,13620941.0,10362671.0,8229177.0,15681872.0,9808378.0,6025429.0,14204419.0,18009495.0,11901752.0
243,Oceanía,Industrias Manufactureras,2016.0,11,11475576.0,11864106.0,13620941.0,10362671.0,8229177.0,15681872.0,9808378.0,7768542.0,14204419.0,18009495.0
244,Oceanía,Industrias Manufactureras,2016.0,12,7563725.0,11475576.0,11864106.0,13620941.0,10362671.0,8229177.0,15681872.0,17182416.0,7768542.0,14204419.0
245,Oceanía,Industrias Manufactureras,2017.0,1,19926936.0,7563725.0,11475576.0,11864106.0,13620941.0,10362671.0,8229177.0,6025429.0,17182416.0,7768542.0
246,Oceanía,Industrias Manufactureras,2017.0,2,14333464.0,19926936.0,7563725.0,11475576.0,11864106.0,13620941.0,10362671.0,9808378.0,6025429.0,17182416.0
247,Oceanía,Industrias Manufactureras,2017.0,3,12179347.0,14333464.0,19926936.0,7563725.0,11475576.0,11864106.0,13620941.0,15681872.0,9808378.0,6025429.0
248,Oceanía,Industrias Manufactureras,2017.0,4,17812245.0,12179347.0,14333464.0,19926936.0,7563725.0,11475576.0,11864106.0,8229177.0,15681872.0,9808378.0
249,Oceanía,Industrias Manufactureras,2017.0,5,15524053.0,17812245.0,12179347.0,14333464.0,19926936.0,7563725.0,11475576.0,10362671.0,8229177.0,15681872.0
250,Oceanía,Industrias Manufactureras,2017.0,6,34757883.0,15524053.0,17812245.0,12179347.0,14333464.0,19926936.0,7563725.0,13620941.0,10362671.0,8229177.0
251,Oceanía,Industrias Manufactureras,2017.0,7,16112615.0,34757883.0,15524053.0,17812245.0,12179347.0,14333464.0,19926936.0,11864106.0,13620941.0,10362671.0
252,Oceanía,Industrias Extractivas,2016.0,8,10240.0,18216.0,0.0,0.0,0.0,18612.0,10240.0,26524.0,27324.0,27324.0
253,Oceanía,Industrias Extractivas,2016.0,9,0.0,10240.0,18216.0,0.0,0.0,0.0,18612.0,18216.0,26524.0,27324.0
254,Oceanía,Industrias Extractivas,2016.0,10,28456.0,0.0,10240.0,18216.0,0.0,0.0,0.0,0.0,18216.0,26524.0
255,Oceanía,Industrias Extractivas,2016.0,11,0.0,28456.0,0.0,10240.0,18216.0,0.0,0.0,10240.0,0.0,18216.0
256,Oceanía,Industrias Extractivas,2016.0,12,27232.0,0.0,28456.0,0.0,10240.0,18216.0,0.0,18612.0,10240.0,0.0
257,Oceanía,Industrias Extractivas,2017.0,1,0.0,27232.0,0.0,28456.0,0.0,10240.0,18216.0,0.0,18612.0,10240.0
258,Oceanía,Industrias Extractivas,2017.0,2,0.0,0.0,27232.0,0.0,28456.0,0.0,10240.0,0.0,0.0,18612.0
259,Oceanía,Industrias Extractivas,2017.0,3,10205.0,0.0,0.0,27232.0,0.0,28456.0,0.0,0.0,0.0,0.0
260,Oceanía,Industrias Extractivas,2017.0,4,0.0,10205.0,0.0,0.0,27232.0,0.0,28456.0,18216.0,0.0,0.0
261,Oceanía,Industrias Extractivas,2017.0,5,9402.0,0.0,10205.0,0.0,0.0,27232.0,0.0,10240.0,18216.0,0.0
262,Oceanía,Industrias Extractivas,2017.0,6,18216.0,9402.0,0.0,10205.0,0.0,0.0,27232.0,0.0,10240.0,18216.0
263,Oceanía,Industrias Extractivas,2017.0,7,0.0,18216.0,9402.0,0.0,10205.0,0.0,0.0,28456.0,0.0,10240.0
264,Oceanía,Agricultura y Silvicultura,2016.0,8,7895.0,99218.0,95302.0,0.0,8225.0,16566.0,0.0,1060.0,47525.0,11121.0
265,Oceanía,Agricultura y Silvicultura,2016.0,9,16720.0,7895.0,99218.0,95302.0,0.0,8225.0,16566.0,0.0,1060.0,47525.0
266,Oceanía,Agricultura y Silvicultura,2016.0,10,0.0,16720.0,7895.0,99218.0,95302.0,0.0,8225.0,11048.0,0.0,1060.0
267,Oceanía,Agricultura y Silvicultura,2016.0,11,1085.0,0.0,16720.0,7895.0,99218.0,95302.0,0.0,0.0,11048.0,0.0
268,Oceanía,Agricultura y Silvicultura,2016.0,12,67990.0,1085.0,0.0,16720.0,7895.0,99218.0,95302.0,16566.0,0.0,11048.0
269,Oceanía,Agricultura y Silvicultura,2017.0,1,44397.0,67990.0,1085.0,0.0,16720.0,7895.0,99218.0,8225.0,16566.0,0.0
270,Oceanía,Agricultura y Silvicultura,2017.0,2,9842.0,44397.0,67990.0,1085.0,0.0,16720.0,7895.0,0.0,8225.0,16566.0
271,Oceanía,Agricultura y Silvicultura,2017.0,3,33484.0,9842.0,44397.0,67990.0,1085.0,0.0,16720.0,95302.0,0.0,8225.0
272,Oceanía,Agricultura y Silvicultura,2017.0,4,53642.0,33484.0,9842.0,44397.0,67990.0,1085.0,0.0,99218.0,95302.0,0.0
273,Oceanía,Agricultura y Silvicultura,2017.0,5,51407.0,53642.0,33484.0,9842.0,44397.0,67990.0,1085.0,7895.0,99218.0,95302.0
274,Oceanía,Agricultura y Silvicultura,2017.0,6,35280.0,51407.0,53642.0,33484.0,9842.0,44397.0,67990.0,16720.0,7895.0,99218.0
275,Oceanía,Agricultura y Silvicultura,2017.0,7,25203.0,35280.0,51407.0,53642.0,33484.0,9842.0,44397.0,0.0,16720.0,7895.0
276,Oceanía,Servicios y Productos no Clasificados,2016.0,8,20491.0,35823.0,35174.0,20010.0,0.0,29482.0,60000.0,12.0,0.0,0.0
277,Oceanía,Servicios y Productos no Clasificados,2016.0,9,14771.0,20491.0,35823.0,35174.0,20010.0,0.0,29482.0,20.0,12.0,0.0
278,Oceanía,Servicios y Productos no Clasificados,2016.0,10,86013.0,14771.0,20491.0,35823.0,35174.0,20010.0,0.0,0.0,20.0,12.0
279,Oceanía,Servicios y Productos no Clasificados,2016.0,11,111280.0,86013.0,14771.0,20491.0,35823.0,35174.0,20010.0,60000.0,0.0,20.0
280,Oceanía,Servicios y Productos no Clasificados,2016.0,12,43668.0,111280.0,86013.0,14771.0,20491.0,35823.0,35174.0,29482.0,60000.0,0.0
281,Oceanía,Servicios y Productos no Clasificados,2017.0,1,27000.0,43668.0,111280.0,86013.0,14771.0,20491.0,35823.0,0.0,29482.0,60000.0
282,Oceanía,Servicios y Productos no Clasificados,2017.0,2,14760.0,27000.0,43668.0,111280.0,86013.0,14771.0,20491.0,20010.0,0.0,29482.0
283,Oceanía,Servicios y Productos no Clasificados,2017.0,3,26000.0,14760.0,27000.0,43668.0,111280.0,86013.0,14771.0,35174.0,20010.0,0.0
284,Oceanía,Servicios y Productos no Clasificados,2017.0,4,12971.0,26000.0,14760.0,27000.0,43668.0,111280.0,86013.0,35823.0,35174.0,20010.0
285,Oceanía,Servicios y Productos no Clasificados,2017.0,5,0.0,12971.0,26000.0,14760.0,27000.0,43668.0,111280.0,20491.0,35823.0,35174.0
286,Oceanía,Servicios y Productos no Clasificados,2017.0,6,5160.0,0.0,12971.0,26000.0,14760.0,27000.0,43668.0,14771.0,20491.0,35823.0
287,Oceanía,Servicios y Productos no Clasificados,2017.0,7,86051.0,5160.0,0.0,12971.0,26000.0,14760.0,27000.0,86013.0,14771.0,20491.0
288,Oceanía,"Ganadería, Apicultura, Caza, Pesca",2016.0,8,0.0,0.0,0.0,0.0,0.0,0.0,0.0,0.0,0.0,0.0
289,Oceanía,"Ganadería, Apicultura, Caza, Pesca",2016.0,9,0.0,0.0,0.0,0.0,0.0,0.0,0.0,0.0,0.0,0.0
290,Oceanía,"Ganadería, Apicultura, Caza, Pesca",2016.0,10,0.0,0.0,0.0,0.0,0.0,0.0,0.0,0.0,0.0,0.0
291,Oceanía,"Ganadería, Apicultura, Caza, Pesca",2016.0,11,0.0,0.0,0.0,0.0,0.0,0.0,0.0,0.0,0.0,0.0
292,Oceanía,"Ganadería, Apicultura, Caza, Pesca",2016.0,12,0.0,0.0,0.0,0.0,0.0,0.0,0.0,0.0,0.0,0.0
293,Oceanía,"Ganadería, Apicultura, Caza, Pesca",2017.0,1,0.0,0.0,0.0,0.0,0.0,0.0,0.0,0.0,0.0,0.0
294,Oceanía,"Ganadería, Apicultura, Caza, Pesca",2017.0,2,0.0,0.0,0.0,0.0,0.0,0.0,0.0,0.0,0.0,0.0
295,Oceanía,"Ganadería, Apicultura, Caza, Pesca",2017.0,3,0.0,0.0,0.0,0.0,0.0,0.0,0.0,0.0,0.0,0.0
296,Oceanía,"Ganadería, Apicultura, Caza, Pesca",2017.0,4,0.0,0.0,0.0,0.0,0.0,0.0,0.0,0.0,0.0,0.0
297,Oceanía,"Ganadería, Apicultura, Caza, Pesca",2017.0,5,0.0,0.0,0.0,0.0,0.0,0.0,0.0,0.0,0.0,0.0
298,Oceanía,"Ganadería, Apicultura, Caza, Pesca",2017.0,6,0.0,0.0,0.0,0.0,0.0,0.0,0.0,0.0,0.0,0.0
299,Oceanía,"Ganadería, Apicultura, Caza, Pesca",2017.0,7,140.0,0.0,0.0,0.0,0.0,0.0,0.0,0.0,0.0,0.0
300,América del Norte,Industrias Manufactureras,2016.0,8,3070604814.0,3013184036.0,3069363232.0,3038375261.0,3104829782.0,3004083998.0,2911306468.0,2859845342.0,3145842598.0,2973832798.0
301,América del Norte,Industrias Manufactureras,2016.0,9,3072573468.0,3070604814.0,3013184036.0,3069363232.0,3038375261.0,3104829782.0,3004083998.0,3036649968.0,2859845342.0,3145842598.0
302,América del Norte,Industrias Manufactureras,2016.0,10,2528498813.0,3072573468.0,3070604814.0,3013184036.0,3069363232.0,3038375261.0,3104829782.0,2634552700.0,3036649968.0,2859845342.0
303,América del Norte,Industrias Manufactureras,2016.0,11,2455857358.0,2528498813.0,3072573468.0,3070604814.0,3013184036.0,3069363232.0,3038375261.0,2911306468.0,2634552700.0,3036649968.0
304,América del Norte,Industrias Manufactureras,2016.0,12,2482049941.0,2455857358.0,2528498813.0,3072573468.0,3070604814.0,3013184036.0,3069363232.0,3004083998.0,2911306468.0,2634552700.0
305,América del Norte,Industrias Manufactureras,2017.0,1,2241744575.0,2482049941.0,2455857358.0,2528498813.0,3072573468.0,3070604814.0,3013184036.0,3104829782.0,3004083998.0,2911306468.0
306,América del Norte,Industrias Manufactureras,2017.0,2,2593963721.0,2241744575.0,2482049941.0,2455857358.0,2528498813.0,3072573468.0,3070604814.0,3038375261.0,3104829782.0,3004083998.0
307,América del Norte,Industrias Manufactureras,2017.0,3,2647425812.0,2593963721.0,2241744575.0,2482049941.0,2455857358.0,2528498813.0,3072573468.0,3069363232.0,3038375261.0,3104829782.0
308,América del Norte,Industrias Manufactureras,2017.0,4,2623486690.0,2647425812.0,2593963721.0,2241744575.0,2482049941.0,2455857358.0,2528498813.0,3013184036.0,3069363232.0,3038375261.0
309,América del Norte,Industrias Manufactureras,2017.0,5,2934251445.0,2623486690.0,2647425812.0,2593963721.0,2241744575.0,2482049941.0,2455857358.0,3070604814.0,3013184036.0,3069363232.0
310,América del Norte,Industrias Manufactureras,2017.0,6,2800059940.0,2934251445.0,2623486690.0,2647425812.0,2593963721.0,2241744575.0,2482049941.0,3072573468.0,3070604814.0,3013184036.0
311,América del Norte,Industrias Manufactureras,2017.0,7,2667249125.0,2800059940.0,2934251445.0,2623486690.0,2647425812.0,2593963721.0,2241744575.0,2528498813.0,3072573468.0,3070604814.0
312,América del Norte,Industrias Extractivas,2016.0,8,473707.0,529612.0,248805.0,498526.0,331492.0,357554.0,430404.0,90545.0,78165.0,100476.0
313,América del Norte,Industrias Extractivas,2016.0,9,552015.0,473707.0,529612.0,248805.0,498526.0,331492.0,357554.0,103178.0,90545.0,78165.0
314,América del Norte,Industrias Extractivas,2016.0,10,426328.0,552015.0,473707.0,529612.0,248805.0,498526.0,331492.0,52672.0,103178.0,90545.0
315,América del Norte,Industrias Extractivas,2016.0,11,592097.0,426328.0,552015.0,473707.0,529612.0,248805.0,498526.0,430404.0,52672.0,103178.0
316,América del Norte,Industrias Extractivas,2016.0,12,420414.0,592097.0,426328.0,552015.0,473707.0,529612.0,248805.0,357554.0,430404.0,52672.0
317,América del Norte,Industrias Extractivas,2017.0,1,648100.0,420414.0,592097.0,426328.0,552015.0,473707.0,529612.0,331492.0,357554.0,430404.0
318,América del Norte,Industrias Extractivas,2017.0,2,844188.0,648100.0,420414.0,592097.0,426328.0,552015.0,473707.0,498526.0,331492.0,357554.0
319,América del Norte,Industrias Extractivas,2017.0,3,707725.0,844188.0,648100.0,420414.0,592097.0,426328.0,552015.0,248805.0,498526.0,331492.0
320,América del Norte,Industrias Extractivas,2017.0,4,238936.0,707725.0,844188.0,648100.0,420414.0,592097.0,426328.0,529612.0,248805.0,498526.0
321,América del Norte,Industrias Extractivas,2017.0,5,733963.0,238936.0,707725.0,844188.0,648100.0,420414.0,592097.0,473707.0,529612.0,248805.0
322,América del Norte,Industrias Extractivas,2017.0,6,388559.0,733963.0,238936.0,707725.0,844188.0,648100.0,420414.0,552015.0,473707.0,529612.0
323,América del Norte,Industrias Extractivas,2017.0,7,970661.0,388559.0,733963.0,238936.0,707725.0,844188.0,648100.0,426328.0,552015.0,473707.0
324,América del Norte,Agricultura y Silvicultura,2016.0,8,56650744.0,57397165.0,118688798.0,208255438.0,225765397.0,317322917.0,232417956.0,188971313.0,100275897.0,49887554.0
325,América del Norte,Agricultura y Silvicultura,2016.0,9,78897045.0,56650744.0,57397165.0,118688798.0,208255438.0,225765397.0,317322917.0,218984571.0,188971313.0,100275897.0
326,América del Norte,Agricultura y Silvicultura,2016.0,10,102766123.0,78897045.0,56650744.0,57397165.0,118688798.0,208255438.0,225765397.0,169512665.0,218984571.0,188971313.0
327,América del Norte,Agricultura y Silvicultura,2016.0,11,208245546.0,102766123.0,78897045.0,56650744.0,57397165.0,118688798.0,208255438.0,232417956.0,169512665.0,218984571.0
328,América del Norte,Agricultura y Silvicultura,2016.0,12,230849984.0,208245546.0,102766123.0,78897045.0,56650744.0,57397165.0,118688798.0,317322917.0,232417956.0,169512665.0
329,América del Norte,Agricultura y Silvicultura,2017.0,1,211240027.0,230849984.0,208245546.0,102766123.0,78897045.0,56650744.0,57397165.0,225765397.0,317322917.0,232417956.0
330,América del Norte,Agricultura y Silvicultura,2017.0,2,266334583.0,211240027.0,230849984.0,208245546.0,102766123.0,78897045.0,56650744.0,208255438.0,225765397.0,317322917.0
331,América del Norte,Agricultura y Silvicultura,2017.0,3,332936873.0,266334583.0,211240027.0,230849984.0,208245546.0,102766123.0,78897045.0,118688798.0,208255438.0,225765397.0
332,América del Norte,Agricultura y Silvicultura,2017.0,4,266296848.0,332936873.0,266334583.0,211240027.0,230849984.0,208245546.0,102766123.0,57397165.0,118688798.0,208255438.0
333,América del Norte,Agricultura y Silvicultura,2017.0,5,233872907.0,266296848.0,332936873.0,266334583.0,211240027.0,230849984.0,208245546.0,56650744.0,57397165.0,118688798.0
334,América del Norte,Agricultura y Silvicultura,2017.0,6,83316989.0,233872907.0,266296848.0,332936873.0,266334583.0,211240027.0,230849984.0,78897045.0,56650744.0,57397165.0
335,América del Norte,Agricultura y Silvicultura,2017.0,7,55104368.0,83316989.0,233872907.0,266296848.0,332936873.0,266334583.0,211240027.0,102766123.0,78897045.0,56650744.0
336,América del Norte,Servicios y Productos no Clasificados,2016.0,8,27062608.0,23417621.0,23771931.0,19833293.0,23595961.0,21224266.0,18496880.0,16071569.0,20256150.0,20942559.0
337,América del Norte,Servicios y Productos no Clasificados,2016.0,9,23083254.0,27062608.0,23417621.0,23771931.0,19833293.0,23595961.0,21224266.0,18677484.0,16071569.0,20256150.0
338,América del Norte,Servicios y Productos no Clasificados,2016.0,10,25651595.0,23083254.0,27062608.0,23417621.0,23771931.0,19833293.0,23595961.0,16225923.0,18677484.0,16071569.0
339,América del Norte,Servicios y Productos no Clasificados,2016.0,11,29414982.0,25651595.0,23083254.0,27062608.0,23417621.0,23771931.0,19833293.0,18496880.0,16225923.0,18677484.0
340,América del Norte,Servicios y Productos no Clasificados,2016.0,12,23151491.0,29414982.0,25651595.0,23083254.0,27062608.0,23417621.0,23771931.0,21224266.0,18496880.0,16225923.0
341,América del Norte,Servicios y Productos no Clasificados,2017.0,1,22695859.0,23151491.0,29414982.0,25651595.0,23083254.0,27062608.0,23417621.0,23595961.0,21224266.0,18496880.0
342,América del Norte,Servicios y Productos no Clasificados,2017.0,2,18431698.0,22695859.0,23151491.0,29414982.0,25651595.0,23083254.0,27062608.0,19833293.0,23595961.0,21224266.0
343,América del Norte,Servicios y Productos no Clasificados,2017.0,3,32349278.0,18431698.0,22695859.0,23151491.0,29414982.0,25651595.0,23083254.0,23771931.0,19833293.0,23595961.0
344,América del Norte,Servicios y Productos no Clasificados,2017.0,4,30312536.0,32349278.0,18431698.0,22695859.0,23151491.0,29414982.0,25651595.0,23417621.0,23771931.0,19833293.0
345,América del Norte,Servicios y Productos no Clasificados,2017.0,5,38864661.0,30312536.0,32349278.0,18431698.0,22695859.0,23151491.0,29414982.0,27062608.0,23417621.0,23771931.0
346,América del Norte,Servicios y Productos no Clasificados,2017.0,6,27036490.0,38864661.0,30312536.0,32349278.0,18431698.0,22695859.0,23151491.0,23083254.0,27062608.0,23417621.0
347,América del Norte,Servicios y Productos no Clasificados,2017.0,7,31101963.0,27036490.0,38864661.0,30312536.0,32349278.0,18431698.0,22695859.0,25651595.0,23083254.0,27062608.0
348,América del Norte,"Ganadería, Apicultura, Caza, Pesca",2016.0,8,600.0,205.0,62687.0,383.0,153025.0,151757.0,283954.0,101865.0,0.0,0.0
349,América del Norte,"Ganadería, Apicultura, Caza, Pesca",2016.0,9,50297.0,600.0,205.0,62687.0,383.0,153025.0,151757.0,0.0,101865.0,0.0
350,América del Norte,"Ganadería, Apicultura, Caza, Pesca",2016.0,10,350.0,50297.0,600.0,205.0,62687.0,383.0,153025.0,0.0,0.0,101865.0
351,América del Norte,"Ganadería, Apicultura, Caza, Pesca",2016.0,11,109747.0,350.0,50297.0,600.0,205.0,62687.0,383.0,283954.0,0.0,0.0
352,América del Norte,"Ganadería, Apicultura, Caza, Pesca",2016.0,12,150.0,109747.0,350.0,50297.0,600.0,205.0,62687.0,151757.0,283954.0,0.0
353,América del Norte,"Ganadería, Apicultura, Caza, Pesca",2017.0,1,62375.0,150.0,109747.0,350.0,50297.0,600.0,205.0,153025.0,151757.0,283954.0
354,América del Norte,"Ganadería, Apicultura, Caza, Pesca",2017.0,2,182892.0,62375.0,150.0,109747.0,350.0,50297.0,600.0,383.0,153025.0,151757.0
355,América del Norte,"Ganadería, Apicultura, Caza, Pesca",2017.0,3,552.0,182892.0,62375.0,150.0,109747.0,350.0,50297.0,62687.0,383.0,153025.0
356,América del Norte,"Ganadería, Apicultura, Caza, Pesca",2017.0,4,50.0,552.0,182892.0,62375.0,150.0,109747.0,350.0,205.0,62687.0,383.0
357,América del Norte,"Ganadería, Apicultura, Caza, Pesca",2017.0,5,89740.0,50.0,552.0,182892.0,62375.0,150.0,109747.0,600.0,205.0,62687.0
358,América del Norte,"Ganadería, Apicultura, Caza, Pesca",2017.0,6,240.0,89740.0,50.0,552.0,182892.0,62375.0,150.0,50297.0,600.0,205.0
359,América del Norte,"Ganadería, Apicultura, Caza, Pesca",2017.0,7,285.0,240.0,89740.0,50.0,552.0,182892.0,62375.0,350.0,50297.0,600.0
360,otros,Industrias Manufactureras,2016.0,8,18894.0,38758.0,8525.0,19478.0,10190.0,52728.0,41372.0,80134.0,140752.0,202941.0
361,otros,Industrias Manufactureras,2016.0,9,68919.0,18894.0,38758.0,8525.0,19478.0,10190.0,52728.0,34837.0,80134.0,140752.0
362,otros,Industrias Manufactureras,2016.0,10,58104.0,68919.0,18894.0,38758.0,8525.0,19478.0,10190.0,54231.0,34837.0,80134.0
363,otros,Industrias Manufactureras,2016.0,11,58662.0,58104.0,68919.0,18894.0,38758.0,8525.0,19478.0,41372.0,54231.0,34837.0
364,otros,Industrias Manufactureras,2016.0,12,9160.0,58662.0,58104.0,68919.0,18894.0,38758.0,8525.0,52728.0,41372.0,54231.0
365,otros,Industrias Manufactureras,2017.0,1,25550.0,9160.0,58662.0,58104.0,68919.0,18894.0,38758.0,10190.0,52728.0,41372.0
366,otros,Industrias Manufactureras,2017.0,2,23592.0,25550.0,9160.0,58662.0,58104.0,68919.0,18894.0,19478.0,10190.0,52728.0
367,otros,Industrias Manufactureras,2017.0,3,22393.0,23592.0,25550.0,9160.0,58662.0,58104.0,68919.0,8525.0,19478.0,10190.0
368,otros,Industrias Manufactureras,2017.0,4,6410.0,22393.0,23592.0,25550.0,9160.0,58662.0,58104.0,38758.0,8525.0,19478.0
369,otros,Industrias Manufactureras,2017.0,5,37832.0,6410.0,22393.0,23592.0,25550.0,9160.0,58662.0,18894.0,38758.0,8525.0
370,otros,Industrias Manufactureras,2017.0,6,8672.0,37832.0,6410.0,22393.0,23592.0,25550.0,9160.0,68919.0,18894.0,38758.0
371,otros,Industrias Manufactureras,2017.0,7,9030.0,8672.0,37832.0,6410.0,22393.0,23592.0,25550.0,58104.0,68919.0,18894.0
372,otros,Industrias Extractivas,2016.0,8,0.0,0.0,0.0,0.0,0.0,0.0,0.0,0.0,0.0,0.0
373,otros,Industrias Extractivas,2016.0,9,0.0,0.0,0.0,0.0,0.0,0.0,0.0,0.0,0.0,0.0
374,otros,Industrias Extractivas,2016.0,10,0.0,0.0,0.0,0.0,0.0,0.0,0.0,0.0,0.0,0.0
375,otros,Industrias Extractivas,2016.0,11,0.0,0.0,0.0,0.0,0.0,0.0,0.0,0.0,0.0,0.0
376,otros,Industrias Extractivas,2016.0,12,0.0,0.0,0.0,0.0,0.0,0.0,0.0,0.0,0.0,0.0
377,otros,Industrias Extractivas,2017.0,1,0.0,0.0,0.0,0.0,0.0,0.0,0.0,0.0,0.0,0.0
378,otros,Industrias Extractivas,2017.0,2,0.0,0.0,0.0,0.0,0.0,0.0,0.0,0.0,0.0,0.0
379,otros,Industrias Extractivas,2017.0,3,0.0,0.0,0.0,0.0,0.0,0.0,0.0,0.0,0.0,0.0
380,otros,Industrias Extractivas,2017.0,4,0.0,0.0,0.0,0.0,0.0,0.0,0.0,0.0,0.0,0.0
381,otros,Industrias Extractivas,2017.0,5,0.0,0.0,0.0,0.0,0.0,0.0,0.0,0.0,0.0,0.0
382,otros,Industrias Extractivas,2017.0,6,0.0,0.0,0.0,0.0,0.0,0.0,0.0,0.0,0.0,0.0
383,otros,Industrias Extractivas,2017.0,7,0.0,0.0,0.0,0.0,0.0,0.0,0.0,0.0,0.0,0.0
384,otros,Agricultura y Silvicultura,2016.0,8,0.0,0.0,0.0,0.0,0.0,0.0,0.0,0.0,0.0,0.0
385,otros,Agricultura y Silvicultura,2016.0,9,0.0,0.0,0.0,0.0,0.0,0.0,0.0,0.0,0.0,0.0
386,otros,Agricultura y Silvicultura,2016.0,10,0.0,0.0,0.0,0.0,0.0,0.0,0.0,0.0,0.0,0.0
387,otros,Agricultura y Silvicultura,2016.0,11,0.0,0.0,0.0,0.0,0.0,0.0,0.0,0.0,0.0,0.0
388,otros,Agricultura y Silvicultura,2016.0,12,0.0,0.0,0.0,0.0,0.0,0.0,0.0,0.0,0.0,0.0
389,otros,Agricultura y Silvicultura,2017.0,1,0.0,0.0,0.0,0.0,0.0,0.0,0.0,0.0,0.0,0.0
390,otros,Agricultura y Silvicultura,2017.0,2,0.0,0.0,0.0,0.0,0.0,0.0,0.0,0.0,0.0,0.0
391,otros,Agricultura y Silvicultura,2017.0,3,0.0,0.0,0.0,0.0,0.0,0.0,0.0,0.0,0.0,0.0
392,otros,Agricultura y Silvicultura,2017.0,4,0.0,0.0,0.0,0.0,0.0,0.0,0.0,0.0,0.0,0.0
393,otros,Agricultura y Silvicultura,2017.0,5,0.0,0.0,0.0,0.0,0.0,0.0,0.0,0.0,0.0,0.0
394,otros,Agricultura y Silvicultura,2017.0,6,0.0,0.0,0.0,0.0,0.0,0.0,0.0,0.0,0.0,0.0
395,otros,Agricultura y Silvicultura,2017.0,7,0.0,0.0,0.0,0.0,0.0,0.0,0.0,0.0,0.0,0.0
396,otros,Servicios y Productos no Clasificados,2016.0,8,0.0,0.0,0.0,0.0,0.0,0.0,0.0,0.0,0.0,0.0
397,otros,Servicios y Productos no Clasificados,2016.0,9,0.0,0.0,0.0,0.0,0.0,0.0,0.0,0.0,0.0,0.0
398,otros,Servicios y Productos no Clasificados,2016.0,10,0.0,0.0,0.0,0.0,0.0,0.0,0.0,0.0,0.0,0.0
399,otros,Servicios y Productos no Clasificados,2016.0,11,0.0,0.0,0.0,0.0,0.0,0.0,0.0,0.0,0.0,0.0
400,otros,Servicios y Productos no Clasificados,2016.0,12,5764.0,0.0,0.0,0.0,0.0,0.0,0.0,0.0,0.0,0.0
401,otros,Servicios y Productos no Clasificados,2017.0,1,0.0,5764.0,0.0,0.0,0.0,0.0,0.0,0.0,0.0,0.0
402,otros,Servicios y Productos no Clasificados,2017.0,2,0.0,0.0,5764.0,0.0,0.0,0.0,0.0,0.0,0.0,0.0
403,otros,Servicios y Productos no Clasificados,2017.0,3,0.0,0.0,0.0,5764.0,0.0,0.0,0.0,0.0,0.0,0.0
404,otros,Servicios y Productos no Clasificados,2017.0,4,0.0,0.0,0.0,0.0,5764.0,0.0,0.0,0.0,0.0,0.0
405,otros,Servicios y Productos no Clasificados,2017.0,5,0.0,0.0,0.0,0.0,0.0,5764.0,0.0,0.0,0.0,0.0
406,otros,Servicios y Productos no Clasificados,2017.0,6,0.0,0.0,0.0,0.0,0.0,0.0,5764.0,0.0,0.0,0.0
407,otros,Servicios y Productos no Clasificados,2017.0,7,0.0,0.0,0.0,0.0,0.0,0.0,0.0,0.0,0.0,0.0
408,otros,"Ganadería, Apicultura, Caza, Pesca",2016.0,8,0.0,0.0,0.0,0.0,0.0,0.0,0.0,0.0,0.0,0.0
409,otros,"Ganadería, Apicultura, Caza, Pesca",2016.0,9,0.0,0.0,0.0,0.0,0.0,0.0,0.0,0.0,0.0,0.0
410,otros,"Ganadería, Apicultura, Caza, Pesca",2016.0,10,0.0,0.0,0.0,0.0,0.0,0.0,0.0,0.0,0.0,0.0
411,otros,"Ganadería, Apicultura, Caza, Pesca",2016.0,11,0.0,0.0,0.0,0.0,0.0,0.0,0.0,0.0,0.0,0.0
412,otros,"Ganadería, Apicultura, Caza, Pesca",2016.0,12,0.0,0.0,0.0,0.0,0.0,0.0,0.0,0.0,0.0,0.0
413,otros,"Ganadería, Apicultura, Caza, Pesca",2017.0,1,0.0,0.0,0.0,0.0,0.0,0.0,0.0,0.0,0.0,0.0
414,otros,"Ganadería, Apicultura, Caza, Pesca",2017.0,2,0.0,0.0,0.0,0.0,0.0,0.0,0.0,0.0,0.0,0.0
415,otros,"Ganadería, Apicultura, Caza, Pesca",2017.0,3,0.0,0.0,0.0,0.0,0.0,0.0,0.0,0.0,0.0,0.0
416,otros,"Ganadería, Apicultura, Caza, Pesca",2017.0,4,0.0,0.0,0.0,0.0,0.0,0.0,0.0,0.0,0.0,0.0
417,otros,"Ganadería, Apicultura, Caza, Pesca",2017.0,5,0.0,0.0,0.0,0.0,0.0,0.0,0.0,0.0,0.0,0.0
418,otros,"Ganadería, Apicultura, Caza, Pesca",2017.0,6,0.0,0.0,0.0,0.0,0.0,0.0,0.0,0.0,0.0,0.0
419,otros,"Ganadería, Apicultura, Caza, Pesca",2017.0,7,0.0,0.0,0.0,0.0,0.0,0.0,0.0,0.0,0.0,0.0
