Pais_comprador,Industria,2000/Enero,2000/Febrero,2000/Marzo,2000/Abril,2000/Mayo,2000/Junio,2000/Julio,2000/Agosto,2000/Septiembre,2000/Octubre,2000/Noviembre,2000/Diciembre,2001/Enero,2001/Febrero,2001/Marzo,2001/Abril,2001/Mayo,2001/Junio,2001/Julio,2001/Agosto,2001/Septiembre,2001/Octubre,2001/Noviembre,2001/Diciembre,2002/Enero,2002/Febrero,2002/Marzo,2002/Abril,2002/Mayo,2002/Junio,2002/Julio,2002/Agosto,2002/Septiembre,2002/Octubre,2002/Noviembre,2002/Diciembre,2003/Enero,2003/Febrero,2003/Marzo,2003/Abril,2003/Mayo,2003/Junio,2003/Julio,2003/Agosto,2003/Septiembre,2003/Octubre,2003/Noviembre,2003/Diciembre,2004/Enero,2004/Febrero,2004/Marzo,2004/Abril,2004/Mayo,2004/Junio,2004/Julio,2004/Agosto,2004/Septiembre,2004/Octubre,2004/Noviembre,2004/Diciembre,2005/Enero,2005/Febrero,2005/Marzo,2005/Abril,2005/Mayo,2005/Junio,2005/Julio,2005/Agosto,2005/Septiembre,2005/Octubre,2005/Noviembre,2005/Diciembre,2006/Enero,2006/Febrero,2006/Marzo,2006/Abril,2006/Mayo,2006/Junio,2006/Julio,2006/Agosto,2006/Septiembre,2006/Octubre,2006/Noviembre,2006/Diciembre,2007/Enero,2007/Febrero,2007/Marzo,2007/Abril,2007/Mayo,2007/Junio,2007/Julio,2007/Agosto,2007/Septiembre,2007/Octubre,2007/Noviembre,2007/Diciembre,2008/Enero,2008/Febrero,2008/Marzo,2008/Abril,2008/Mayo,2008/Junio,2008/Julio,2008/Agosto,2008/Septiembre,2008/Octubre,2008/Noviembre,2008/Diciembre,2009/Enero,2009/Febrero,2009/Marzo,2009/Abril,2009/Mayo,2009/Junio,2009/Julio,2009/Agosto,2009/Septiembre,2009/Octubre,2009/Noviembre,2009/Diciembre,2010/Enero,2010/Febrero,2010/Marzo,2010/Abril,2010/Mayo,2010/Junio,2010/Julio,2010/Agosto,2010/Septiembre,2010/Octubre,2010/Noviembre,2010/Diciembre,2011/Enero,2011/Febrero,2011/Marzo,2011/Abril,2011/Mayo,2011/Junio,2011/Julio,2011/Agosto,2011/Septiembre,2011/Octubre,2011/Noviembre,2011/Diciembre,2012/Enero,2012/Febrero,2012/Marzo,2012/Abril,2012/Mayo,2012/Junio,2012/Julio,2012/Agosto,2012/Septiembre,2012/Octubre,2012/Noviembre,2012/Diciembre,2013/Enero,2013/Febrero,2013/Marzo,2013/Abril,2013/Mayo,2013/Junio,2013/Julio,2013/Agosto,2013/Septiembre,2013/Octubre,2013/Noviembre,2013/Diciembre,2014/Enero,2014/Febrero,2014/Marzo,2014/Abril,2014/Mayo,2014/Junio,2014/Julio,2014/Agosto,2014/Septiembre,2014/Octubre,2014/Noviembre,2014/Diciembre,2015/Enero,2015/Febrero,2015/Marzo,2015/Abril,2015/Mayo,2015/Junio,2015/Julio,2015/Agosto,2015/Septiembre,2015/Octubre,2015/Noviembre,2015/Diciembre,2016/Enero,2016/Febrero,2016/Marzo,2016/Abril,2016/Mayo,2016/Junio,2016/Julio,2016/Agosto,2016/Septiembre,2016/Octubre,2016/Noviembre,2016/Diciembre,2017/Enero,2017/Febrero,2017/Marzo,2017/Abril,2017/Mayo,2017/Junio,2017/Julio,Fecha
América Latina,Industrias Manufactureras,45624927,38402717,45714515,53314410,68750896,67485328,62364404,60669012,65432673,55449279,64030031,69420372,60262319,67522980,86290892,77937911,85108588,73835368,78546337,69221493,84228644,82759261,71924711,70730651,62023950,62459404,73626985,69694547,70193502,65390258,84103970,91348734,89503618,86753087,64925972,84419002,53140179,52730525,60429677,58744343,62084305,78329872,96628822,84397497,99637738,95516128,139718113,87220366,54292776,62814703,67300724,65268285,64595511,62128795,56833656,70327842,61219999,66213140,81508155,65054509,58285129,81260433,68131575,74255828,72027599,72909762,80570266,77186708,83873893,76430440,103148390,80411008,76076809,72823285,95966953,77188389,91317411,88001064,73507932,83395018,80882603,92516041,92903427,78713338,115018796,117749088,143263062,133539402,148377338,162471084,154455917,181839168,133652139,166274689,160736936,137059660,167464230,207695896,207870594,217538566,191462756,202833430,231499301,232780395,245647861,172011366,131928745,184960263,124822593,124418175,132671035,111088736,99744032,125857880,139258221,146090593,174830177,145582212,192566444,166053027,170255151,174695474,225043181,241169618,223357095,271196663,234424812,272901846,214608175,202106408,225568142,245388127,228496717,225636405,309213037,283827608,297164452,338378418,301791994,395359448,383704146,376411016,420086063,376344486,336032284,368112786,460252952,383335323,339097873,429771838,335500561,310678358,275295065,268116843,248413633,243921261,255420276,253651654,304945168,293179040,311699718,335990656,387178812,364485425,338156500,343821931,301498197,271279623,228187784,219652814,274470508,294149149,278547017,298111292,265101595,289723051,282299189,310987664,294818529,247149170,195019627,207683485,224172173,225556880,221165395,223520932,263653987,219923200,205014645,197189996,172334311,195252447,150011545,156284467,172482653,180442928,186511927,235400594,182003493,184201588,209812150,206177987,193984710,188936649,176497741,170571934,213453105,190375350,226491300,231492812,205106823,35909386290
América Latina,Industrias Extractivas,242891,222199,239427,243048,219040,165866,227184,437984,306574,398980,252689,263640,449014,330353,275235,433334,180505,581555,435150,365458,522324,608566,444398,412927,415556,415771,181029,422848,378275,478007,368810,421565,225250,374254,385655,391342,348085,240836,212791,388565,376339,456608,511712,551539,350195,393225,252332,497163,5811,N/D,9438,19717,18175,12766,4815,11461,16093,492,4792,6660,264079,322568,258429,340366,307968,304636,348916,385008,363115,314797,391919,512687,353185,275659,356356,405609,292023,467807,422954,368981,435599,554961,80451,38111,17619,25730,29205,10558,51795,64163,51209,12472,56222,43404,13755,31345,305355,523310,27627,57609,121822,18704,46706,56279,82050,68132,17721,41497,11784,34804,12130,42642,175434,780301,24214,52326,896527,1130308,1010570,2172079,871999,909831,801394,805484,1418711,1046521,986426,1097109,1279465,933281,1308140,751662,1427881,1136956,1439599,821863,723172,735502,620103,849729,846205,902978,972282,681449,615653,755328,914804,927376,1024484,907728,1269483,2381875,1347358,1312982,613986,1003329,992405,1652910,2156422,2078202,1442115,1510927,1653838,1676177,1440847,1590705,1102304,2238850,1256914,999891,946699,581234,684244,1240820,1506457,1424514,1756372,1623822,1125790,1246545,888044,815676,1080517,713329,1126486,1593313,1434715,1535856,1295808,1136621,1159806,1070895,1058368,1150198,1220261,907217,1049375,1132882,1259245,1628330,1677727,1417988,972357,939289,743038,1174774,1145274,924650,1237762,1204378,1118482,139873653
América Latina,Agricultura y Silvicultura,10272,N/D,13188,8227,13335,51155,67990,47665,30904,19638,19578,34208,24572,1473,146136,45003,5680,95191,612,4466,22460,1047,10005,1316,78537,158580,154862,154769,46282,4206,60,35335,22404,42389,30558,30973,14568,28758,15341,32522,33414,6783,15196,222,521,4325,6034,50642,495647,1513281,62125,661056,93475,11852,62659,88170,84325,96258,1396254,2399582,133864,428886,43970,793492,491804,318509,172016,202380,3677008,11886,73141,3919651,1541349,124453,65688,1041090,1801963,995025,93915,102179,120918,63705,4254050,2466256,139829,88285,284725,2407469,3290305,795114,206676,122370,33842,289439,2235090,2981399,1061674,133920,757615,488081,1406962,4479542,301697,4395907,189030,287643,121948,856108,7159354,2645075,1787079,55917,167420,1765871,707955,423129,329831,446755,20224,4504847,4954349,7643491,3203908,1909537,2626154,1221206,2264823,937192,244919,862931,899396,1961752,985495,8806292,13152500,4232844,4383958,742537,1469662,2529200,729584,634189,755311,705261,7377669,7724271,4418298,11079315,1536928,1240854,1540740,959049,3419890,2791060,4318441,13000382,9285585,2797588,1977525,25676584,6622135,687589,1341767,2391981,2415211,1883469,5011598,4863866,1927505,10771776,13397891,22341925,10896197,4136577,6115447,2316167,2491269,9588479,4001579,1759892,2567274,846099,1411258,3825331,1313523,10083615,1563150,864666,1468366,1988064,650335,1219036,483847,1694510,6262862,11382506,6813275,2550122,1996147,1291060,2598763,7177628,5968904,5579930,3665253,8335586,13086784,3884756,7871155,1950147,1601679,482870004
América Latina,Servicios y Productos no Clasificados,18523,8408,8337,2532,4448,9937,4954,15070,8167,49244,12929,40892,5906,23706,23804,14778,21133,13672,5313,19237,31710,38720,33936,17610,15404,66729,117087,27494,11663,16746,18207,16139,15157,27460,74798,74795,95242,25594,3956,12028,12016,6813,10584,13618,15618,9093,14876,6899,5541,8403,4361,118916,14331,34427,7907,11660,61842,4480,20537,1432,1278,548,377,7273,2105,1083,2920,2201,263,2000,48705,755,708,934,5296,1877,5236,2363,11035,5914,4293,5287,21348,11190,11572,5076,19258,417,14049,6230,2167,3487,2021,4476,7194,16916,765,32809,8426,7700,9794,988,3513,4347,2950,4484,9337,1812,1214,5036,4509,5582,4156,19537,5546,30945,3655,11018,12946,15629,7322,10246,16391,7918,6434,16775,27627,2238,9050,22197,13186,2352,20859,1380,1453,11718,59627,12839,4349,45211,19405,8488,7315,4854,4356,230782,27514,79737,1073,307038,100930,53980,38332,37445,39145,361108,544330,208312,303940,278950,51880,36626,48200,296909,52684,73743,122052,267731,175157,621179,1722549,746636,464232,317904,184229,206037,1473658,1278467,937886,681395,420692,1037813,841728,208554,215778,228119,217435,226653,346576,245251,428783,242868,294162,1301689,1453076,1003179,1192153,15838647,1766712,1703657,1347368,1469897,2300127,1873596,1363041,1422686,1219265,1480990,1455130,3954476,1647873,63342637
América Latina,"Ganadería, Apicultura, Caza, Pesca",N/D,N/D,N/D,2131,N/D,N/D,N/D,N/D,N/D,N/D,N/D,N/D,N/D,N/D,N/D,N/D,N/D,N/D,N/D,N/D,N/D,N/D,N/D,N/D,N/D,N/D,N/D,N/D,N/D,N/D,N/D,N/D,N/D,N/D,N/D,N/D,N/D,N/D,N/D,N/D,N/D,N/D,N/D,N/D,N/D,N/D,N/D,N/D,N/D,N/D,N/D,N/D,N/D,N/D,N/D,N/D,N/D,N/D,N/D,N/D,N/D,N/D,N/D,N/D,N/D,N/D,N/D,N/D,N/D,N/D,N/D,N/D,N/D,N/D,N/D,N/D,N/D,N/D,N/D,N/D,N/D,N/D,N/D,N/D,N/D,N/D,N/D,N/D,N/D,N/D,N/D,N/D,N/D,N/D,N/D,N/D,N/D,N/D,N/D,N/D,N/D,N/D,N/D,N/D,N/D,N/D,8000,N/D,N/D,N/D,N/D,N/D,N/D,N/D,N/D,N/D,N/D,N/D,N/D,N/D,N/D,N/D,N/D,N/D,N/D,N/D,105558,N/D,N/D,N/D,N/D,N/D,N/D,N/D,N/D,300,N/D,N/D,N/D,N/D,N/D,N/D,N/D,N/D,N/D,1495,N/D,N/D,N/D,N/D,26375,N/D,N/D,N/D,20,760,2880,480,960,1080,2996,N/D,720,N/D,1560,N/D,N/D,N/D,N/D,N/D,N/D,N/D,N/D,N/D,N/D,N/D,N/D,N/D,N/D,N/D,N/D,N/D,N/D,N/D,N/D,N/D,N/D,N/D,N/D,N/D,N/D,N/D,N/D,4104,978,4090,4920,315,4394,3833,7490,3560,2954,3234,1300,270,1238,80,510,287,1235,200107
América Latina,Clasificación industrial,45896613,38633324,45975467,53570348,68987719,67712286,62664532,61169731,65778318,55917141,64315227,69759112,60741811,67878512,86736067,78431026,85315906,74525786,78987412,69610654,84805138,83407594,72413050,71162504,62533447,63100484,74079963,70299658,70629722,65889217,84491047,91821773,89766429,87197190,65416983,84916112,53598074,53025713,60661765,59177458,62506074,78800076,97166314,84962876,100004072,95922771,139991355,87775070,54799775,64336387,67376648,66067974,64721492,62187840,56909037,70439133,61382259,66314370,82929738,67462183,58684350,82012435,68434351,75396959,72829476,73533990,81094118,77776297,87914279,76759123,103662155,84844101,77972051,73224331,96394293,78636965,93416633,89466259,74035836,83872092,81443413,93139994,97259276,81228895,115187816,117868179,143596250,135957846,151733487,163336591,154715969,181977497,133744224,166612008,162992975,140089320,168832024,208385935,208664262,218091956,193001334,207332664,231851217,237236928,245921891,172371625,132085751,185859680,131994945,127103090,134474753,111192877,100091042,128423589,139995936,146596993,176060190,147170293,193610184,172745582,176088821,183259042,229064874,243892557,227408394,273481165,237809246,274938385,216141609,203924817,227788864,248103893,230930952,235581033,323806589,288894333,302331209,339869296,303886108,398783588,385299340,377956671,421820971,377736050,344029962,376824662,465613568,395421751,341660358,432227458,338438089,314073262,280100645,272258330,253385225,258286840,266245476,258310944,309384015,321213856,319818844,338225798,390223337,368850492,342066802,347369848,307734151,278650070,231547360,232045660,290537647,317818944,290591690,303806593,272907728,293669769,288020488,323478432,300883784,250837002,198895637,210383073,227505676,230304094,223821182,235425979,266869287,222550375,208125395,200559932,174573235,197785246,151847922,160434968,181419830,193739920,195571650,254922560,187029991,188828468,215443498,216247060,203229052,197332698,182270373,181505250,228905666,196665826,237055857,238602100,209476092,36595672691
Asia,Industrias Manufactureras,48141061,46527710,43549018,44293026,38355526,54724148,47195721,48399040,56129954,47215365,48271977,56263388,59210966,35543163,49647119,42833941,59945749,37028126,42199258,36958784,45402542,60133104,41549028,44552880,143635215,152935008,105196575,56320987,55992638,48752798,60363859,40703707,51968370,44595693,53888935,63504199,38237454,20240214,28400885,18021174,13568432,21172610,14770098,9508029,15093349,8401234,7613647,19954083,40090305,35806742,47187982,39278666,47188167,50612061,89283625,98204151,87138277,63796880,64743185,55065315,56698551,66528469,62788255,61553855,63940689,70480137,53717811,62468491,52667244,54748694,118176679,118761796,103847950,88461373,116965453,81121954,110466912,103444511,202949726,122020407,108251531,167684009,186106599,109421757,123178343,110014454,121232923,124946533,162335875,156379925,149192370,147267925,138820728,134562185,116158131,116773919,128400095,121838909,131706932,127854305,108582571,73383342,57307693,64648687,82520026,95612455,50432213,62335433,58744561,43866044,72088022,58730354,55317998,62928587,53571110,56382142,70903931,84106695,91638235,100376169,86137985,131756655,129203773,129895834,125719098,71995220,64294463,65636695,89254592,123652127,129775629,93252774,91354444,77496259,84170447,68352065,111620743,75833699,82428013,83818766,83032907,83627304,80346617,164584653,198464709,189187220,213845709,239159162,221661698,231331242,344572999,264090484,226907542,223236063,262131927,172708303,190986535,193186754,214087278,233048310,192033820,261881479,255622608,328862916,238079106,241095594,247918584,229494974,210311531,187697210,176468387,220461990,201511633,199470969,247292216,292322611,230542079,252999650,254937646,266825426,273359934,245484549,289648999,256740494,172070817,226200242,256225468,231817712,210494948,195019516,208212602,174151450,181516595,177079136,144366936,179504515,179216572,130945176,161760558,192334531,147237405,198226433,168923365,175626361,169275847,155214405,323553366,189724587,197157442,186261472,242855867,25724601082
Asia,Industrias Extractivas,N/D,N/D,N/D,N/D,N/D,N/D,N/D,N/D,N/D,N/D,N/D,N/D,N/D,N/D,N/D,N/D,40,N/D,N/D,N/D,N/D,N/D,7,N/D,37662,N/D,N/D,25075,28299,18806,10030,5015,5015,N/D,93345,N/D,N/D,N/D,34576,1926947,20349,N/D,1926947,10831,10268,3217278,N/D,27296,54338,N/D,64231,N/D,N/D,N/D,34529,18088,8025,N/D,126065,26427,9280,N/D,N/D,46903,96245,18208,21413,32961,45004,54833,23690,62312,101256,93119,36815,48344,94847,N/D,55012,70143,84478,112730,92022,148984,96693,109419,190071,128405,90789,165971,84097,66185,45210,154404,94824,137767,152247,48379,67110,51730,244891,63312,123797,108949,97636,324880,37078,249402,77656,58636,396354,157090,185146,204702,377180,140150,333825,265903,454813,398406,109640,207235,576433,283408,523926,283109,230383,366388,306362,298307,140116,296296,134707,251308,305076,172533,541768,245258,775201,1105810,659614,752637,1059020,415051,413542,312879,482252,805959,499208,755992,355420,757233,417476,533996,802398,229891,260023,566255,601750,379587,1397359,736747,405003,686203,638125,262170,610680,535264,486243,853266,732036,788279,1046012,766381,236961,346494,412296,803432,414565,379861,494677,474029,852891,865891,502272,906765,650964,280203,696133,693964,450671,353767,626398,435796,294119,608139,702997,974090,549048,830356,441432,503758,633786,438855,523084,384542,502383,538998,558994,683214,802993,64067196
Asia,Agricultura y Silvicultura,19927,N/D,25215,46483,24063,27966,27600,27938,55688,27527,27657,25669,13811,3724,34554,21045,25026,27408,22261,22150,26917,27218,23098,28397,11618,10413,10986,38466,13182,14002,10834,21016,13976,13157,13750,15686,13472,11500,10599,35093,14935,23303,10246,26020,16435,24085,14518,9695,1991,N/D,665,32,68,40,18,31952,38700,39042,18587,16459,14453,10350,27723,14367,11208,24154,58519,18417,13250,N/D,22352,N/D,26926,10438,12460,62304,91508,23110,22949,25562,3,25,257,2185,234,N/D,63,30,1900,134,N/D,20,28284,10020,16800,12828,12607,2,66715,77014,32392,13,75713,136213,12080,31963,2,N/D,25,60755,N/D,N/D,102500,282825,6043,119777,360380,123582,422089,651,22994,85491,9447,9783,3129,137,105612,171895,370464,47,781372,158286,40838,84063,34426,51,78714,44642,40376,44309,16243,410037,323647,26406,245079,24569,120076,823234,1397677,2970419,2137876,1778471,1835324,2122060,2851280,190388,208097,935552,1314897,1557790,1060997,294021,631897,1452974,1929536,1469858,3479787,2333760,3118605,3566720,4125128,5036879,6750676,3259906,2576620,1771086,2026376,1311394,1173462,2131583,2846139,2550982,1846695,1485664,1681209,1206734,2031641,2099266,2490416,3066394,1502873,2442049,1431744,2577386,2703295,3187535,3765146,4354093,5203993,4053044,4749897,4648694,5717631,4428425,4700126,6567657,9988983,4638547,7586434,6610099,4276965,192958259
Asia,Servicios y Productos no Clasificados,110,6,16,31,46,5148,2,137,27,1931,371,N/D,47,372,109,10,205,19,35,18,2,6,2,317,4,2,43,4501,1,315,297,N/D,N/D,15,N/D,N/D,67,444,2,140,7,108,144,N/D,N/D,36,112,76,6,556,4600,22,81,42,21,50,54,N/D,N/D,44,2,131,285,64,20,50,1,85,424,14493,2974,19,3,57,711,14,31,135,97,41,1,50,N/D,105,23,95,49,192,919,18,2,149,67,302,13,2,6,34,236,1,30,21,833794,974193,7,4,25,20,633180,15,887,5,N/D,76,20,106,20,32,269,1178,10,5,101463,12,28,58,553,10,N/D,120,N/D,N/D,N/D,N/D,983,91,3,1697,68,N/D,N/D,6711,566,42,397,40150,1800,1,400384,205,11429,46040,1,22887,52,13378,47,583,13390,1222,20,3637,212081,185143,52629,24547,24725,29828,41281,140958,181261,497697,96802,10208,133654,14544,N/D,28799,2872,9674,2721,30543,9698,132911,210,16829,18146,2791,43937,2880,62373,42,336814,639335,3405829,2886888,1001110,1684441,1650918,4110941,3070324,960132,1166471,1332445,1886427,3435939,2868756,2044182,1013141,1744764,1843572,42246797
Asia,"Ganadería, Apicultura, Caza, Pesca",N/D,N/D,N/D,N/D,N/D,N/D,N/D,N/D,N/D,N/D,N/D,N/D,N/D,N/D,N/D,N/D,N/D,N/D,N/D,N/D,N/D,N/D,N/D,N/D,N/D,N/D,N/D,N/D,N/D,N/D,N/D,N/D,N/D,N/D,N/D,N/D,N/D,N/D,N/D,N/D,N/D,N/D,N/D,N/D,N/D,N/D,N/D,N/D,N/D,N/D,N/D,N/D,N/D,N/D,N/D,N/D,N/D,N/D,N/D,N/D,N/D,N/D,N/D,N/D,N/D,N/D,N/D,N/D,N/D,N/D,N/D,N/D,N/D,N/D,N/D,N/D,N/D,N/D,N/D,N/D,N/D,N/D,N/D,N/D,N/D,N/D,N/D,N/D,N/D,N/D,N/D,N/D,N/D,N/D,N/D,N/D,N/D,N/D,N/D,N/D,N/D,N/D,N/D,N/D,N/D,N/D,N/D,N/D,N/D,N/D,N/D,N/D,N/D,N/D,N/D,N/D,N/D,N/D,N/D,N/D,N/D,N/D,N/D,N/D,N/D,N/D,N/D,N/D,N/D,N/D,N/D,N/D,N/D,N/D,N/D,N/D,N/D,N/D,N/D,N/D,N/D,N/D,N/D,N/D,N/D,N/D,N/D,N/D,N/D,N/D,N/D,N/D,N/D,115,N/D,N/D,N/D,N/D,N/D,N/D,N/D,N/D,N/D,N/D,N/D,N/D,N/D,N/D,N/D,N/D,N/D,N/D,N/D,N/D,N/D,N/D,N/D,N/D,N/D,N/D,N/D,N/D,N/D,N/D,N/D,N/D,N/D,N/D,N/D,N/D,N/D,N/D,N/D,N/D,N/D,100,N/D,150,N/D,50,N/D,100,20,N/D,N/D,N/D,N/D,N/D,N/D,N/D,N/D,535
Asia,Clasificación industrial,48161098,46527716,43574249,44339540,38379635,54757262,47223323,48427115,56185669,47244823,48300005,56289057,59224824,35547259,49681782,42854996,59971020,37055553,42221554,36980952,45429461,60160328,41572135,44581594,143684499,152945423,105207604,56389029,56034120,48785921,60385020,40729738,51987361,44608865,53996030,63519885,38250993,20252158,28446062,19983354,13603723,21196021,16707435,9544880,15120052,11642633,7628277,19991150,40146640,35807298,47257478,39278720,47188316,50612143,89318193,98254241,87185056,63835922,64887837,55108245,56722286,66538950,62816263,61615189,64048162,70522549,53797744,62519954,52725922,54818020,118225695,118824127,103976135,88564987,117015439,81232616,110653298,103467756,203027784,122116153,108336013,167796814,186198878,109573031,123275293,110123968,121423106,125075160,162429483,156546048,149276469,147334279,138894289,134726911,116269768,116924516,128564955,121887324,131840993,127983050,108859884,73446688,58340997,65868042,82629749,95969302,50469318,62584855,59455422,43985450,72485263,58887449,55605644,63416190,53954353,56642175,71598156,84496212,92515406,100776404,86270629,132049386,129891116,130189037,126246181,72278524,64631011,66174988,89931418,123950601,130697117,93707356,91529989,77831630,84510932,68524740,112241228,76125296,83243658,84968885,83708764,84796689,81729850,165026152,199123727,189564818,214449837,240788356,223958967,235057858,347077724,266672228,229160343,225915121,265785657,173141960,191454702,194689144,216017315,234986909,194492196,262915884,256871589,331187236,240699396,242852169,252033776,232393826,213957660,192258154,181506812,226784845,209405123,203507464,250239451,294454735,232980751,255143275,256528545,269346544,276703471,248540103,292358283,259224960,174254508,228330570,258926219,234199972,213725434,198782754,210228519,176947308,183911551,180731653,150770179,186187177,184685825,137957950,169164517,201328922,155499058,204339117,176441273,181826086,176385484,165602543,336913488,196946314,206316011,195299549,249779397,26023873869
Europa,Industrias Manufactureras,52954023,51805518,43367549,43687096,48123275,68258437,42315238,53125701,94991783,51324075,65271314,105072969,49367204,39050211,71804122,42977597,53273726,53908211,47221688,81718085,58342590,62113361,52056092,76179800,68640944,59276413,71959541,65351429,97435037,106071795,107577669,96025956,99688610,60442075,45349789,76726993,59248071,58530683,65007000,47649319,37626817,48447263,50866073,36829178,57046496,31538996,34813625,46055188,44777144,48292034,65554109,43542030,51987041,56218679,59214721,66866874,63831438,63292087,76187783,88951625,84068603,81493717,96307434,94198239,109944760,129770376,105135350,132956515,120054116,112460971,121198589,108965144,118130871,105121404,124740058,126219148,131931119,120095320,113491789,136290286,130370813,204093106,208263545,166137047,232386143,205456686,222050834,207708128,245767406,204129621,233379035,210635491,199134539,241441142,203234439,208895119,190345390,141563706,160439849,200248100,191390749,206611969,220562142,147692907,191250375,190719532,148917204,211921989,147391685,122047517,140419249,158159182,140646718,139841501,131976231,117521128,134917582,129272320,120657245,215013583,146930035,162434147,212711444,165688000,134320147,152869022,165110722,165556317,191767426,189219037,220701400,256590912,226253695,209280900,228268718,175577631,188494098,211287435,217931934,205194753,183995214,190314807,232166734,239287061,281946038,250019272,283435394,274471822,279442762,256858902,273490255,276963906,222998427,247521250,256225452,245120094,252776801,208330955,240838817,242078664,239751026,226627991,260427219,244096328,227583798,265990582,236823403,262038580,277340248,284012417,234415093,282530493,254555925,256899556,335988262,258793805,257286875,287356023,260594343,404101835,279516761,211638409,255178574,304935822,206251860,264527882,332302192,277892725,246106983,267988059,238641866,248857995,335176538,230825018,224578301,247743820,208791354,228164746,262138360,246231013,954222248,1166798458,1057216797,671422653,1011850120,889310648,772404054,939412729,1084763138,1008506956,888900616,42844394554
Europa,Industrias Extractivas,152942,155661,199730,183818,169820,127611,113757,105957,116812,122203,187205,119890,115514,143096,129003,100693,82923,98645,184558,102716,86619,190328,193371,36120,169835,94781,159925,34644,59305,93699,148926,217810,169108,44974,121258,76591,169462,180262,163307,67255,208461,58366,64988,72773,123268,186162,203174,137512,N/D,N/D,N/D,6,N/D,13,3,138,N/D,N/D,N/D,6786,199612,223431,278002,281053,133501,91468,145995,177353,238440,91095,121325,202849,224163,335387,313686,439823,496223,483879,425051,288177,488114,443702,97590,20,32038,271,100,13870,230,48566,3933,N/D,32,N/D,N/D,58772,N/D,N/D,N/D,104,N/D,N/D,12600,207,43440,N/D,N/D,131,175,0,24676,58186,3381,956997,30,59,819811,594506,468295,642421,625131,654835,718965,711650,704641,589460,779306,677635,422853,678041,262426,270036,490727,290034,591163,447278,612487,529468,673419,329839,256698,343655,207218,635019,198011,465474,679761,359513,483308,528502,426084,514690,320932,378742,233794,322977,379379,377630,414573,603345,389561,466470,285310,289285,235554,301462,232860,415261,2679304,2314464,2779179,5039704,6892103,2635531,2912856,6595622,4008760,4406127,239979,519766,445192,521423,432017,321718,471448,339180,345718,414922,332020,292486,260042,356626,370943,302405,487598,544761,338071,446838,283052,189082,564822,294501,335678,567335,361017,351971,493521,348450,450989,445272,485057,91276567
Europa,Agricultura y Silvicultura,N/D,32654,9404,15621,29066,11920,30989,40026,10340,29185,109504,20411,N/D,38446,95835,313,N/D,55,N/D,15275,N/D,2829,44829,N/D,297808,353866,272188,11263,N/D,190,16913,N/D,N/D,N/D,54232,161930,258763,367047,88118,312,N/D,997,N/D,N/D,N/D,N/D,N/D,2427,154889,293,67237,37062,N/D,112127,36505,93103,N/D,129250,N/D,110832,126064,264,127732,126531,97250,123712,91046,97696,86151,261150,184137,81849,602155,35620,22958,35721,1,35560,1890,35754,240,49503,81168,3074,134808,42352,189293,44718,233856,218678,370501,542082,527837,459272,376463,532192,777508,596782,819573,760738,586521,15838428,986551,666196,461330,978969,397045,321976,296271,265075,183218,161865,58716,511197,352232,759117,865409,324830,614214,655399,585121,432712,2042672,720115,186096,27953,1319070,748642,846779,1082705,890294,1967445,910845,2724922,2607052,2662283,2579650,1581095,3103204,1569791,2320070,1535087,2186704,2795089,1244262,1044304,1103722,1878831,1932829,1220974,1233293,1594679,1286143,1158145,1975193,1875552,2155720,2223578,1314767,3465223,3013225,2730265,3139845,3817817,4555529,3382659,2762212,2815415,2174057,2242788,4341876,4320057,1787972,1683571,787750,1974220,2525897,2503812,1254700,1444794,1135732,1586236,2146198,1954758,1766444,1463666,3933101,6907181,4152975,4736830,3501512,2031108,2783012,7594271,9805584,5901999,3889502,4643790,5680512,7975988,7293602,9102897,8568979,6914245,7157155,6544623,6636428,6340015,4508206,7034842,11332816,319797720
Europa,Servicios y Productos no Clasificados,380,934,57213,227,4931,1726,5,5233,1670,2716,5182,1583,13847,1568,18413,1457,3822,3493,3,12258,9812,8773,1230,137,640,31558,13972,5761,22815,209,615,6575,2,2554,2142,36,396,6394,5215,1773,1069,368,5242,258,1776,1592,55,1040,132,3068,957,4434,559,2159,370,10531,5665,66557,841,660,64,1014,44,668,520,812,407,9610,382,23,12251,214,6070,10,1827,3728,1277,2909,2673,490,497,125,44,47,7734,169,202,121,135,34,5,4068,5734,10,12,3,17169,10245,3120,7499,9986,1966,116,5,13,2944,72623,49060,64666,3169,34,752,10036,29,7055,1604,8641,353,8362,16416,6858,11135,22513,12058,111886,11022,28256,8358,10156,12245,8478,12885,14063,9253,11220,38099,14666,12824,9018,16870,9986,17242,16419,14253,9780,15564,14331,53783,15331,1219728,4468366,6322059,6961628,6073547,6565908,5670281,7463137,7666383,7882212,8353068,7375471,5566709,7209934,7846494,7636419,6248743,4566297,6444442,7244883,5499348,7411267,5266255,5514663,6379377,6377301,6200594,6852436,6575602,5600808,5255770,8326044,6296050,7428852,8063640,5879338,6142360,6755991,5167551,6628231,4837271,5092836,6519026,8672577,9871541,8171037,6343992,7094068,8289122,9052195,7718778,11232575,7081126,7589944,6667544,7282377,6155599,6963538,5981368,6217323,7471749,9046228,421031949
Europa,"Ganadería, Apicultura, Caza, Pesca",N/D,N/D,N/D,N/D,N/D,N/D,N/D,N/D,N/D,N/D,N/D,N/D,N/D,N/D,N/D,N/D,N/D,N/D,N/D,N/D,N/D,N/D,N/D,N/D,N/D,N/D,N/D,N/D,N/D,N/D,N/D,N/D,N/D,N/D,N/D,N/D,N/D,N/D,N/D,N/D,N/D,N/D,N/D,N/D,N/D,N/D,N/D,N/D,N/D,N/D,N/D,N/D,N/D,N/D,N/D,N/D,N/D,N/D,N/D,N/D,N/D,N/D,N/D,N/D,N/D,N/D,N/D,N/D,N/D,N/D,N/D,N/D,N/D,N/D,N/D,N/D,N/D,N/D,N/D,N/D,N/D,N/D,N/D,N/D,N/D,N/D,N/D,N/D,N/D,N/D,N/D,N/D,N/D,N/D,N/D,N/D,N/D,N/D,N/D,N/D,N/D,N/D,N/D,N/D,N/D,N/D,N/D,N/D,N/D,N/D,N/D,N/D,N/D,N/D,N/D,N/D,N/D,N/D,N/D,N/D,N/D,N/D,N/D,N/D,N/D,N/D,N/D,N/D,N/D,N/D,N/D,N/D,N/D,N/D,N/D,N/D,N/D,N/D,1,N/D,N/D,N/D,N/D,N/D,40,N/D,N/D,N/D,N/D,N/D,N/D,N/D,N/D,N/D,20,N/D,N/D,N/D,N/D,N/D,N/D,N/D,N/D,N/D,N/D,N/D,N/D,N/D,N/D,N/D,N/D,N/D,N/D,N/D,N/D,N/D,N/D,N/D,N/D,0,N/D,N/D,N/D,N/D,N/D,4,N/D,N/D,N/D,N/D,N/D,N/D,N/D,50,N/D,200,378,50,100,100,N/D,200,90,N/D,90,N/D,N/D,N/D,50,N/D,200,1573
Europa,Clasificación industrial,53107345,51994767,43633896,43886762,48327092,68399694,42459989,53276917,95120605,51478179,65573205,105214853,49496565,39233321,72047373,43080060,53360471,54010404,47406249,81848334,58439021,62315291,52295522,76216057,69109227,59756618,72405626,65403097,97517157,106165893,107744123,96250341,99857720,60489603,45527421,76965550,59676692,59084386,65263640,47718659,37836347,48506994,50936303,36902209,57171540,31726750,35016854,46196167,44932165,48295395,65622303,43583532,51987600,56332978,59251599,66970646,63837103,63487894,76188624,89069903,84394343,81718426,96713212,94606491,110176031,129986368,105372798,133241174,120379089,112813239,121516302,109250056,118963259,105492421,125078529,126698420,132428620,120617668,113921403,136614707,130859664,204586436,208442347,166140188,232560723,205499478,222240429,207766837,246001627,204396899,233753474,211181641,199668142,241900424,203610914,209486086,191140067,142170733,161262542,201016441,191987256,222452363,221561409,148359315,191755158,191701445,149386872,212293156,147752797,122315761,140627177,158379985,140718851,141309724,132335548,118281908,136611443,130192009,121748116,216327819,148147145,163532829,215495594,167131823,135322770,153497457,167237354,166990952,193047214,190992028,221862598,258841278,227669330,212305109,231478153,178725291,191700901,213410822,221717576,207111253,186581968,192210791,234577075,242731422,283398131,251544614,285233208,276763949,281874230,259828106,279617998,285395334,231567130,255131684,265000367,252988904,262775037,218598546,250450369,254500300,250529283,235391435,271062308,256049924,240011300,275923446,244384772,271713698,289438492,294069017,248947415,297156509,268750663,267598035,346066169,273564241,270673968,300841564,267689830,411322165,289423729,220042118,265185641,315275938,214369090,272473092,343337002,290382379,257220209,277854646,247496256,257764755,347003070,248593285,243042520,260534772,220113373,241544546,277154219,262114961,973313247,1183277182,1073711488,685571777,1026650759,902362841,786497541,952082562,1095939706,1023458819,909764917,43676502363
Africa,Industrias Manufactureras,252362,326712,221965,424858,464044,428912,369267,476801,597309,372211,408439,451233,173157,270977,1340224,374661,240518,491994,146951,135381,564468,403326,441357,1145392,89646,421115,739266,168455,859349,330949,589561,168261,162367,152647,184531,200571,43697,198206,134539,70194,293180,171418,1138022,213196,205507,443439,130938,41059,247214,389078,393731,615293,477705,447497,758696,521370,740308,759998,388270,971269,664562,238296,386892,1111927,586421,833296,1573398,1455835,649317,402889,869292,721023,1093640,309456,532697,1281761,793864,956014,1588247,1336366,1088337,1157112,1011471,843133,868946,1129150,1803404,611280,696492,1051127,1403208,1911999,1682874,1956808,963450,2100429,1391795,3190295,10143030,16019306,13763818,3544001,16592703,17674356,17323955,2512439,994065,1241229,1183479,946502,1136371,1772190,2841323,1064007,693819,1175326,1761026,550530,1276958,1850700,5361347,856103,4888709,1583190,2699107,2815752,2722600,2119777,5626187,25607424,1429536,9983105,1499584,15108994,1989943,1603640,3340845,17345688,8239359,10347546,4280210,3099868,2065719,6827877,7005657,6018392,3249418,5930961,4540239,11328718,7299243,7637024,4602780,3001934,5158358,5237982,4098796,3076062,9946530,5404985,4094973,11111119,5187495,6956228,10397534,4050999,5821358,2876208,9610199,5484215,4457496,4311244,4156640,4835470,3964556,5923858,6726396,4221879,6326265,7282358,6994247,4360644,5898211,7492459,2191640,5662133,10819611,5233114,4845454,6730740,3334127,7450468,9067745,4175365,4148766,4920866,6439046,3344645,6147381,8405052,4886786,3976625,6005280,7214604,7068321,3560762,5072911,5441904,7451467,4671475,8835510,717313750
Africa,Industrias Extractivas,N/D,N/D,N/D,N/D,N/D,N/D,25,N/D,N/D,N/D,N/D,N/D,N/D,N/D,N/D,N/D,N/D,N/D,N/D,N/D,N/D,N/D,N/D,N/D,N/D,N/D,N/D,N/D,N/D,N/D,N/D,N/D,N/D,N/D,N/D,N/D,N/D,N/D,N/D,N/D,N/D,N/D,N/D,N/D,N/D,N/D,N/D,N/D,N/D,N/D,N/D,N/D,N/D,N/D,N/D,N/D,N/D,N/D,N/D,N/D,N/D,N/D,N/D,N/D,N/D,N/D,N/D,N/D,N/D,N/D,N/D,N/D,N/D,N/D,N/D,N/D,N/D,N/D,N/D,N/D,N/D,N/D,N/D,N/D,N/D,N/D,N/D,N/D,N/D,N/D,N/D,N/D,N/D,N/D,N/D,N/D,N/D,N/D,N/D,N/D,N/D,N/D,N/D,N/D,N/D,N/D,N/D,N/D,N/D,N/D,N/D,N/D,N/D,N/D,N/D,N/D,N/D,N/D,N/D,N/D,N/D,N/D,N/D,N/D,N/D,N/D,N/D,N/D,N/D,N/D,N/D,N/D,N/D,N/D,N/D,N/D,N/D,N/D,N/D,1410,N/D,N/D,N/D,N/D,N/D,N/D,N/D,N/D,N/D,N/D,N/D,N/D,N/D,N/D,N/D,N/D,N/D,N/D,N/D,N/D,N/D,N/D,N/D,N/D,N/D,N/D,N/D,N/D,N/D,N/D,N/D,N/D,N/D,N/D,N/D,N/D,N/D,N/D,245,N/D,N/D,N/D,N/D,N/D,N/D,N/D,N/D,N/D,N/D,N/D,210,N/D,N/D,N/D,N/D,N/D,N/D,N/D,N/D,N/D,N/D,N/D,N/D,N/D,2900,N/D,N/D,N/D,N/D,N/D,N/D,4790
Africa,Agricultura y Silvicultura,N/D,N/D,N/D,N/D,N/D,N/D,N/D,N/D,N/D,N/D,N/D,N/D,N/D,N/D,N/D,N/D,N/D,N/D,N/D,N/D,N/D,N/D,N/D,N/D,N/D,N/D,N/D,N/D,N/D,N/D,N/D,N/D,N/D,N/D,N/D,N/D,N/D,N/D,N/D,N/D,N/D,N/D,N/D,N/D,N/D,N/D,N/D,N/D,N/D,N/D,7,N/D,N/D,N/D,N/D,N/D,N/D,N/D,N/D,N/D,N/D,N/D,N/D,6,N/D,N/D,N/D,N/D,N/D,N/D,N/D,N/D,N/D,N/D,N/D,N/D,N/D,N/D,N/D,N/D,N/D,N/D,506,N/D,N/D,N/D,N/D,N/D,N/D,10,N/D,N/D,N/D,N/D,N/D,N/D,56,N/D,N/D,150,N/D,480,N/D,280,360,840,680,N/D,300,N/D,N/D,N/D,N/D,56530,N/D,511,1,475,56400,145529,N/D,10,22840,25,9,N/D,4201,126,N/D,264423,210,478,N/D,N/D,486,6076,293,475020,2318,N/D,N/D,N/D,3603,391,114660,N/D,78181,12360,328885,279917,150659,N/D,170530,N/D,60913,3,70400,N/D,N/D,2658,244087,N/D,N/D,248320,N/D,N/D,N/D,N/D,N/D,N/D,N/D,N/D,2870,N/D,N/D,N/D,89760,5396,108900,N/D,306,N/D,N/D,60720,587,N/D,N/D,N/D,41360,359,2113,N/D,N/D,N/D,4445,31200,N/D,2359,862853,1066,827795,90,N/D,N/D,N/D,N/D,N/D,N/D,340450,85528,N/D,5273358
Africa,Servicios y Productos no Clasificados,N/D,N/D,0,N/D,N/D,N/D,792,N/D,N/D,N/D,N/D,N/D,N/D,N/D,N/D,N/D,N/D,N/D,N/D,N/D,N/D,N/D,N/D,N/D,N/D,N/D,N/D,N/D,N/D,N/D,N/D,N/D,10,10,N/D,N/D,N/D,N/D,N/D,N/D,N/D,N/D,N/D,N/D,N/D,N/D,N/D,N/D,13,2,0,N/D,N/D,N/D,N/D,N/D,N/D,244,N/D,N/D,N/D,N/D,N/D,N/D,N/D,20,8,26,N/D,N/D,N/D,N/D,N/D,5,N/D,N/D,N/D,N/D,N/D,N/D,N/D,N/D,21,N/D,N/D,N/D,N/D,22,N/D,N/D,N/D,182,N/D,N/D,N/D,N/D,N/D,N/D,N/D,N/D,N/D,N/D,N/D,46,N/D,N/D,N/D,N/D,N/D,N/D,N/D,N/D,150,N/D,N/D,N/D,24,N/D,N/D,N/D,N/D,N/D,N/D,N/D,N/D,N/D,N/D,5,N/D,N/D,N/D,N/D,N/D,N/D,N/D,N/D,N/D,N/D,N/D,N/D,N/D,N/D,N/D,N/D,N/D,N/D,N/D,30,40,N/D,N/D,7,42,50,N/D,N/D,N/D,N/D,N/D,N/D,N/D,N/D,N/D,N/D,N/D,N/D,N/D,N/D,N/D,N/D,N/D,N/D,42,N/D,10,19374,N/D,N/D,N/D,56,N/D,N/D,N/D,N/D,N/D,N/D,N/D,N/D,N/D,N/D,N/D,N/D,N/D,40000,40000,5000,7900,30000,173761,30000,198261,203950,40501,102000,77931,N/D,84950,N/D,4500,126437,312415,1498837
Africa,"Ganadería, Apicultura, Caza, Pesca",N/D,N/D,N/D,N/D,N/D,N/D,N/D,N/D,N/D,N/D,N/D,N/D,N/D,N/D,N/D,N/D,N/D,N/D,N/D,N/D,N/D,N/D,N/D,N/D,N/D,N/D,N/D,N/D,N/D,N/D,N/D,N/D,N/D,N/D,N/D,N/D,N/D,N/D,N/D,N/D,N/D,N/D,N/D,N/D,N/D,N/D,N/D,N/D,N/D,N/D,N/D,N/D,N/D,N/D,N/D,N/D,N/D,N/D,N/D,N/D,N/D,N/D,N/D,N/D,N/D,N/D,N/D,N/D,N/D,N/D,N/D,N/D,N/D,N/D,N/D,N/D,N/D,N/D,N/D,N/D,N/D,N/D,N/D,N/D,N/D,N/D,N/D,N/D,N/D,N/D,N/D,N/D,N/D,N/D,N/D,N/D,N/D,N/D,N/D,N/D,N/D,N/D,N/D,N/D,N/D,N/D,N/D,N/D,N/D,N/D,N/D,N/D,N/D,N/D,N/D,N/D,N/D,N/D,N/D,N/D,N/D,N/D,N/D,N/D,N/D,N/D,N/D,N/D,N/D,N/D,N/D,N/D,N/D,N/D,N/D,N/D,N/D,N/D,N/D,N/D,N/D,N/D,N/D,N/D,N/D,N/D,N/D,N/D,N/D,N/D,N/D,N/D,N/D,N/D,N/D,N/D,N/D,N/D,N/D,N/D,N/D,N/D,N/D,N/D,N/D,N/D,N/D,N/D,N/D,N/D,N/D,N/D,N/D,N/D,N/D,N/D,N/D,N/D,N/D,N/D,N/D,N/D,N/D,N/D,N/D,N/D,N/D,N/D,N/D,N/D,N/D,N/D,N/D,N/D,N/D,N/D,N/D,N/D,N/D,N/D,N/D,N/D,N/D,N/D,N/D,N/D,N/D,N/D,N/D,N/D,N/D,N/D
Africa,Clasificación industrial,252362,326712,221965,424858,464044,428912,370084,476801,597309,372211,408439,451233,173157,270977,1340224,374661,240518,491994,146951,135381,564468,403326,441357,1145392,89646,421115,739266,168455,859349,330949,589561,168261,162377,152657,184531,200571,43697,198206,134539,70194,293180,171418,1138022,213196,205507,443439,130938,41059,247227,389080,393738,615293,477705,447497,758696,521370,740308,760242,388270,971269,664562,238296,386892,1111933,586421,833316,1573406,1455861,649317,402889,869292,721023,1093640,309461,532697,1281761,793864,956014,1588247,1336366,1088337,1157112,1011998,843133,868946,1129150,1803404,611302,696492,1051137,1403208,1912181,1682874,1956808,963450,2100429,1391851,3190295,10143030,16019456,13763818,3544481,16592703,17674682,17324315,2513279,994745,1241229,1183779,946502,1136371,1772190,2841473,1120537,693819,1175837,1761051,551005,1333358,1996229,5361347,856113,4911549,1583215,2699116,2815752,2726801,2119908,5626187,25871847,1429746,9983583,1499584,15108994,1990429,1609716,3341138,17820708,8241677,10348956,4280210,3099868,2069322,6828268,7120317,6018392,3327599,5943351,4869164,11608635,7449902,7637031,4773352,3001984,5219271,5237985,4169196,3076062,9946530,5407643,4339060,11111119,5187495,7204548,10397534,4050999,5821358,2876208,9610199,5484215,4457496,4311244,4159552,4835470,3964566,5943232,6816156,4227275,6435410,7282414,6994553,4360644,5898211,7553179,2192227,5662133,10819611,5233114,4886814,6731099,3336450,7450468,9067745,4215365,4193211,4957066,6446946,3377004,7183995,8436118,5912842,4180665,6045781,7316604,7149152,3560762,5157861,5441904,7796417,4883440,9147925,724090735
Oceanía,Industrias Manufactureras,1038979,3077718,2658342,3793144,3045724,2384078,1422402,2805609,2376201,2937552,1733107,2949783,1029812,1245143,2597171,1447699,1599977,2184437,1923923,1440728,2065047,1298207,1335719,3611298,930599,2078798,1545219,18745096,1875644,3727185,13589460,1671025,3359204,1535898,2562653,3265823,1140452,1936076,3316403,1654274,1062505,2946470,2246553,2154542,2110083,2685205,740229,1650333,1303595,1081913,2284246,997668,926245,2813610,1605477,2212902,2926634,3430650,3211395,2153718,2200749,4590565,2049391,2565490,2059309,2581263,1876019,2604157,3265907,2614118,2202203,5202271,1745045,1892774,2315104,1526619,3084521,4489868,2161315,2546218,2682688,4485326,3489716,5878199,6342739,4286433,5922417,5265727,5264758,5698220,6005213,5915753,5277296,7839757,6933582,8508019,7299519,5750979,5272439,6805348,5613083,7772807,6300175,6385557,5109841,4798490,8657212,7417043,7404285,6090370,6082688,5701851,5640349,5920755,4584959,6212378,6405213,3830833,5768904,7122267,7016326,3057910,5128050,5201711,3257031,4843834,6136734,5941208,11323905,14876662,7347765,11949501,10283775,8251946,8616067,10691173,12066662,14684876,11084421,3567438,10457159,8164094,4279223,8172508,16071729,17358111,16457182,14893038,16947025,19518509,25744217,22056526,24390717,14872265,22926492,28363539,19066164,15144375,23039240,18851927,16061020,24082388,19189082,22752906,13828613,15871696,8254928,8842572,7802538,8860225,9805327,9735578,10136253,9211705,9936694,9065274,10305748,10112119,8268925,11536792,5751947,5927477,5623010,10849739,7385036,24442882,22629159,10762770,14412952,18256313,11901752,18009495,14204419,7768542,17182416,6025429,9808378,15681872,8229177,10362671,13620941,11864106,11475576,7563725,19926936,14333464,12179347,17812245,15524053,34757883,16112615,1622943291
Oceanía,Industrias Extractivas,N/D,N/D,N/D,N/D,N/D,N/D,N/D,N/D,N/D,N/D,N/D,N/D,N/D,N/D,N/D,26922,N/D,N/D,N/D,N/D,N/D,N/D,N/D,N/D,N/D,N/D,N/D,N/D,N/D,N/D,N/D,N/D,N/D,N/D,N/D,N/D,N/D,N/D,N/D,N/D,N/D,N/D,N/D,N/D,N/D,N/D,N/D,N/D,N/D,N/D,N/D,N/D,N/D,N/D,N/D,N/D,N/D,N/D,N/D,N/D,N/D,N/D,N/D,N/D,N/D,N/D,N/D,N/D,N/D,N/D,N/D,N/D,N/D,N/D,N/D,N/D,N/D,N/D,N/D,N/D,N/D,N/D,N/D,N/D,N/D,N/D,N/D,N/D,N/D,N/D,N/D,N/D,N/D,N/D,N/D,N/D,N/D,N/D,N/D,N/D,N/D,N/D,N/D,N/D,N/D,N/D,N/D,N/D,N/D,N/D,N/D,N/D,N/D,N/D,N/D,N/D,1600,N/D,N/D,800,N/D,N/D,N/D,N/D,N/D,1600,N/D,N/D,3200,N/D,N/D,3200,N/D,N/D,N/D,N/D,N/D,5396,N/D,N/D,N/D,N/D,N/D,N/D,N/D,N/D,N/D,N/D,N/D,N/D,N/D,N/D,N/D,6350,N/D,N/D,N/D,N/D,N/D,N/D,N/D,N/D,N/D,2753,N/D,N/D,6350,N/D,N/D,N/D,N/D,N/D,N/D,N/D,N/D,N/D,5412,4241,N/D,N/D,6652,4241,N/D,N/D,9653,4241,8482,16482,27324,27324,26524,18216,N/D,10240,18612,N/D,N/D,N/D,18216,10240,N/D,28456,N/D,27232,N/D,N/D,10205,N/D,9402,18216,N/D,367782
Oceanía,Agricultura y Silvicultura,20235,N/D,N/D,21256,21940,N/D,22811,N/D,N/D,N/D,20180,N/D,17910,N/D,N/D,N/D,N/D,N/D,N/D,N/D,N/D,1712,N/D,N/D,N/D,N/D,N/D,N/D,N/D,N/D,N/D,N/D,N/D,N/D,N/D,N/D,N/D,N/D,N/D,N/D,N/D,N/D,N/D,N/D,N/D,N/D,N/D,3200,N/D,13650,N/D,N/D,19500,N/D,N/D,N/D,N/D,N/D,N/D,31860,N/D,N/D,N/D,N/D,N/D,N/D,N/D,34200,N/D,N/D,N/D,N/D,29550,N/D,N/D,N/D,N/D,35460,N/D,30141,10,3180,N/D,30141,N/D,N/D,37326,5,N/D,33023,N/D,N/D,N/D,N/D,N/D,3105,33000,N/D,N/D,N/D,N/D,N/D,N/D,N/D,41325,N/D,N/D,N/D,N/D,N/D,N/D,41465,N/D,N/D,32387,N/D,N/D,34834,N/D,N/D,N/D,N/D,38350,N/D,N/D,8875,39750,N/D,N/D,N/D,N/D,N/D,N/D,N/D,11311,N/D,N/D,N/D,N/D,N/D,N/D,14157,N/D,N/D,N/D,274334,273950,N/D,N/D,N/D,16633,N/D,N/D,N/D,N/D,12787,5073,N/D,N/D,N/D,32900,22215,1977,N/D,N/D,N/D,14803,N/D,N/D,18000,16405,N/D,N/D,56727,72947,26832,N/D,21723,N/D,8624,N/D,N/D,16342,90587,N/D,620,28253,N/D,11121,47525,1060,N/D,11048,N/D,16566,8225,N/D,95302,99218,7895,16720,N/D,1085,67990,44397,9842,33484,53642,51407,35280,25203,2374593
Oceanía,Servicios y Productos no Clasificados,303,N/D,35,N/D,N/D,17,N/D,N/D,N/D,N/D,7,N/D,N/D,N/D,N/D,N/D,N/D,N/D,N/D,N/D,N/D,N/D,N/D,163,N/D,N/D,10,N/D,N/D,N/D,N/D,4,24,1,N/D,N/D,N/D,1475,N/D,150,N/D,N/D,N/D,N/D,250,N/D,N/D,N/D,30,N/D,11,N/D,9,8,160,1,2,85,1,5,100,4,N/D,1,N/D,3,2,100,2,1,N/D,N/D,N/D,3,N/D,2,N/D,N/D,N/D,N/D,1,1,3,N/D,235,N/D,1,N/D,N/D,N/D,1,1,1,9,2,32,37,N/D,3,1,N/D,N/D,2,1,1,N/D,N/D,1,N/D,1,N/D,1,N/D,1,1,N/D,1,N/D,N/D,1,261,1,N/D,1,N/D,1,N/D,1,N/D,5,1,2877,N/D,N/D,1,22,1,2,N/D,1,1,1,N/D,N/D,1,2,1,5,1,N/D,1,1,0,691,3,1,142,3,N/D,N/D,2514,3,2,2,1,2,2,N/D,N/D,46,32,120,2,28,154,20,N/D,N/D,8,16,7,N/D,N/D,N/D,N/D,N/D,20,N/D,N/D,N/D,12,20,N/D,60000,29482,N/D,20010,35174,35823,20491,14771,86013,111280,43668,27000,14760,26000,12971,N/D,5160,86051,639002
Oceanía,"Ganadería, Apicultura, Caza, Pesca",N/D,N/D,N/D,N/D,N/D,N/D,N/D,N/D,N/D,N/D,N/D,N/D,N/D,N/D,N/D,N/D,N/D,N/D,N/D,N/D,N/D,N/D,N/D,N/D,N/D,N/D,N/D,N/D,N/D,N/D,N/D,N/D,N/D,N/D,N/D,N/D,N/D,N/D,N/D,N/D,N/D,N/D,N/D,N/D,N/D,N/D,N/D,N/D,N/D,N/D,N/D,N/D,N/D,N/D,N/D,N/D,N/D,N/D,N/D,N/D,N/D,N/D,N/D,N/D,N/D,N/D,N/D,N/D,N/D,N/D,N/D,N/D,N/D,N/D,N/D,N/D,N/D,N/D,N/D,N/D,N/D,N/D,N/D,N/D,N/D,N/D,N/D,N/D,N/D,N/D,N/D,N/D,N/D,N/D,N/D,N/D,N/D,N/D,N/D,N/D,N/D,N/D,N/D,N/D,N/D,N/D,N/D,N/D,N/D,N/D,N/D,N/D,N/D,N/D,N/D,N/D,N/D,N/D,N/D,N/D,N/D,N/D,N/D,N/D,N/D,N/D,N/D,N/D,N/D,N/D,N/D,N/D,N/D,N/D,N/D,N/D,N/D,N/D,N/D,N/D,N/D,N/D,N/D,N/D,N/D,N/D,N/D,N/D,N/D,N/D,N/D,N/D,N/D,N/D,N/D,N/D,N/D,N/D,N/D,N/D,N/D,N/D,N/D,N/D,N/D,N/D,N/D,N/D,N/D,N/D,N/D,N/D,N/D,N/D,N/D,N/D,N/D,N/D,N/D,N/D,N/D,N/D,N/D,N/D,N/D,N/D,N/D,N/D,N/D,N/D,N/D,N/D,N/D,N/D,N/D,N/D,N/D,N/D,N/D,N/D,N/D,N/D,N/D,N/D,N/D,N/D,N/D,N/D,N/D,N/D,140,140
Oceanía,Clasificación industrial,1059517,3077718,2658377,3814400,3067664,2384095,1445213,2805609,2376201,2937552,1753294,2949783,1047722,1245143,2597171,1474621,1599977,2184437,1923923,1440728,2065047,1299919,1335719,3611461,930599,2078798,1545229,18745096,1875644,3727185,13589460,1671029,3359228,1535899,2562653,3265823,1140452,1937551,3316403,1654424,1062505,2946470,2246553,2154542,2110333,2685205,740229,1653533,1303625,1095563,2284257,997668,945754,2813618,1605637,2212903,2926636,3430735,3211396,2185583,2200849,4590569,2049391,2565491,2059309,2581266,1876021,2638457,3265909,2614119,2202203,5202271,1774595,1892777,2315104,1526621,3084521,4525328,2161315,2576359,2682699,4488507,3489719,5908340,6342974,4286433,5959744,5265732,5264758,5731243,6005214,5915754,5277297,7839766,6933584,8511156,7332556,5750979,5272442,6805349,5613083,7772807,6300177,6385558,5151167,4798490,8657212,7417044,7404285,6090371,6082688,5743317,5640349,5920756,4617347,6212378,6406814,3865667,5768904,7123068,7016587,3057911,5166400,5201712,3257031,4854310,6176484,5941209,11327105,14876667,7347766,11955578,10283775,8251946,8627379,10691195,12066663,14690274,11084421,3567439,10457160,8178252,4279223,8172508,16071730,17632447,16731133,14893043,16947026,19518509,25760851,22056527,24390717,14879306,22926495,28376327,19071379,15144378,23039240,18851927,16096434,24104606,19191061,22755661,13828614,15871698,8276083,8842572,7802538,8878271,9821764,9735698,10136255,9268460,10009795,9092126,10311160,10138083,8268933,11545432,5758606,5931718,5639352,10940326,7394689,24447743,22665914,10779252,14451397,18331162,11929348,18027731,14215467,7838782,17247076,6033654,9828388,15812348,8382434,10401297,13652432,11978575,11587941,7702615,19998333,14358066,12249036,17878858,15584862,34816539,16224009,1626324808
América del Norte,Industrias Manufactureras,706185838,582477126,774166200,733490769,977847943,1025264428,1014745749,1266117016,1276973184,1269919453,1226882898,1171129319,1150476224,1105166828,1118646827,1057244200,1113120771,1210433832,1128915209,1094738173,1043698055,1241031105,1162813483,950987354,848448734,927081082,1033236615,1092895928,1093640400,1125427505,1182420175,1132662572,1207740346,1285760188,1173271887,1256567786,939230971,970197772,1004325158,999681096,923225370,1014084075,1033468962,1030963516,1300387497,1205926331,971111771,1093180959,882683795,957941340,1278817496,999737052,1097663434,1298433775,1014994174,1022502908,936731769,917140158,1066590367,940714831,808440877,1002866558,1152619837,978689707,1097841256,1030869977,1071229050,1212352847,1008568366,1046158511,1207318457,1060777534,1023978367,958551034,1126176714,1562542630,1192512609,1095645524,1014023434,1133135501,1153639317,1326503276,1200316323,1254153951,1454409549,1425369388,1524500194,1383728769,2971545892,1611015257,1731090287,1691536736,1634487063,1811694724,1608397158,1820797912,1893612602,1765481317,1941922863,1975034675,1592532737,1877263139,1909176976,1816424465,2055486847,1779874362,1660697463,1681539561,1353363307,1555009874,1640635384,1453780075,1484715737,1879637562,1540577721,1528819928,1813215582,1640445833,1819405754,1979618152,1626853575,1808316745,1978365680,1764086895,1941269270,1967852396,1878691683,2159960250,2029569579,2018812595,2077913816,2142608295,1928080492,2098248147,2434570583,2223076521,2456128609,2308025600,2179242820,2436867843,2428767199,2306694939,2287153432,2278241862,2157686455,2173287134,2534325474,2495912185,2406475622,2536262961,2417736591,2460748320,2383209192,2529548886,2314104738,2401155842,2130814086,2183338647,2234463250,2518904697,2550449129,2508084979,2635605033,2592012270,2498633387,2593110918,2425640847,2590568788,2199524603,2211413343,2592272500,2652329101,2520262409,2673127296,2806319124,2682192511,3305336689,3094018797,2525657967,2949708452,2413610601,2382595842,2682515184,3237675429,2642333520,2881428769,3071924941,2813830823,2973832798,3145842598,2859845342,3036649968,2634552700,2911306468,3004083998,3104829782,3038375261,3069363232,3013184036,3070604814,3072573468,2528498813,2455857358,2482049941,2241744575,2593963721,2647425812,2623486690,2934251445,2800059940,2667249125,3.80966E+11
América del Norte,Industrias Extractivas,7557,23309,32121,17018,16292,48102,22225,70670,44752,39482,44358,33771,646947,756682,1042091,69299,48645,51297,24395,1557144,147748,144769,60940,815866,49527,691001,519992,28850,605385,518792,67321,24945,641292,705773,29717,404026,120272,27733,1892457,1906074,2706715,2005574,16452,2077314,3592828,18093,53501,4010320,23905,19737,7331,18273,3475,2131,7103,N/D,7429,13143,8183,6626,3528,35586,105836,9647,89747,69140,75497,24226,64304,17242,68724,4724,15613,15315,33564,8093,6156,22399,24746,8,5976,10254,12005,20590,12998,5616,8054,11535,25380,64824,9821,13791,860,16585,3647,533,16859,10747,8693,8235,16414,8653,22728,9018,14724,40409,49909,30547,919,2631,179,1160,190,6961,718,305,7271,5123,15815,7273,19277,13925,24022,18748,20688,20392,9983,31712,8224,13676,2168,15061,69977,7760,11653,16761,896,13826,52920,164277,27409,17892,29196,173317,32889,21739,32522,17943,10400,134342,26467,24745,111366,12771,163717,61237,155466,36315,22596,71354,19349,221706,119575,1881273,472211,29325,61417,152684,31547,72941,225344,70831,101109,87838,36244,69895,204885,138044,43648,191647,25237,102272,76885,143320,120383,90705,67761,58025,100476,78165,90545,103178,52672,430404,357554,331492,498526,248805,529612,473707,552015,426328,592097,420414,648100,844188,707725,238936,733963,388559,970661,46252650
América del Norte,Agricultura y Silvicultura,3222238,3762145,4136823,5633857,5924331,3236206,2843085,2593510,2629257,3995248,8596616,6561270,5698963,6299263,7028174,6896489,6108263,3442846,2939615,2796259,2401891,3279998,5750624,7171866,6903720,7791475,9177577,9475082,7240443,4518274,3968394,3163744,2922043,744316,4641957,4757440,5469327,7553681,9196930,6961917,3598535,772132,471004,621556,293421,958328,5878648,2049771,5912406,6757857,8457293,7522447,7312222,6888847,4395823,4642722,4063019,6077156,9171333,7162035,9419582,9471367,11673558,10864491,12303710,8607105,7863887,11017467,6273912,9326265,8914165,13063740,27340335,29794804,23974960,25429431,25726827,9904263,7808010,6609286,7460352,16291305,29083358,30263151,38651898,39571669,27299153,34396967,36037262,14638434,8736655,7878285,7820424,15923726,34064883,47904390,45831534,41801540,36757147,44455267,42155552,22986501,12653055,9119004,10919431,20020844,42891193,58485502,56079532,61088264,60399870,46593284,52665535,34417636,10042417,8371866,10612415,24255463,63600287,58268865,50444883,62602716,78736394,63478118,67333147,33948821,15427235,13712725,13450984,25959735,60695245,76259258,61484540,77789548,84075502,87668960,94482368,38143910,20315549,22070349,24412358,38215741,106046180,84767510,113333627,98006165,97981704,97939631,130060316,43538936,24265040,18998444,21120910,58926658,100860928,114527765,108197555,105768299,102328567,125237781,107803430,47468538,28519266,22380732,25917497,62263898,101535097,130641986,124383677,163671711,171884947,142528527,144656021,54942205,29721977,24845625,38417791,80088277,123728113,173709109,150164762,176438954,190063788,187487475,142080205,62900720,36915034,38133890,49887554,100275897,188971313,218984571,169512665,232417956,317322917,225765397,208255438,118688798,57397165,56650744,78897045,102766123,208245546,230849984,211240027,266334583,332936873,266296848,233872907,83316989,55104368,11306221751
América del Norte,Servicios y Productos no Clasificados,127906,74559,84231,311948,179049,169805,132203,149359,335152,214789,16228,39707,236033,243697,291057,100446,108047,101198,80834,100089,110268,83951,82940,78372,86939,111060,99984,84327,120198,93892,150921,109813,107108,112397,200116,243377,200946,138526,163251,216157,241728,202361,165444,251915,193011,272922,217662,268448,18536,57864,67174,147139,198620,32019,38322,67180,124391,46314,64269,42347,14102,19493,10696,13707,9214,8480,11710,16250,29046,16453,15138,32267,11871,4524,25011,36842,4307,28107,41348,23775,41729,42716,27494,55857,212761,31317,27543,64554,68097,39588,13230,67246,39023,29370,128627,29935,35329,13343,60763,12980,6044,51025,16996,14416,280581,86024,127214,58310,218995,65074,76194,22756,27975,1081492,9113,237084,61789,157597,154687,417347,139858,367058,194203,57998,322417,291539,206642,55784,212241,54574,50941,1826370,1222338,118178,144936,132095,79830,98395,121745,46361,41940,126554,97247,28874,202980,181197,225571,48886,116742,4299266,6566596,8505383,8730605,9816653,7704735,11193445,13941735,13891310,10675750,12451237,15646703,10892312,26025398,13039975,13838965,8481029,5705665,5315728,12205233,10103320,8807926,10920868,12120579,13571042,11535408,22870320,15895080,13065521,11391452,12517350,12579094,10638372,14617892,18689712,29158858,18285507,20462483,31020683,20942559,20256150,16071569,18677484,16225923,18496880,21224266,23595961,19833293,23771931,23417621,27062608,23083254,25651595,29414982,23151491,22695859,18431698,32349278,30312536,38864661,27036490,31101963,1088655787
América del Norte,"Ganadería, Apicultura, Caza, Pesca",N/D,N/D,2519,N/D,N/D,N/D,N/D,N/D,N/D,400,N/D,2400,N/D,N/D,N/D,1600,4900,N/D,N/D,2500,N/D,N/D,800,N/D,N/D,N/D,3072,N/D,N/D,2800,N/D,N/D,2200,N/D,3300,6000,5700,3000,5000,5000,4400,N/D,N/D,3953,10,150,N/D,N/D,N/D,N/D,N/D,N/D,36390,N/D,41890,109535,307868,239778,415532,111563,35700,N/D,124065,163702,98133,91770,N/D,55040,33950,61480,N/D,67520,30400,N/D,92160,N/D,26560,37800,N/D,32550,1735,114796,109550,80500,N/D,N/D,N/D,N/D,37091,N/D,N/D,N/D,N/D,N/D,N/D,N/D,45091,41920,19354,76742,34324,N/D,21822,21773,N/D,16049,28325,14601,21600,14570,32907,48285,52219,49986,38235,N/D,12976,29975,41009,130628,N/D,35928,67329,71831,468756,60691,62000,N/D,47326,34263,42060,N/D,294334,210526,305542,27000,213874,N/D,36488,N/D,83946,120146,132196,255273,410946,1660062,611464,643324,674485,457819,258143,85090,18480,207720,72476,96638,12598,15674,150090,318443,61716,N/D,N/D,N/D,N/D,N/D,33528,79081,69783,N/D,N/D,N/D,40000,N/D,N/D,N/D,N/D,N/D,12518,271254,N/D,158579,N/D,94500,N/D,N/D,N/D,N/D,N/D,N/D,101865,N/D,N/D,283954,151757,153025,383,62687,205,600,50297,350,109747,150,62375,182892,552,50,89740,240,285,13744219
América del Norte,Clasificación industrial,709543539,586337139,778421894,739453592,983967615,1028718541,1017743262,1268930555,1279982345,1274169372,1235540100,1177766467,1157058167,1112466470,1127008149,1064312034,1119390626,1214029173,1131960053,1099194165,1046357962,1244539823,1168708787,959053458,855488920,935674618,1043037240,1102484187,1101606426,1130561263,1186606811,1135961074,1211412989,1287322674,1178146977,1261978629,945027216,977920712,1015582796,1008770244,929776748,1017064142,1034121862,1033918254,1304466767,1207175824,977261582,1099509498,888638642,964776798,1287349294,1007424911,1105214141,1305356772,1019477312,1027322345,941234476,923516549,1076249684,948037402,817913789,1012393004,1164533992,989741254,1110342060,1039646472,1079180144,1223465830,1014969578,1055579951,1216316484,1073945785,1051376586,988365677,1150302409,1588016996,1218276459,1105638093,1021897538,1139801120,1161149109,1342962347,1229548730,1284574049,1493287206,1464977990,1551834944,1418201825,3007713722,1625758103,1739849993,1699496058,1642347370,1827664405,1642594315,1868732770,1939541415,1807348867,1978768820,2019587899,1634745071,1900309318,1921891577,1825588676,2066701583,1800037688,1703794104,1740128521,1409684353,1616180413,1701144534,1500445560,1537461656,1915193637,1550668204,1537429183,1823910033,1664893991,1883217552,2038442265,1677457593,1871336372,2057387628,1827713590,2009414278,2002173839,1894397543,2173760471,2043288354,2044874843,2138704230,2220708984,1991151681,2176374159,2519108216,2310921337,2550905577,2346281731,2199769522,2459148830,2453332852,2345175272,2393458251,2363466836,2271666897,2273156297,2633176735,2594561969,2537337565,2584693324,2448852837,2488361982,2413190553,2598512688,2422906594,2527034927,2253121440,2303050245,2347640253,2656983512,2673980327,2566667535,2690269272,2629314250,2538862060,2663885170,2532976554,2726758267,2336214843,2385261315,2773190717,2805849327,2677180118,2741728381,2847612753,2729978351,3359854445,3187310639,2660833698,3136397812,2576379694,2569934019,2887273749,3444090436,2813692966,2962705701,3129370219,2883043421,3044763387,3266452810,3065080634,3274415201,2820343960,3162935662,3343140492,3354675657,3266962901,3212135453,3094528639,3154792473,3175156079,2657343209,2694219730,2736471980,2476390936,2879757082,3013420240,2920335060,3207812716,2910802218,2754426402,3.93421E+11
Paises no declarados,Industrias Manufactureras,1781092,2235656,1347445,1491706,1650799,1706137,3732470,540218,1387179,2848959,1069240,2556445,4201102,756493,890174,393419,1898847,1498769,1896484,654229,3000355,1028776,14023798,1349864,707933,1030402,1707187,661707,1690839,1137878,759592,490587,532451,1022633,1091902,1276264,1846137,809932,1173173,955470,1841161,899388,499198,918842,669685,1472312,1281645,2233249,645817,402506,638122,786328,804081,258032,684709,386814,458300,268191,658101,707695,630869,471035,867401,341426,538675,640250,197562,359549,439866,572284,402084,499663,150902,414330,1246701,275866,324517,256770,127730,60577,36305,110190,231851,161413,87410,211745,500982,262736,410913,116892,13460,65264,169366,51980,117773,416003,191991,182973,375644,474934,187369,289065,432088,253119,106615,296534,206230,156347,159725,588600,219777,226304,65082,13893,31477,239405,140535,140267,133255,242506,157536,411108,498305,190956,299026,231798,214497,76271,78900,59441,76808,81528,314935,677851,835359,271765,205082,508505,141977,153368,146332,222567,270251,371151,501839,256574,184966,449920,573794,113806,137217,62446,248619,291757,298296,255680,403763,740531,524622,584145,339895,286325,234491,77092,520291,761805,575814,408537,548732,328415,495923,201409,347336,164915,71342,116515,346866,302344,326881,440622,246136,344552,433661,353775,162434,403831,110350,185452,202941,140752,80134,34837,54231,41372,52728,10190,19478,8525,38758,18894,68919,58104,53973,9160,25550,23592,22393,6410,37832,8357,9030,126769174
Paises no declarados,Industrias Extractivas,N/D,N/D,N/D,N/D,N/D,N/D,N/D,N/D,139,N/D,N/D,N/D,6976,N/D,N/D,N/D,N/D,N/D,5903,N/D,N/D,N/D,N/D,N/D,N/D,N/D,N/D,N/D,1,N/D,N/D,N/D,N/D,N/D,N/D,N/D,N/D,18308,36616,5307,54900,N/D,7400,36140,54328,N/D,N/D,N/D,N/D,N/D,N/D,N/D,N/D,N/D,N/D,N/D,N/D,N/D,N/D,N/D,N/D,N/D,N/D,N/D,N/D,N/D,N/D,N/D,N/D,N/D,N/D,N/D,N/D,N/D,N/D,N/D,N/D,N/D,N/D,N/D,N/D,N/D,N/D,N/D,N/D,N/D,N/D,N/D,N/D,N/D,N/D,N/D,N/D,N/D,N/D,N/D,N/D,N/D,N/D,N/D,N/D,N/D,N/D,N/D,N/D,N/D,N/D,N/D,N/D,N/D,N/D,N/D,N/D,N/D,N/D,N/D,N/D,N/D,N/D,N/D,N/D,N/D,N/D,N/D,N/D,N/D,N/D,N/D,N/D,N/D,N/D,N/D,N/D,N/D,N/D,N/D,N/D,N/D,N/D,N/D,N/D,N/D,N/D,N/D,N/D,N/D,N/D,N/D,N/D,N/D,N/D,N/D,N/D,N/D,N/D,N/D,N/D,N/D,N/D,N/D,N/D,N/D,N/D,N/D,N/D,N/D,N/D,N/D,N/D,N/D,N/D,N/D,N/D,N/D,N/D,N/D,N/D,N/D,N/D,N/D,N/D,N/D,N/D,N/D,N/D,N/D,N/D,N/D,N/D,N/D,N/D,N/D,N/D,N/D,N/D,N/D,N/D,N/D,N/D,N/D,N/D,N/D,N/D,N/D,N/D,N/D,N/D,N/D,N/D,N/D,N/D,226018
Paises no declarados,Agricultura y Silvicultura,2030,180,N/D,5,N/D,N/D,N/D,60,5,N/D,N/D,N/D,N/D,N/D,20445,N/D,N/D,N/D,N/D,N/D,N/D,N/D,N/D,N/D,N/D,N/D,N/D,1035,182,1039,N/D,N/D,N/D,N/D,N/D,N/D,N/D,N/D,N/D,N/D,N/D,55,N/D,N/D,5,N/D,N/D,N/D,N/D,N/D,N/D,N/D,N/D,N/D,N/D,N/D,N/D,N/D,N/D,N/D,N/D,N/D,N/D,N/D,N/D,N/D,N/D,N/D,N/D,N/D,N/D,N/D,N/D,N/D,N/D,N/D,N/D,N/D,N/D,N/D,N/D,N/D,N/D,N/D,2184,N/D,N/D,N/D,N/D,N/D,N/D,N/D,N/D,N/D,N/D,N/D,N/D,N/D,N/D,N/D,N/D,N/D,N/D,N/D,N/D,N/D,N/D,N/D,N/D,N/D,N/D,N/D,N/D,N/D,N/D,N/D,N/D,N/D,N/D,N/D,N/D,N/D,N/D,N/D,N/D,N/D,N/D,N/D,N/D,N/D,N/D,N/D,N/D,N/D,N/D,N/D,N/D,N/D,N/D,N/D,N/D,N/D,N/D,N/D,N/D,N/D,N/D,N/D,N/D,N/D,N/D,N/D,N/D,N/D,N/D,N/D,N/D,N/D,N/D,N/D,N/D,N/D,N/D,N/D,N/D,N/D,N/D,N/D,N/D,N/D,N/D,N/D,N/D,N/D,N/D,N/D,N/D,N/D,N/D,N/D,N/D,N/D,N/D,N/D,N/D,N/D,N/D,N/D,N/D,N/D,N/D,N/D,N/D,N/D,N/D,N/D,N/D,N/D,N/D,N/D,N/D,N/D,N/D,N/D,N/D,N/D,N/D,N/D,N/D,N/D,N/D,27225
Paises no declarados,Servicios y Productos no Clasificados,8178,3186,3480,9262,4670,5415,5699,3963,2526,3673,6333,1616,10,200,N/D,N/D,N/D,N/D,N/D,0,7200,195,3862,N/D,N/D,N/D,N/D,13810,14770,193976,283900,N/D,N/D,205295,360560,98995,109918,93257,156739,262985,1937,3,N/D,50,3,64255,37182,18710,N/D,N/D,N/D,N/D,N/D,N/D,N/D,N/D,N/D,N/D,N/D,450,N/D,N/D,N/D,N/D,N/D,N/D,N/D,N/D,N/D,N/D,N/D,N/D,N/D,N/D,N/D,N/D,N/D,N/D,N/D,N/D,N/D,N/D,N/D,N/D,N/D,N/D,N/D,N/D,N/D,N/D,N/D,N/D,N/D,N/D,N/D,N/D,N/D,N/D,N/D,N/D,N/D,N/D,N/D,N/D,N/D,N/D,N/D,N/D,N/D,N/D,N/D,N/D,N/D,N/D,N/D,N/D,N/D,N/D,N/D,N/D,N/D,N/D,N/D,N/D,N/D,N/D,N/D,N/D,N/D,N/D,N/D,N/D,N/D,N/D,N/D,N/D,N/D,N/D,N/D,N/D,N/D,N/D,N/D,N/D,N/D,N/D,N/D,N/D,N/D,N/D,N/D,N/D,N/D,N/D,N/D,N/D,N/D,N/D,N/D,N/D,N/D,N/D,N/D,N/D,N/D,N/D,N/D,N/D,N/D,N/D,N/D,N/D,N/D,N/D,N/D,N/D,N/D,N/D,N/D,N/D,N/D,N/D,N/D,N/D,N/D,N/D,N/D,N/D,N/D,N/D,N/D,N/D,N/D,N/D,N/D,N/D,N/D,N/D,N/D,N/D,N/D,N/D,N/D,N/D,N/D,N/D,N/D,N/D,N/D,N/D,N/D,1986263
Paises no declarados,"Ganadería, Apicultura, Caza, Pesca",N/D,N/D,N/D,N/D,N/D,N/D,N/D,N/D,N/D,N/D,N/D,N/D,N/D,N/D,N/D,N/D,N/D,N/D,N/D,N/D,N/D,N/D,N/D,N/D,N/D,N/D,N/D,N/D,N/D,N/D,N/D,N/D,N/D,N/D,N/D,N/D,N/D,N/D,N/D,N/D,N/D,N/D,N/D,N/D,N/D,N/D,N/D,N/D,N/D,N/D,N/D,N/D,N/D,N/D,N/D,N/D,N/D,N/D,N/D,N/D,N/D,N/D,N/D,N/D,N/D,N/D,N/D,N/D,N/D,N/D,N/D,N/D,N/D,N/D,N/D,N/D,N/D,N/D,N/D,N/D,N/D,N/D,N/D,N/D,N/D,N/D,N/D,N/D,N/D,N/D,N/D,N/D,N/D,N/D,N/D,N/D,N/D,N/D,N/D,N/D,N/D,N/D,N/D,N/D,N/D,N/D,N/D,N/D,N/D,N/D,N/D,N/D,N/D,N/D,N/D,N/D,N/D,N/D,N/D,N/D,N/D,N/D,N/D,N/D,N/D,N/D,N/D,N/D,N/D,N/D,N/D,N/D,N/D,N/D,N/D,N/D,N/D,N/D,N/D,N/D,N/D,N/D,N/D,N/D,N/D,N/D,N/D,N/D,N/D,N/D,N/D,N/D,N/D,N/D,N/D,N/D,N/D,N/D,N/D,N/D,N/D,N/D,N/D,N/D,N/D,N/D,N/D,N/D,N/D,N/D,N/D,N/D,N/D,N/D,N/D,N/D,N/D,N/D,N/D,N/D,N/D,N/D,N/D,N/D,N/D,N/D,N/D,N/D,N/D,N/D,N/D,N/D,N/D,N/D,N/D,N/D,N/D,N/D,N/D,N/D,N/D,N/D,N/D,N/D,N/D,N/D,N/D,N/D,N/D,N/D,N/D,N/D
Paises no declarados,Clasificación industrial,1791300,2239022,1350925,1500973,1655469,1711552,3738169,544241,1389849,2852632,1075573,2558061,4208088,756693,910619,393419,1898847,1498769,1902387,654229,3007555,1028971,14027660,1349864,707933,1030402,1707187,676552,1705792,1332893,1043492,490587,532451,1227928,1452462,1375259,1956055,921497,1366528,1223762,1897998,899446,506598,955032,724021,1536567,1318827,2251959,645817,402506,638122,786328,804081,258032,684709,386814,458300,268191,658101,708145,630869,471035,867401,341426,538675,640250,197562,359549,439866,572284,402084,499663,150902,414330,1246701,275866,324517,256770,127730,60577,36305,110190,231851,161413,89594,211745,500982,262736,410913,116892,13460,65264,169366,51980,117773,416003,191991,182973,375644,474934,187369,289065,432088,253119,106615,296534,206230,156347,159725,588600,219777,226304,65082,13893,31477,239405,140535,140267,133255,242506,157536,411108,498305,190956,299026,231798,214497,76271,78900,59441,76808,81528,314935,677851,835359,271765,205082,508505,141977,153368,146332,222567,270251,371151,501839,256574,184966,449920,573794,113806,137217,62446,248619,291757,298296,255680,403763,740531,524622,584145,339895,286325,234491,77092,520291,761805,575814,408537,548732,328415,495923,201409,347336,164915,71342,116515,346866,302344,326881,440622,246136,344552,433661,353775,162434,403831,110350,185452,202941,140752,80134,34837,54231,41372,52728,10190,19478,8525,38758,18894,68919,58104,53973,9160,25550,23592,22393,6410,37832,8357,9030,129008680
-,Industrias Manufactureras,N/D,N/D,N/D,N/D,N/D,N/D,N/D,N/D,N/D,N/D,N/D,N/D,N/D,N/D,N/D,N/D,N/D,N/D,N/D,N/D,N/D,N/D,N/D,N/D,N/D,N/D,N/D,N/D,N/D,N/D,N/D,N/D,N/D,N/D,N/D,N/D,N/D,N/D,N/D,N/D,N/D,N/D,N/D,N/D,N/D,N/D,N/D,N/D,N/D,N/D,N/D,N/D,N/D,N/D,N/D,N/D,N/D,N/D,N/D,N/D,N/D,N/D,N/D,N/D,N/D,N/D,N/D,N/D,N/D,N/D,N/D,N/D,N/D,N/D,N/D,N/D,N/D,N/D,N/D,N/D,N/D,N/D,N/D,N/D,N/D,N/D,N/D,N/D,N/D,N/D,N/D,N/D,N/D,N/D,N/D,N/D,N/D,N/D,N/D,N/D,N/D,N/D,N/D,N/D,N/D,N/D,N/D,N/D,N/D,N/D,N/D,N/D,N/D,N/D,N/D,N/D,N/D,N/D,N/D,N/D,N/D,N/D,N/D,N/D,N/D,N/D,N/D,N/D,N/D,N/D,N/D,N/D,N/D,N/D,N/D,N/D,N/D,N/D,N/D,N/D,N/D,N/D,N/D,N/D,N/D,N/D,N/D,N/D,N/D,N/D,N/D,N/D,N/D,N/D,N/D,N/D,N/D,N/D,N/D,N/D,N/D,N/D,N/D,N/D,N/D,N/D,N/D,N/D,N/D,N/D,N/D,N/D,N/D,N/D,N/D,N/D,N/D,N/D,N/D,N/D,N/D,N/D,N/D,N/D,N/D,N/D,N/D,N/D,N/D,N/D,N/D,N/D,N/D,N/D,N/D,N/D,N/D,N/D,N/D,N/D,N/D,N/D,4689,N/D,N/D,N/D,N/D,N/D,N/D,315,N/D,5004
-,Industrias Extractivas,N/D,N/D,N/D,N/D,N/D,N/D,N/D,N/D,N/D,N/D,N/D,N/D,N/D,N/D,N/D,N/D,N/D,N/D,N/D,N/D,N/D,N/D,N/D,N/D,N/D,N/D,N/D,N/D,N/D,N/D,N/D,N/D,N/D,N/D,N/D,N/D,N/D,N/D,N/D,N/D,N/D,N/D,N/D,N/D,N/D,N/D,N/D,N/D,N/D,N/D,N/D,N/D,N/D,N/D,N/D,N/D,N/D,N/D,N/D,N/D,N/D,N/D,N/D,N/D,N/D,N/D,N/D,N/D,N/D,N/D,N/D,N/D,N/D,N/D,N/D,N/D,N/D,N/D,N/D,N/D,N/D,N/D,N/D,N/D,N/D,N/D,N/D,N/D,N/D,N/D,N/D,N/D,N/D,N/D,N/D,N/D,N/D,N/D,N/D,N/D,N/D,N/D,N/D,N/D,N/D,N/D,N/D,N/D,N/D,N/D,N/D,N/D,N/D,N/D,N/D,N/D,N/D,N/D,N/D,N/D,N/D,N/D,N/D,N/D,N/D,N/D,N/D,N/D,N/D,N/D,N/D,N/D,N/D,N/D,N/D,N/D,N/D,N/D,N/D,N/D,N/D,N/D,N/D,N/D,N/D,N/D,N/D,N/D,N/D,N/D,N/D,N/D,N/D,N/D,N/D,N/D,N/D,N/D,N/D,N/D,N/D,N/D,N/D,N/D,N/D,N/D,N/D,N/D,N/D,N/D,N/D,N/D,N/D,N/D,N/D,N/D,N/D,N/D,N/D,N/D,N/D,N/D,N/D,N/D,N/D,N/D,N/D,N/D,N/D,N/D,N/D,N/D,N/D,N/D,N/D,N/D,N/D,N/D,N/D,N/D,N/D,N/D,N/D,N/D,N/D,N/D,N/D,N/D,N/D,N/D,N/D,N/D
-,Agricultura y Silvicultura,N/D,N/D,N/D,N/D,N/D,N/D,N/D,N/D,N/D,N/D,N/D,N/D,N/D,N/D,N/D,N/D,N/D,N/D,N/D,N/D,N/D,N/D,N/D,N/D,N/D,N/D,N/D,N/D,N/D,N/D,N/D,N/D,N/D,N/D,N/D,N/D,N/D,N/D,N/D,N/D,N/D,N/D,N/D,N/D,N/D,N/D,N/D,N/D,N/D,N/D,N/D,N/D,N/D,N/D,N/D,N/D,N/D,N/D,N/D,N/D,N/D,N/D,N/D,N/D,N/D,N/D,N/D,N/D,N/D,N/D,N/D,N/D,N/D,N/D,N/D,N/D,N/D,N/D,N/D,N/D,N/D,N/D,N/D,N/D,N/D,N/D,N/D,N/D,N/D,N/D,N/D,N/D,N/D,N/D,N/D,N/D,N/D,N/D,N/D,N/D,N/D,N/D,N/D,N/D,N/D,N/D,N/D,N/D,N/D,N/D,N/D,N/D,N/D,N/D,N/D,N/D,N/D,N/D,N/D,N/D,N/D,N/D,N/D,N/D,N/D,N/D,N/D,N/D,N/D,N/D,N/D,N/D,N/D,N/D,N/D,N/D,N/D,N/D,N/D,N/D,N/D,N/D,N/D,N/D,N/D,N/D,N/D,N/D,N/D,N/D,N/D,N/D,N/D,N/D,N/D,N/D,N/D,N/D,N/D,N/D,N/D,N/D,N/D,N/D,N/D,N/D,N/D,N/D,N/D,N/D,N/D,N/D,N/D,N/D,N/D,N/D,N/D,N/D,N/D,N/D,N/D,N/D,N/D,N/D,N/D,N/D,N/D,N/D,N/D,N/D,N/D,N/D,N/D,N/D,N/D,N/D,N/D,N/D,N/D,N/D,N/D,N/D,N/D,N/D,N/D,N/D,N/D,N/D,N/D,N/D,N/D,N/D
-,Servicios y Productos no Clasificados,N/D,N/D,N/D,N/D,N/D,N/D,N/D,N/D,N/D,N/D,N/D,N/D,N/D,N/D,N/D,N/D,N/D,N/D,N/D,N/D,N/D,N/D,N/D,N/D,N/D,N/D,N/D,N/D,N/D,N/D,N/D,N/D,N/D,N/D,N/D,N/D,N/D,N/D,N/D,N/D,N/D,N/D,N/D,N/D,N/D,N/D,N/D,N/D,N/D,N/D,N/D,N/D,N/D,N/D,N/D,N/D,N/D,N/D,N/D,N/D,N/D,N/D,N/D,N/D,N/D,N/D,N/D,N/D,N/D,N/D,N/D,N/D,N/D,N/D,N/D,N/D,N/D,N/D,N/D,N/D,N/D,N/D,N/D,N/D,N/D,N/D,N/D,N/D,N/D,N/D,N/D,N/D,N/D,N/D,N/D,N/D,N/D,N/D,N/D,N/D,N/D,N/D,N/D,N/D,N/D,N/D,N/D,N/D,N/D,N/D,N/D,N/D,N/D,N/D,N/D,N/D,N/D,N/D,N/D,N/D,N/D,N/D,N/D,N/D,N/D,N/D,N/D,N/D,N/D,N/D,N/D,N/D,N/D,N/D,N/D,N/D,N/D,N/D,N/D,N/D,N/D,N/D,N/D,N/D,N/D,N/D,N/D,N/D,N/D,N/D,N/D,N/D,N/D,N/D,N/D,N/D,N/D,N/D,N/D,N/D,N/D,N/D,N/D,N/D,N/D,N/D,N/D,N/D,N/D,N/D,N/D,N/D,N/D,N/D,N/D,N/D,N/D,N/D,N/D,N/D,N/D,N/D,N/D,N/D,N/D,N/D,N/D,N/D,N/D,N/D,N/D,N/D,N/D,N/D,N/D,N/D,N/D,N/D,N/D,N/D,N/D,N/D,N/D,5764,N/D,N/D,N/D,N/D,N/D,N/D,N/D,5764
-,"Ganadería, Apicultura, Caza, Pesca",N/D,N/D,N/D,N/D,N/D,N/D,N/D,N/D,N/D,N/D,N/D,N/D,N/D,N/D,N/D,N/D,N/D,N/D,N/D,N/D,N/D,N/D,N/D,N/D,N/D,N/D,N/D,N/D,N/D,N/D,N/D,N/D,N/D,N/D,N/D,N/D,N/D,N/D,N/D,N/D,N/D,N/D,N/D,N/D,N/D,N/D,N/D,N/D,N/D,N/D,N/D,N/D,N/D,N/D,N/D,N/D,N/D,N/D,N/D,N/D,N/D,N/D,N/D,N/D,N/D,N/D,N/D,N/D,N/D,N/D,N/D,N/D,N/D,N/D,N/D,N/D,N/D,N/D,N/D,N/D,N/D,N/D,N/D,N/D,N/D,N/D,N/D,N/D,N/D,N/D,N/D,N/D,N/D,N/D,N/D,N/D,N/D,N/D,N/D,N/D,N/D,N/D,N/D,N/D,N/D,N/D,N/D,N/D,N/D,N/D,N/D,N/D,N/D,N/D,N/D,N/D,N/D,N/D,N/D,N/D,N/D,N/D,N/D,N/D,N/D,N/D,N/D,N/D,N/D,N/D,N/D,N/D,N/D,N/D,N/D,N/D,N/D,N/D,N/D,N/D,N/D,N/D,N/D,N/D,N/D,N/D,N/D,N/D,N/D,N/D,N/D,N/D,N/D,N/D,N/D,N/D,N/D,N/D,N/D,N/D,N/D,N/D,N/D,N/D,N/D,N/D,N/D,N/D,N/D,N/D,N/D,N/D,N/D,N/D,N/D,N/D,N/D,N/D,N/D,N/D,N/D,N/D,N/D,N/D,N/D,N/D,N/D,N/D,N/D,N/D,N/D,N/D,N/D,N/D,N/D,N/D,N/D,N/D,N/D,N/D,N/D,N/D,N/D,N/D,N/D,N/D,N/D,N/D,N/D,N/D,N/D,N/D
-,Clasificación industrial,N/D,N/D,N/D,N/D,N/D,N/D,N/D,N/D,N/D,N/D,N/D,N/D,N/D,N/D,N/D,N/D,N/D,N/D,N/D,N/D,N/D,N/D,N/D,N/D,N/D,N/D,N/D,N/D,N/D,N/D,N/D,N/D,N/D,N/D,N/D,N/D,N/D,N/D,N/D,N/D,N/D,N/D,N/D,N/D,N/D,N/D,N/D,N/D,N/D,N/D,N/D,N/D,N/D,N/D,N/D,N/D,N/D,N/D,N/D,N/D,N/D,N/D,N/D,N/D,N/D,N/D,N/D,N/D,N/D,N/D,N/D,N/D,N/D,N/D,N/D,N/D,N/D,N/D,N/D,N/D,N/D,N/D,N/D,N/D,N/D,N/D,N/D,N/D,N/D,N/D,N/D,N/D,N/D,N/D,N/D,N/D,N/D,N/D,N/D,N/D,N/D,N/D,N/D,N/D,N/D,N/D,N/D,N/D,N/D,N/D,N/D,N/D,N/D,N/D,N/D,N/D,N/D,N/D,N/D,N/D,N/D,N/D,N/D,N/D,N/D,N/D,N/D,N/D,N/D,N/D,N/D,N/D,N/D,N/D,N/D,N/D,N/D,N/D,N/D,N/D,N/D,N/D,N/D,N/D,N/D,N/D,N/D,N/D,N/D,N/D,N/D,N/D,N/D,N/D,N/D,N/D,N/D,N/D,N/D,N/D,N/D,N/D,N/D,N/D,N/D,N/D,N/D,N/D,N/D,N/D,N/D,N/D,N/D,N/D,N/D,N/D,N/D,N/D,N/D,N/D,N/D,N/D,N/D,N/D,N/D,N/D,N/D,N/D,N/D,N/D,N/D,N/D,N/D,N/D,N/D,N/D,N/D,N/D,N/D,N/D,N/D,N/D,4689,5764,N/D,N/D,N/D,N/D,N/D,315,N/D,10768
País comprador,País comprador,859811774,729136398,915836773,886990473,1144849238,1224112342,1175644572,1435630969,1501430296,1434971910,1416965843,1414988566,1331950334,1257398375,1340321385,1230920817,1321777365,1383796116,1304548529,1289864443,1240668652,1453155252,1350794230,1157120330,1132544271,1215007458,1298722115,1314166074,1330228210,1356793321,1454449514,1367092803,1457078555,1482534816,1347287057,1492221829,1099693179,1113340223,1174771733,1138598095,1046976575,1169584567,1202823087,1168650989,1479802292,1351133189,1162088062,1257418436,1030713891,1115103027,1470921840,1158754426,1271339089,1478008880,1228005183,1266107452,1157764138,1121613903,1304513650,1163542730,1021211048,1247962715,1395801502,1225378743,1360580134,1317744211,1323091793,1501457122,1280343960,1303559625,1563194215,1393287026,1355307168,1258263984,1492885172,1877669245,1558977912,1424927888,1416759853,1486377374,1485595540,1814241400,1726182799,1648429049,1971612552,1904096943,2047358859,1893141438,3574250482,2156936913,2285017787,2247882674,2121783562,2380752302,2133482779,2346260280,2436994859,2288917106,2496327733,2589979085,2148157815,2415147386,2456970168,2301366320,2609590478,2267688363,2045594232,2209680832,1757635306,1917210187,2056170563,1836647682,1842424097,2255398326,1882296684,1866577879,2216488222,2031309444,2298326775,2537653873,2100499658,2354502761,2642415466,2375902890,2504646796,2509332845,2373192936,2690002184,2559440787,2604550244,2727907129,2843382200,2553380246,2726130722,3170357057,2859638377,3172791798,3008706632,2828084939,3164082319,3123806626,3011640110,3138204943,3164332387,3121912603,3114997804,3618717046,3528822339,3407221104,3543047696,3447334618,3384258810,3183431359,3369990870,3235521905,3245322623,2997240993,2993609850,3157002344,3492528292,3459596039,3438702702,3633039553,3615439203,3386385997,3550715135,3351802508,3521643178,3089119824,3118325047,3508957774,3661857976,3460570737,3530909318,3730871804,3606818969,4169003834,4081441612,3500967081,4087171991,3354401826,3259536227,3684294573,4267742708,3435887096,3729449049,4032098602,3646373965,3743375577,3968853155,3712724576,3932425546,3526443946,3764791087,3939866036,4006138436,3883628561,3865758386,3743482553,3825921133,4539046075,4277423912,4165293927,3816236684,3888870587,4147170136,4383166225,4289356934,4770543401,4407871337,4148827772,5.02197E+11
