Pais_comprador,Regiones,2006/Enero,2006/Febrero,2006/Marzo,2006/Abril,2006/Mayo,2006/Junio,2006/Julio,2006/Agosto,2006/Septiembre,2006/Octubre,2006/Noviembre,2006/Diciembre,2007/Enero,2007/Febrero,2007/Marzo,2007/Abril,2007/Mayo,2007/Junio,2007/Julio,2007/Agosto,2007/Septiembre,2007/Octubre,2007/Noviembre,2007/Diciembre,2008/Enero,2008/Febrero,2008/Marzo,2008/Abril,2008/Mayo,2008/Junio,2008/Julio,2008/Agosto,2008/Septiembre,2008/Octubre,2008/Noviembre,2008/Diciembre,2009/Enero,2009/Febrero,2009/Marzo,2009/Abril,2009/Mayo,2009/Junio,2009/Julio,2009/Agosto,2009/Septiembre,2009/Octubre,2009/Noviembre,2009/Diciembre,2010/Enero,2010/Febrero,2010/Marzo,2010/Abril,2010/Mayo,2010/Junio,2010/Julio,2010/Agosto,2010/Septiembre,2010/Octubre,2010/Noviembre,2010/Diciembre,2011/Enero,2011/Febrero,2011/Marzo,2011/Abril,2011/Mayo,2011/Junio,2011/Julio,2011/Agosto,2011/Septiembre,2011/Octubre,2011/Noviembre,2011/Diciembre,2012/Enero,2012/Febrero,2012/Marzo,2012/Abril,2012/Mayo,2012/Junio,2012/Julio,2012/Agosto,2012/Septiembre,2012/Octubre,2012/Noviembre,2012/Diciembre,2013/Enero,2013/Febrero,2013/Marzo,2013/Abril,2013/Mayo,2013/Junio,2013/Julio,2013/Agosto,2013/Septiembre,2013/Octubre,2013/Noviembre,2013/Diciembre,2014/Enero,2014/Febrero,2014/Marzo,2014/Abril,2014/Mayo,2014/Junio,2014/Julio,2014/Agosto,2014/Septiembre,2014/Octubre,2014/Noviembre,2014/Diciembre,2015/Enero,2015/Febrero,2015/Marzo,2015/Abril,2015/Mayo,2015/Junio,2015/Julio,2015/Agosto,2015/Septiembre,2015/Octubre,2015/Noviembre,2015/Diciembre,2016/Enero,2016/Febrero,2016/Marzo,2016/Abril,2016/Mayo,2016/Junio,2016/Julio,2016/Agosto,2016/Septiembre,2016/Octubre,2016/Noviembre,2016/Diciembre,2017/Enero,2017/Febrero,2017/Marzo,2017/Abril,2017/Mayo,2017/Junio,2017/Julio,Fecha
América Latina,Altos Sur,559818,887991,1993451,94623,145265,224540,30844,257763,237818,201743,137060,151658,151996,152555,135047,310664,318391,162470,211434,162885,150684,299010,384378,400932,213486,347313,441286,212811,435706,407401,288262,621305,545473,724192,735288,354644,24763,124640,843914,815483,873961,318811,1555435,868855,409115,486173,533438,682520,300959,288670,210143,319820,153261,464658,708726,319170,431097,391701,449810,421647,480758,252356,626272,257189,390412,398277,236358,1354284,799377,541722,941363,536713,313629,659634,559403,1504494,1549766,342007,425840,748907,863283,966657,1432592,343520,512343,174477,424124,1995474,348813,764020,616315,332316,592360,334272,422154,579073,206760,198368,219151,163304,206340,454372,585834,502815,560261,386494,392682,588077,432658,109463,388934,414649,323890,400115,321364,415992,576787,586282,538934,708041,310286,211114,495337,322461,411979,368601,452313,246522,376975,766091,715393,329237,445551,257246,850643,396044,662993,199703,418444,66625990
América Latina,Centro,12566736,8912795,17903445,11935291,14216753,14385642,11538484,9895278,10376021,14581082,13747878,10661974,14765527,12788428,17039466,9006061,18101998,19435438,22467736,21172023,12836723,13555405,11822138,21711134,33296961,27902384,32770682,27664319,29527500,47593370,54231371,47590616,47404499,26547375,18192207,81088693,38063429,39097753,38751346,20222437,6886509,12305330,29971414,21695633,56049319,14472455,56059796,31462321,61575714,40377269,58566737,60978398,40387965,97705816,48484648,87066117,56824734,40874054,64974365,70047533,50573049,26875564,71707370,76058538,19968933,49262112,27160787,76895045,69051173,40641570,106618110,53819948,51707456,57151232,101838637,100610562,21617297,138346607,45562063,50824911,38901305,31913053,35734023,39405167,31300061,23222922,63608068,64577342,48306949,69921645,75674103,85031320,68177536,44532494,40413303,44682732,43337074,32854965,66546956,74196104,55806013,80411964,31296183,50049484,32791537,37499353,30890121,34964128,31873183,25027648,22605575,25215894,22453655,32904510,37180829,19777268,27611018,25180478,26930864,37724414,28791042,19388914,16123838,28138014,19647754,75392962,22129748,22249344,21138478,28776304,22538133,24410945,30143619,16827355,20741497,26238254,31131280,31210549,27204668,5371178561
América Latina,Valles,0,0,0,58388,0,125402,81135,40055,64937,234295,99910,92310,0,86468,289885,174645,191785,579208,266591,251872,165794,531013,131234,389301,221403,451006,320236,437586,213817,384792,319889,288806,543325,157450,43448,195670,30208,76875,46512,31115,31867,22526,17838,15515,0,45731,42910,5395,40189,23851,73092,0,114220,31447,28244,96744,0,12260,64071,19798,8892,23400,528726,225086,33957,76909,49172,6084,83646,16455,60243,11859,0,37995,5084,4196,37801,97169,0,0,9195,11647,11250,64827,0,74776,447219,14,6730,8060,137448,65585,162166,138767,34004,19299,0,368443,346044,206456,0,113430,255543,388854,16200,372600,88237,275400,130372,10,0,0,44750,34923,1425001,1570599,3127460,14850,28667,19094,4085,36632,14600,112867,318746,300196,274825,366013,322715,449591,273074,357137,551351,299703,706971,341599,392527,339059,381950,25470296
América Latina,Sur,1132854,905186,1256209,1031970,878932,1255748,1205387,1359888,836309,1151133,762920,171587,104721,308494,224314,393198,449832,370694,356773,373325,272020,521952,408343,315165,391467,440291,229551,333808,628235,564656,246525,567385,529743,656521,547131,298972,364267,452335,384647,281544,94102,563363,345662,141142,1872454,2214794,2092657,2065540,1765866,1606792,1888961,1953097,2411666,2286836,1979660,2253023,2509105,1936701,2678396,2011274,2659409,2959483,2238686,1918985,1984783,1894253,1667661,2048295,2158637,1979999,2079550,1739991,1996313,1857533,2676236,1997392,2102714,2037522,2221480,2268633,3183099,2994480,2238126,1313676,2249644,2538486,2643135,2734152,2382147,3248000,2396709,2762900,2439338,2945075,2238465,2287979,2571014,1652335,1546403,1912508,1664174,2220101,2168558,2256174,2478151,2843455,2100847,2268169,1434956,1371667,1873106,1495743,1835388,2317519,2380291,2415505,2310328,1819373,2482866,2015984,1585543,2050677,2150769,1467877,1754435,1658001,1585740,2465746,2292671,2268807,1480729,1934498,1200564,1942309,2366508,1692884,1912713,2053509,1972336,225988850
América Latina,Sierra de Amula,0,0,0,0,0,0,0,0,0,0,0,0,0,0,0,0,0,0,0,0,0,0,0,0,0,0,0,0,0,0,0,0,0,0,0,0,0,0,0,0,0,0,4225,0,0,6705,0,656,9249,6206,0,13370,0,19774,1139,11056,0,0,1010,0,14066,0,0,23041,0,22524,4032,0,0,0,20332,0,26384,29304,43003,23336,0,14860,0,0,17049,8424,0,20093,31868,503,13287,0,26733,0,53395,0,0,0,13862,0,31259,0,18468,27519,0,17254,17509,0,0,6388,0,0,0,0,13326,17179,10203,33613,0,0,0,13948,27898,0,0,2045,3041,5822,7829,7081,8099,9385,5641,6055,0,0,1278,2008,19587,15865,8984,0,8259,825028
América Latina,Sierra Occidental,0,0,0,0,0,0,0,0,0,0,0,0,0,0,0,0,0,0,0,0,0,0,0,0,0,0,0,0,0,0,0,0,0,0,0,0,0,0,0,0,0,0,0,0,0,0,0,0,0,0,0,0,0,0,0,0,0,0,0,0,0,0,0,0,0,0,0,0,0,0,0,0,0,0,0,0,0,0,0,0,0,0,0,0,0,0,0,0,0,0,0,0,0,0,0,0,0,0,0,0,0,0,0,0,0,0,0,0,0,0,0,0,0,0,0,0,0,0,0,0,0,0,0,0,0,0,0,0,0,0,0,0,0,0,0,0,0,0,0,0
América Latina,Ciénega,5400194,8711949,8801954,7039453,7096887,4906335,5469977,7834227,6998751,7526147,8280051,5030234,8456833,9081110,9373230,8721848,11309488,8051386,10269755,9964936,11355973,10988498,11002296,6234278,11157398,8456124,9773387,8509144,2061053,1677781,1706357,1743426,907099,1572229,1693709,739105,752301,904121,283602,668962,387533,859838,18944,162284,277319,471404,418071,396912,499946,341537,225196,314040,414550,528393,510988,593392,445898,763055,685956,406309,142845,496081,469355,303998,346696,610008,175769,374843,482821,155500,180546,317324,296409,563918,321081,516468,397220,404736,497996,227383,290031,535099,1089247,1759805,657235,855171,993331,408079,419525,432071,320146,868812,313888,154413,350782,691230,145208,620185,552692,449853,555940,365947,425469,369799,520741,781299,467897,760542,583704,668021,602877,293929,340060,375407,729695,385793,520141,326719,263950,697417,229183,252580,495239,407148,382663,236033,229072,343471,283641,206895,346557,548739,371807,826927,477099,141463,266856,666932,444992,295613559
América Latina,Costa Sur,0,0,0,0,0,0,0,0,0,0,0,0,0,0,0,0,0,0,0,0,0,0,0,0,0,0,0,0,0,0,0,0,0,0,0,0,0,0,0,0,0,0,0,0,0,0,0,0,0,0,0,0,0,0,0,0,0,0,0,0,0,0,0,0,0,0,0,0,0,0,0,0,0,0,0,0,0,0,0,0,0,0,0,0,0,0,0,0,0,0,0,0,0,0,0,0,0,0,0,0,0,0,0,0,0,0,0,0,0,0,0,0,0,0,0,0,0,0,0,0,0,0,0,0,0,0,0,0,0,0,0,0,0,0,0,0,0,0,0,0
América Latina,Norte,0,0,0,0,0,0,0,0,0,0,0,0,0,0,0,0,0,0,0,0,0,0,0,0,0,0,0,0,0,0,0,0,0,0,0,0,0,0,0,0,0,36061,21480,43036,21201,0,0,0,0,0,0,26671,0,0,0,0,0,0,26065,76083,46200,0,0,0,0,0,0,31632,0,0,0,0,0,0,29191,0,0,0,29235,28703,0,0,0,0,0,0,28939,30695,0,0,0,0,0,0,0,0,0,0,0,0,0,0,57616,28579,0,0,0,0,0,0,0,517012,464686,553342,859037,594286,436676,338088,0,0,0,0,0,1111015,1739743,1762882,4955,0,0,0,0,20665,0,0,0,0,0,0,0,8963774
América Latina,Costa Norte,248989,259453,202918,213553,525130,335591,331817,282895,158494,296001,374777,247383,408574,615375,250238,336840,115531,24452,272698,205472,42,137017,254466,440,0,0,0,0,0,0,0,0,0,0,0,0,0,0,0,0,0,0,0,81706,50,0,0,0,0,0,0,0,0,429,9652,0,0,0,0,0,0,11068,132172,13991,126658,500,0,353547,0,0,0,0,10692,111811,0,0,0,0,0,0,0,142178,0,0,136073,0,0,0,0,0,0,0,0,0,0,0,0,0,0,0,0,0,0,0,0,0,0,0,0,0,0,0,0,0,0,0,0,0,0,0,0,0,0,0,0,0,0,0,0,0,0,0,0,0,0,0,0,0,0,7228670
América Latina,Sureste,0,0,0,0,14100,0,69600,34800,87000,99780,17400,34500,17100,0,69600,76950,119400,43350,33600,48900,32100,180900,125400,148050,213900,187200,144000,131400,99210,234550,297000,157800,13440,231847,0,125400,0,0,0,0,0,868000,946400,1199120,109200,0,0,0,0,226800,529200,2240000,0,0,0,0,0,0,0,0,0,0,0,0,356790,592992,0,1010134,0,0,0,496300,372225,0,0,0,824770,310948,1574901,1071204,1001776,2088,53189,130743,144272,370119,109789,0,0,0,0,0,0,140250,0,0,0,0,0,0,0,0,0,0,0,0,0,0,0,0,240740,702186,2068802,1790220,9789265,12292375,6529715,0,0,0,0,0,0,0,0,212084,0,0,0,0,0,0,0,0,0,0,0,0,0,51394871
América Latina,Altos Norte,718777,668903,793197,575052,960194,524200,930881,623353,866854,950171,760870,676622,485764,870590,579125,875167,766711,1035296,713664,858099,633866,1151720,937532,1003679,950966,1136102,757132,1390937,1935766,777289,796609,957898,962393,1165255,1328627,1229478,222769,538646,1211330,1092745,831841,755303,966985,1099918,1001339,1179122,1512571,844966,787801,1145059,1528752,1105789,1244592,1630985,1361744,1723219,1422384,1139604,1360352,1692650,1501394,1390810,2309621,2066219,1901299,2160224,2072181,2884657,2171507,1734441,1703892,1863610,1195921,2234339,1885869,1785158,2144994,1645728,2120569,1324467,1882475,1785096,1858064,1453097,1332374,1945543,1814839,2252665,1367650,1594471,2784577,2239811,1949562,1047275,1767341,1523938,1366993,1787830,1405476,2118821,1490285,1360861,1997251,1666669,1877779,1990519,1323739,1974113,1802279,1214492,2031695,1612210,791148,1821230,1700584,2472393,2148496,2560526,1713446,2111356,1690930,2067084,1847614,2066966,1717880,1583036,1524884,2261722,2291419,2619301,2254237,2168767,2190832,1675477,2030695,2172487,1393724,1482537,2188941,206013536
América Latina,ZMG,35921527,36931420,42516342,37869102,48855435,46551930,36946776,41897524,39365229,44034264,49422558,41627978,40672965,40866254,44717030,54139566,48503928,47764962,52363245,49937413,38767258,48843044,43923941,42003893,48530114,68333143,74692731,105029062,90354739,78178099,96505516,106174884,121155135,64537805,49611908,41843447,40605174,36802052,40524527,37770678,38552787,46883251,42785365,49662601,50585869,59625564,59563499,65805170,52189422,55834609,71209238,82097301,89008993,78190682,106402254,72009159,66445289,66606447,63684361,75298766,61883118,73325296,93882366,83394050,134281458,91541075,80951394,98766444,81454377,88671793,101696353,80399668,81044412,80608385,121229129,92099539,111986687,105779108,104237336,92575478,101663306,88172039,82866523,88567901,104472890,82791834,105048431,109775888,108423109,109905320,111519417,117887162,140864373,132995080,108849932,79704404,56774280,68567154,77976108,82133821,82747078,71799599,76189423,75259613,67271469,71719309,75760992,66143220,44091137,54256024,53856588,62394056,69861881,59734729,55219961,45247920,38294196,45214702,40161030,41154886,29003342,36130941,34198810,38148942,43148669,45931081,43146053,42680613,39454955,36146917,36870409,40330742,31171860,39714694,51827036,32946803,47380097,52465406,40519507,9223891465
América Latina,( Blank ),21423164,15946639,22926781,19819532,20723957,21156871,17430950,21646332,22452009,24065386,23655865,22534656,50124339,53098923,70918326,61922935,71856437,85869353,67760477,99002603,69529763,90403463,94003255,67882465,73856353,101132379,89535264,74382901,67745319,77514741,77459701,79134816,73860805,76778965,59933454,59984272,51932028,49106690,52428887,50309922,52432465,65811112,63362194,71627200,65734337,68668371,73387260,71482131,58919690,83408281,94833550,94844081,93673151,92622159,78322200,110866524,88063109,92201015,93864485,98129851,113621228,130247002,151912048,124633263,142940232,193310439,191568763,215058649,229097797,244215202,208520603,238550673,207066529,233570525,237025955,196880619,200999148,183248789,181768677,165003599,132289149,145727595,128102229,125228036,125408728,146337127,134252868,139439554,158537192,152352226,196721261,159662602,127567609,165082261,153644339,149161426,127114776,125996397,141926395,156610571,148121875,147063093,159914360,163147800,182504381,207879039,189859280,143863356,118547348,127735761,145892861,137641264,125626730,135460392,157263284,137378240,126570590,124504974,102425595,113354086,90233511,100294999,126090601,121958825,126441973,127470625,117674311,118205655,149277008,145007116,138750544,127231965,116193510,119959574,149885643,132720433,153906702,150184406,136336994,21112479240
América Latina,Regiones,77972059,73224336,96394297,78636964,93416653,89466259,74035851,83872115,81443422,93140002,97259289,81228902,115187819,117868197,143596261,135957874,151733501,163336609,154715973,181977528,133744223,166612022,162992983,140089337,168832048,208385942,208664269,218091968,193001345,207332679,231851230,237236936,245921912,172371639,132085772,185859681,131994939,127103112,134474765,111192886,100091065,128423595,139995942,146597010,176060203,147170319,193610202,172745611,176088836,183259074,229064869,243892567,227408398,273481179,237809255,274938404,216141616,203924837,227788871,248103911,230930959,235581060,323806616,288894360,302331218,339869313,303886117,398783614,385299335,377956682,421820992,377736086,344029970,376824676,465613588,395421764,341660397,432227474,338438097,314073285,280100668,272258356,253385243,258286865,266245488,258310958,309384030,321213863,319818848,338225813,390223371,368850508,342066832,347369887,307734182,278650081,231547364,232045677,290537693,317818957,290591705,303806621,272907746,293669787,288020519,323478456,300883795,250837005,198895637,210383086,227505702,230304122,223821193,235426000,266869311,222550371,208125407,200559940,174573250,197785278,151847922,160434986,181419849,193739937,195571671,254922582,187030000,188828471,215443503,216247077,203229076,197332695,182270372,181505293,228905679,196665832,237055876,238602101,209476091,36595673840
Asia,Altos Sur,33960,47122,1776192,70646,1065677,79855,308105,2144809,168683,2415380,1338992,1900835,1065540,789545,1999669,485820,1659875,1362253,111042,475151,1046236,147743,2509093,572780,2433009,1619393,2699033,1055786,4093861,1960816,163184,984285,1611068,2114630,3579136,1076034,32974,20775,438296,295879,336802,94184,2290680,1250341,1429386,1243547,1027437,743126,521899,226292,857530,3538745,1425351,544029,2740057,293009,1478546,1241362,1264524,1328152,2008559,1061177,1883393,3164891,389956,576580,652660,6092294,1548426,4263320,713990,3801201,4596385,1123298,2936801,843904,4139350,3550834,2905830,2895910,2096471,1541263,1056706,1552782,1253830,3339880,35904050,3240053,3563996,690877,4400754,29601422,4143503,1481269,17156028,504952,1684536,1968082,258247,1189116,976719,419970,2770268,753292,518275,866713,324464,409645,513632,630449,420197,314466,527254,244973,474150,319577,512965,666631,302126,299828,207976,414943,381387,402855,363953,423746,278638,163035,943643,672355,423573,223181,187137,713734,290280,693246,146488,78569,490847,257169899
Asia,Centro,87819999,69413647,91635818,62316985,94494649,87564459,93281221,102284319,89021047,101907162,86908960,85976582,99490925,87692821,91580689,91473013,127027177,120724071,116454417,111967386,107177182,103218651,85877679,85179223,91713085,83749449,92103653,90517243,69734637,38173295,25253434,19773254,28086918,24639256,22797636,26166396,16629307,13733269,21498563,17047433,17954404,23526327,21856551,23206890,23413085,24181978,26868774,26510910,24598174,23657028,32975703,28008326,24067570,29029388,29284777,27674226,32241299,29822223,29819794,36418093,32707195,19176673,32813040,27695235,24641428,21493291,34222765,27172386,33184606,34458555,34997203,58806165,57363897,57602297,77575393,67185787,54417243,68609656,61840309,58175353,65282330,62117746,61089267,65211614,73008748,58506366,64325640,61945441,65136083,81093116,80864248,81765026,100288647,83709806,81174205,90273402,82509931,84884373,97551118,129848728,120500651,116104361,159054135,103598443,97338270,123698053,106120192,157021347,159608560,107283443,105892384,140647997,76064906,124390579,140258336,109442559,117132859,116573776,105613707,113941086,142011941,81346888,79418234,84623962,118430186,77501429,92989542,89248879,77358130,130458866,97854350,113015580,104638948,80745532,234426006,104122626,98315010,85446963,131324470,10375507567
Asia,Valles,19858,13802,0,40017,100411,0,0,14950,15100,60000,63933,0,11259,0,54600,0,11259,5063,7797,0,0,133909,31421,0,4330,0,11259,0,73,29772,42000,0,5816,11259,0,5360,11459,79323,23140,0,0,0,0,18927,0,6300,0,19200,7110,7529,117978,44,3500,41011,9625,123578,0,132886,27604,28800,14000,95820,0,13137,0,111191,21545,21126,15829,24946,6810,15829,56409,129387,68029,173702,19681,25472,8224,20100,263852,50410,47400,90888,99377,264101,69210,182199,93009,357620,189082,50039,34677,131869,174776,3,136963,23793,199570,61656,486692,83222,3,100924,97226,82323,222880,92409,80240,117012,98658,94891,84957,49920,143768,83256,200455,88583,4,125975,79403,95126,45617,5030,77000,152185,68558,8679,37651,85903,256944,9839,199234,139673,4,93931,169714,55856,240814,8867551
Asia,Sur,0,0,0,0,0,0,10871,0,32499,4971,0,0,0,0,0,0,0,0,0,0,0,0,0,0,0,0,0,0,0,0,0,0,0,0,0,0,0,0,0,0,0,0,0,0,58245,61694,53941,112808,43700,80998,148528,48207,122226,117663,54733,31825,60969,46094,20356,33346,38890,8270,117007,87936,209738,169094,160973,82435,186865,84742,20036,9888,100217,106708,165182,187909,269574,180427,132884,197015,154384,166265,131772,103099,53960,113882,204641,150249,224666,181496,60818,101809,95005,45886,106566,33924,118907,143581,231873,136309,235293,199296,112053,210209,222784,94867,73104,126067,68448,180356,493394,462317,215270,232461,219833,133977,212550,115090,147836,242160,116852,376748,292529,347458,265501,593656,267245,209931,127981,260747,323207,327209,133989,258674,345276,333772,311772,236821,234673,15579967
Asia,Sierra de Amula,0,0,0,0,0,0,0,0,0,0,0,0,0,0,0,0,0,0,0,0,0,0,0,0,0,0,0,0,0,0,0,0,0,0,0,0,0,0,0,0,0,0,0,0,0,0,0,0,0,0,0,0,0,0,0,0,0,0,0,0,0,0,0,0,0,0,0,0,0,0,0,0,0,0,0,0,9252,0,0,0,0,0,0,0,0,0,0,0,0,0,0,0,0,0,0,0,0,0,0,0,0,0,0,0,0,3850,0,0,0,0,0,2464,0,0,0,0,0,0,0,0,0,0,0,0,0,0,0,0,0,0,0,0,0,0,0,0,0,0,0,15566
Asia,Sierra Occidental,0,0,0,0,0,0,0,0,0,0,0,0,0,0,0,0,0,0,0,0,0,0,0,0,0,0,0,0,0,0,0,0,0,0,0,0,0,0,0,0,0,0,0,0,0,0,0,0,0,0,0,0,0,0,0,0,0,0,0,0,0,0,0,0,0,0,0,0,0,0,0,0,0,0,0,0,0,0,0,0,0,0,0,0,0,0,0,0,0,0,0,0,0,0,0,0,0,0,0,0,0,0,0,0,0,0,0,0,0,0,0,0,0,0,0,0,0,0,0,0,0,0,0,0,0,0,0,0,0,0,0,0,0,0,0,0,0,0,0,0
Asia,Ciénega,16488,105,87730,0,39599,10337,0,22020,664,459,22864,0,1654,5622,212,0,12364,24269,1274,0,125856,0,24912,0,0,159,0,1812,99451,0,0,116845,155794,113439,42157,0,0,78877,26507,85110,0,58121,84,45,51935,7549,60672,60580,631071,1271648,182911,1166187,636000,0,0,0,826550,1518545,403302,365361,628260,741290,1054470,65745,0,0,0,1298380,389500,71320,656000,150995,1229839,380136,597165,480292,241900,95950,0,2245450,2483931,3748195,6339438,5534619,6912035,3946976,10264570,8662157,5504023,10241658,7200027,6989321,8254487,3828863,502524,678332,521865,966998,303954,491988,283758,0,0,0,5394,0,8250,13440,65806,67924,71500,160652,193254,24391,12021,0,0,0,0,4783,35781,15260,72706,63849,0,0,0,6554,0,5983,93039,521401,784747,1361446,854491,584277,727905,0,0,118098401
Asia,Costa Sur,0,0,0,0,0,0,0,0,0,0,0,0,0,0,0,0,0,0,0,0,0,0,0,0,0,0,0,0,0,0,0,0,0,0,0,0,0,0,0,0,0,0,0,0,0,0,0,0,0,0,0,0,0,0,0,0,0,0,0,0,0,0,0,0,0,0,0,0,0,0,0,0,0,0,0,0,0,0,0,0,0,0,0,0,0,0,0,0,0,0,0,0,0,0,0,0,0,0,0,0,0,0,0,0,0,0,0,0,0,0,0,0,0,0,0,0,0,0,0,0,0,0,0,0,0,0,0,0,0,0,0,0,0,0,0,0,0,0,0,0
Asia,Norte,0,0,0,0,0,0,0,0,0,0,0,0,0,0,0,0,0,0,0,0,0,0,0,0,0,0,0,0,0,0,0,0,0,0,0,0,0,0,0,0,0,0,0,0,0,0,0,0,0,0,0,0,0,0,0,0,0,0,0,0,0,0,0,0,0,0,0,0,0,0,0,0,0,0,0,0,0,0,0,0,0,0,0,0,0,0,0,0,0,0,0,0,0,0,0,0,0,0,0,0,0,0,0,0,0,0,0,0,0,0,0,0,0,0,0,0,0,0,0,0,0,0,0,0,0,0,0,0,0,0,0,0,0,0,0,0,0,0,0,0
Asia,Costa Norte,93724,0,209535,14856,31510,10746,4674,13536,9763,47330,20061,33993,12803,22662,67540,65708,30886,23853,24723,111204,6951,115451,18085,0,0,0,0,0,0,0,0,0,0,0,0,0,0,0,0,0,0,0,0,0,0,0,0,0,4,0,0,0,0,0,0,0,0,0,0,0,0,0,0,0,7,20,0,0,0,0,0,0,0,0,0,0,0,0,0,0,0,0,0,0,0,0,0,0,0,0,0,0,0,0,0,0,0,0,0,0,0,0,0,0,0,0,0,0,0,0,0,0,0,0,0,0,0,0,0,0,0,0,0,0,0,0,0,0,0,0,0,0,0,0,0,0,0,0,0,989624
Asia,Sureste,0,0,0,0,0,0,0,0,0,0,0,0,0,0,0,0,0,0,0,0,0,0,0,0,0,0,0,0,0,0,0,0,0,0,0,0,0,0,0,0,0,0,0,0,0,0,0,0,0,0,9240,9240,3080,0,0,0,0,0,0,17146,0,0,0,0,0,0,0,0,0,0,0,0,0,0,0,5375,0,0,0,0,0,0,0,3799,0,0,34620,277877,157954,0,0,0,0,0,1431,6458,81773,120242,212907,260891,133870,0,0,0,0,0,0,0,0,0,0,0,0,0,0,0,0,0,0,0,0,0,0,0,0,0,0,0,0,0,0,0,0,0,0,0,0,0,0,1335903
Asia,Altos Norte,0,2439,0,0,5047,0,0,109,0,0,0,0,0,60039,50188,30107,0,79089,60050,39813,60214,80285,13125,25428,0,88431,0,0,154027,0,48690,45709,64837,67050,78286,69188,121772,74466,33708,177691,83510,13558,96466,0,160035,211625,111146,70118,102955,135647,0,189709,74768,126030,107440,125915,13991,18219,126455,70253,69940,204374,0,256730,185754,377381,177205,14298,233843,356141,201597,578056,327349,625926,770227,967060,943577,831663,0,59416,0,153723,64950,133125,0,0,379,329589,0,0,30758,0,129591,0,385,122067,65823,245207,243589,760294,628455,313711,182209,63604,381626,204303,60313,127209,127224,127209,293,0,0,0,0,0,0,0,0,0,55,0,3700,0,0,0,0,0,0,0,93882,0,44793,151715,149683,0,204975,47614,0,15740219
Asia,ZMG,8516447,12778435,15255289,11303554,11570594,10699791,105087126,13635641,13931060,59670273,94228587,17302760,18038719,17586748,21467795,19037629,19760880,23240534,22454859,23287109,18601198,18886122,18018546,19087074,24403686,23486030,25381819,22676093,19996865,15048089,16380041,32102048,34390268,53149784,14631214,19241010,31018018,18949453,34249597,29923739,28228201,25166344,17667611,22234978,34782642,42818461,53041314,55769133,47323641,92934361,78567016,82772226,85480983,22457782,19835602,22620681,39282504,77682577,88236935,45987265,31911095,26533702,26083244,22962735,67887943,32582728,29015457,29321962,28599453,29492350,29965884,49563332,45446538,53699936,57560359,83900641,77086619,67053428,87434042,92774697,78693078,55438121,129618126,53315591,41759503,46039083,49469534,77569562,58618204,108140877,103964941,100670090,68512702,97423016,70554832,72165660,47732214,59273945,56797188,69185277,61300435,64381543,65543789,167149667,96583065,108183318,116529552,73793501,83994713,90402250,152643770,75842436,67213061,68382530,80821324,100282298,74228724,62215735,86910463,37149750,24801154,74824004,42237214,76087918,39946641,36490228,50323271,69042917,50392235,46929131,49811262,38798204,34886032,37126572,54905743,45725250,52302275,52073242,55535910,7090973096
Asia,( Blank ),7475661,6309438,8050874,7486557,3345812,5102567,4335788,4000768,5157198,3691239,3615480,4358860,4654391,3966527,6202414,13982885,13927041,11086914,10162308,11453617,11876652,12144752,9776912,12060013,10010843,12943864,11645231,13732112,14780972,18234715,16453651,12845902,18315053,15873884,9340888,16026870,11641896,11049289,16215453,11357600,9002726,14557658,12042961,9930999,11702825,15965065,11352121,17490527,13042080,13735884,17032212,14456355,14432706,19962618,12598783,15305756,16027561,13488695,10798146,9458939,24152051,30010327,22559783,14278334,18926403,20815006,18993049,20966003,19550242,16045314,15168331,52100685,90003098,75897135,74776678,87043680,86831764,94710422,194756445,110304294,80186298,102699402,67438004,47196446,68367251,82478859,55744675,82629779,61194266,62210237,60160963,112009538,59240788,56231460,82363024,68609027,81105659,44631937,25708371,24850590,24859248,22005362,22576994,22578602,37834109,22009857,33189783,37762937,32244859,49731469,32738091,41699741,29955812,35005721,36996786,23938302,21437887,19122952,17254383,25183728,16658391,23658682,28318800,24656110,25602555,22796710,25237263,42648930,26639426,25926135,27585019,28930673,35510607,45105195,45942007,45393222,54137872,57360480,61952681,8139596171
Asia,Regiones,103976137,88564988,117015438,81232615,110653299,103467755,203027785,122116152,108336014,167796814,186198877,109573030,123275291,110123964,121423107,125075162,162429482,156546046,149276470,147334280,138894289,134726913,116269773,116924518,128564953,121887326,131840995,127983046,108859886,73446687,58341000,65868043,82629754,95969302,50469317,62584858,59455426,43985452,72485264,58887452,55605643,63416192,53954353,56642180,71598153,84496219,92515405,100776402,86270634,132049387,129891118,130189039,126246184,72278521,64631017,66174990,89931420,123950601,130697116,93707355,91529990,77831633,84510937,68524743,112241229,76125291,83243654,84968884,83708764,84796688,81729851,165026151,199123732,189564823,214449834,240788350,223958960,235057852,347077734,266672235,229160344,225915125,265785663,173141963,191454704,194689147,216017319,234986906,194492201,262915881,256871591,331187245,240699400,242852169,252033771,232393825,213957671,192258158,181506817,226784849,209405121,203507465,250239451,294454741,232980749,255143284,256528538,269346555,276703482,248540112,292358287,259224964,174254514,228330575,258926218,234199969,213725440,198782767,210228519,176947310,183911553,180731651,150770187,186187182,184685836,137957954,169164517,201328925,155499066,204339120,176441276,181826087,176385487,165602541,336913490,196946324,206316011,195299545,249779395,26023873964
Europa,Altos Sur,374752,556042,626204,967135,654174,1197559,573094,2052453,543432,405207,661733,482503,830186,240700,538168,434687,639073,771718,689262,964833,912507,1282895,800120,296860,294235,305778,725113,963402,938940,222724,1187413,1277198,1329160,1721861,1493370,381556,275834,383989,1015642,197752,722330,674972,1318892,1409635,1247637,1652822,1319895,1216091,1716906,1974959,1896544,2519230,1824249,1833824,1995182,1755591,1739454,1728560,4652062,1510500,939753,875967,1775294,1838084,1321415,1689753,2250881,1817181,703751,3568725,3108518,2061484,1820470,4412927,3022198,1263990,1632938,2169382,2443089,1935224,1770494,2242630,1050331,1219878,961256,575020,614206,526685,975409,485181,600859,1020492,1232836,1608902,616346,1068093,947939,631257,1126971,788502,1055764,4537218,872408,1452214,1962408,2134668,2938626,7416342,891031,943637,540784,809476,829931,644668,3244479,1642138,564631,1275470,626302,1861685,1313590,603355,971084,475680,335268,1252754,1544897,1254627,1800901,1067544,1193312,1239329,1726637,1959038,1401417,2014785,1216325,483770,2183622,185914723
Europa,Centro,32916157,19630313,18656173,25477595,29028454,25936813,21447712,25316402,23691745,58537312,69422515,69525145,74928307,66895922,43090978,45929992,44753422,43749159,59456917,53418052,46175162,54771193,45044246,70290667,50582830,30119563,33956472,41902542,43128282,42885560,52906213,26439209,28947962,21613162,21901370,37803425,26719512,16056613,19366929,19061744,16753433,26715381,24266866,22472581,26682981,30470736,25594139,42932950,33280295,23932005,39626414,37261741,30854518,28690098,40268099,29003023,30979052,33520149,26316718,42651175,40191360,26899471,33475617,36563734,30815209,34783532,50523739,32348023,41552459,51429517,41277402,89930950,88263377,81858313,100442796,103888207,98413497,94665018,96881427,90811786,62891534,79128368,103067103,85339751,89868631,65947345,75424482,75022717,70996088,85153016,101292170,83345819,77720043,94988931,78308021,82827406,119816956,105499787,87247620,122744488,102175114,114767697,157794245,115862489,99896365,131630778,126057780,212004694,164251939,91441867,112567902,151006186,70623415,126517187,178483982,122949544,125864679,121031839,119884457,135183009,234601012,125791121,98886471,136113976,90424563,113807202,149034089,134545650,168941736,106430816,110435753,117704295,220020907,97639945,107592652,152794937,123844130,119820920,149749798,10343574728
Europa,Valles,20054,67049,36836,0,8038,238,0,0,1400,0,14333,0,59424,0,28534,55535,40737,0,0,180,28310,8653,48046,3,8617,7038,0,593,47527,0,33673,14045,13297,55159,31570,3727,19008,0,35931,25610,0,19948,20568,44313,4157,125338,211725,33812,109285,16337,34164,139758,93902,102414,256561,209819,204637,224058,142287,72261,223647,198044,155096,305071,241436,93391,138071,204213,349973,531602,219126,263575,95301,229564,334285,117829,259712,444575,338546,192893,253018,406293,387442,290060,98334,123532,60317,89979,596041,429707,425118,123721,273826,153176,110176,285138,832958,399715,566418,544483,167980,189541,236249,612754,515434,298203,624569,610889,830310,103141,336618,353937,720451,1076183,742507,333783,368325,851722,336375,569763,460856,463164,865571,663353,652938,962364,571995,311614,607074,392017,417137,241247,365577,652250,1058853,854249,970629,901064,544048,35998637
Europa,Sur,245726,358721,327649,446611,496202,501240,420794,284747,494290,458052,97930,0,0,0,578,0,0,0,0,0,0,0,0,0,0,0,0,0,0,0,0,0,0,0,0,0,0,0,0,0,0,0,0,0,944355,598543,490322,701619,672967,663258,848769,744551,731689,622739,812285,691976,463007,739206,262426,287809,494907,309303,637375,426078,620268,574766,700884,333385,394726,431671,208813,605472,198011,473394,775865,335679,558685,475048,479195,572906,379318,400590,249049,352490,439978,377003,451317,667304,470592,478066,301567,319079,264562,320666,267564,451168,400441,459550,510734,491578,663770,860640,643474,535327,479489,307003,277896,631719,452826,622076,480210,512527,544791,434517,505424,490352,370667,344802,289613,346664,464031,423356,442165,588444,434438,619205,342301,299641,576864,313608,392752,639823,407199,453666,602881,391244,559616,490544,508058,50810741
Europa,Sierra de Amula,0,0,0,0,0,0,0,0,0,0,0,0,0,0,0,0,0,0,0,0,0,0,0,0,0,0,0,0,0,0,0,0,0,0,0,0,0,0,0,0,0,0,13155,6150,9015,0,29196,22170,6398,16514,33487,7509,26095,24241,8538,20124,10796,9669,8398,17851,20710,2895,15675,20599,44180,37006,14246,10760,22727,13015,9284,6444,25037,29629,27536,19317,11941,26984,31345,11126,6533,23785,15251,24958,14769,10607,26738,23438,47294,9505,39637,23402,4145,12718,16821,16911,9308,21483,7071,32749,12278,18308,20812,6135,6021,6006,17679,3221,12816,15120,11278,30820,10763,7300,16956,14586,9734,22566,1144,12341,18651,15950,34208,16147,28537,15637,10570,5351,7835,7052,0,0,0,4656,10944,4381,19256,11897,4162,1527987
Europa,Sierra Occidental,0,0,0,0,0,0,0,0,0,0,0,0,0,0,0,0,0,0,0,0,0,0,0,0,0,0,0,0,0,0,0,0,0,0,0,0,0,0,0,0,0,0,0,0,0,0,0,0,0,0,0,0,0,0,0,0,0,0,0,0,0,0,0,0,0,0,0,0,0,0,0,0,0,0,0,0,0,0,0,0,0,0,0,0,0,0,0,0,0,0,0,0,0,0,0,0,0,0,0,0,0,0,0,0,0,0,0,0,0,0,0,0,0,0,0,0,0,0,0,0,0,0,0,0,0,0,0,0,0,0,0,0,0,0,0,0,0,0,0,0
Europa,Ciénega,722538,187120,233383,188362,427978,310918,131897,249392,473991,395266,254984,363784,134299,337827,215689,272304,217578,347004,346967,299608,688155,464472,721303,313486,800463,529685,79684,857491,8846245,9065440,8367297,7247481,11196152,9649616,9058641,9914145,6965265,7625370,8465094,8580021,8383439,9181307,257251,420502,394983,311663,68373,644945,129812,74530,275768,210660,56104,193020,262884,139089,77449,134279,375471,132512,93064,83328,119740,481754,180535,158288,94543,397604,198978,344089,187716,286140,212703,343208,167903,340107,299883,289568,596728,297774,494196,623608,681254,527837,879120,183385,467180,1946409,1866948,513651,383055,639877,306810,840240,928135,2073978,1626121,1400198,2373394,3630582,1152968,273199,606795,1393188,221549,1218180,496640,1002349,599833,704578,878930,423580,605926,424113,1117127,919949,717768,822823,60689,16291,3854,0,0,99326,3686,96496,61353,8908,0,31945,54819,284744,399550,541310,1745008,1525394,609125,147687,63896,184163625
Europa,Costa Sur,0,0,0,0,0,0,0,0,0,0,0,0,0,0,0,0,0,0,0,0,0,0,0,0,0,0,0,0,0,0,0,0,0,0,0,0,0,0,0,0,0,0,0,0,0,0,0,0,0,0,0,0,0,0,46080,0,0,0,0,0,0,0,19052,0,0,0,0,0,0,0,0,0,0,0,0,0,0,0,0,0,0,0,0,0,0,0,0,0,0,0,0,6000000,0,0,0,0,0,0,0,0,0,0,0,0,0,0,0,0,0,0,0,0,0,0,0,0,0,0,0,0,0,0,0,0,0,0,0,0,0,0,0,0,0,0,0,0,0,0,0,6065132
Europa,Norte,0,0,0,0,0,0,0,0,0,0,0,0,0,0,0,0,0,0,0,0,0,0,0,0,0,0,0,0,0,0,0,0,0,0,0,0,0,0,0,58088,0,0,0,0,0,0,0,22268,0,0,0,0,0,0,0,0,0,0,0,0,0,0,0,0,0,0,0,0,0,0,433581,2057782,1129616,1393763,950574,1415326,737562,0,1725594,507011,819450,0,796828,0,848278,0,869041,509568,723794,1278752,779104,1401902,0,3083849,1001879,0,1337502,805926,1835736,1263748,1629928,1885886,1755625,1752264,0,695490,1554049,1865427,1641994,1589210,2416953,3230098,2815653,3169658,4616930,3092552,1995988,3201657,2780677,1757155,3958763,2531331,2798211,1187154,573925,1748802,0,0,0,0,0,0,0,0,0,0,0,0,0,84031902
Europa,Costa Norte,6596,24003,9910,17003,2964,32468,19548,0,8164,13174,25484,4796,10595,29415,34584,2786,18585,4353,19456,1732,834,1302,0,0,0,0,0,0,0,0,0,0,0,0,0,0,0,0,0,0,0,0,0,0,0,0,0,0,0,0,0,0,0,0,0,0,0,0,0,0,0,0,0,0,0,0,0,0,0,0,0,0,0,0,0,0,28886,0,0,0,0,0,0,0,0,0,0,0,76603,0,0,0,0,0,0,0,0,0,0,0,0,0,0,0,0,0,0,0,0,0,0,0,0,0,0,0,0,0,0,0,0,0,0,0,0,0,0,0,0,0,0,0,0,0,0,0,0,0,0,393241
Europa,Sureste,135000,420000,1020000,0,0,0,0,0,0,0,0,0,0,0,0,0,0,0,0,0,0,0,0,0,63075,127200,157000,113225,55309,13437,0,0,0,45630,39744,142158,125878,108688,69464,54912,1584,0,0,0,0,22716,87702,194666,292684,114009,153348,48973,26716,0,0,0,0,18906,80656,109018,6427,0,0,5844,0,0,0,0,0,0,40656,0,0,0,0,0,0,0,490525,490525,0,0,24336,64163,169536,194619,170335,173624,41050,0,0,0,70125,0,92585,356668,184214,370075,451033,535867,75108,0,0,0,0,0,0,6847,0,0,0,0,0,0,0,0,0,0,0,0,0,0,0,0,0,0,0,0,0,0,0,0,0,0,0,0,0,0,0,7855858
Europa,Altos Norte,0,0,0,1793,29,271,32384,49025,0,34916,0,46743,66057,243424,0,0,0,900,961,0,41781,0,18338,4112,0,0,0,49797,0,0,44100,515,0,38378,20179,19377,24558,3400,17116,0,0,2826,195375,100488,23711,183363,37940,42356,47776,138838,69243,0,82934,189957,542961,173314,61713,66832,155935,723796,104366,347574,486955,904699,93545,150201,119910,151199,175840,409621,371531,354237,163403,84569,72660,262786,221852,304343,359843,121023,110067,88262,116955,81997,209163,713770,96575,203433,150657,185454,382762,217280,404737,383185,350848,262706,331185,264518,259682,379837,336527,344707,392930,422104,776064,687624,589316,666763,851524,771484,654692,783860,687818,960488,874648,956241,1186218,1199369,1328604,1461857,1127526,1328679,1342359,1453810,77448,68536,37410,169242,195499,83626,87571,76215,0,2197,1534,19968,84823,139,29945,36170095
Europa,ZMG,65594314,60898901,83429345,77016885,79819689,75241468,76301314,86347608,83342407,123812158,119276909,78324498,114405528,103075055,126209751,133319513,148282003,126714035,140687906,116371237,110762106,141107342,116951910,98820637,98370389,82743473,71347693,108106830,92798394,107375005,113135078,74504427,108630434,107885667,81617464,83512497,79603114,67289622,84364731,94902195,71764694,66079464,67779328,59527457,57827283,59057405,56873692,121383529,77623036,72919398,94778953,62347966,60096384,69548336,60895606,61697691,92773375,98366273,122643938,126826432,113411662,109710880,86973991,61902353,58123789,81031901,88360672,87177947,67984907,52983226,115370791,59216173,88821153,79628739,81416353,67727785,68187443,60326810,81941787,88605740,77469876,72276151,59161605,67819537,65377291,57731766,65873856,73111991,74115188,62610827,70854569,63519826,63646038,63538059,62930745,76900848,51971006,52104507,60978047,56791765,54245963,58633693,71860525,52023223,61398314,69880047,49505187,65047143,45240793,46779885,51549357,60966123,52413975,52481062,64637799,48062202,40849796,42832448,27230271,27541752,26810773,29269050,34653416,31840661,33150039,38449719,35213036,33965464,39094591,36353492,31537677,28403653,25812763,28434298,34267328,28910613,39823151,38124172,34636663,10072726934
Europa,( Blank ),18948120,23350273,20739029,22583037,21991095,17396697,14994662,22315084,22304237,20930358,18688464,17392721,42126326,34677137,52122148,27752023,52050228,32809727,32552005,40125997,41059288,44264565,40026950,39760321,41020455,28337995,54996580,49022563,46172563,62890198,45887635,38876443,41638154,50691974,35224529,80516274,34019631,30848081,27292268,35499665,43093371,38635832,38484107,34300787,49477320,37769424,37035135,49133413,34267986,63682985,77778903,63851433,41530182,52292832,62149161,73300324,66737731,56184101,67224710,86509927,72183434,73877653,107819363,76277085,100260530,94891988,79514631,84670941,75198607,82499327,73349661,87949167,102669065,83090516,98023040,101392926,111521837,101126378,94329923,101849327,87372651,99941992,99450221,97268243,103908682,92741501,106396324,102225161,100469617,84247278,96003468,99438529,96088178,110993724,99761655,107470781,111980864,132112005,93590704,109952909,107235261,86087146,111883111,99504548,105418319,93983574,85628084,122066780,74650662,77071122,95748923,97159329,85116367,86757917,89097154,111921037,85292391,106271952,94958128,89014245,78244013,88167275,103049035,88096220,94432533,84523837,90338569,91554469,762088748,1038597088,929592463,536982466,777918135,772675472,639816933,765566995,928812657,863478621,722044724,22667268857
Europa,Regiones,118963257,105492422,125078529,126698421,132428623,120617672,113921405,136614711,130859666,204586443,208442352,166140190,232560722,205499480,222240430,207766840,246001626,204396896,233753474,211181639,199668143,241900422,203610913,209486086,191140064,142170732,161262542,201016443,191987260,222452364,221561409,148359318,191755159,191701447,149386867,212293159,147752800,122315763,140627175,158379987,140718851,141309730,132335542,118281913,136611442,130192010,121748119,216327819,148147145,163532833,215495593,167131821,135322773,153497461,167237357,166990951,193047214,190992033,221862601,258841281,227669330,212305115,231478158,178725301,191700907,213410826,221717577,207111253,186581968,192210793,234577079,242731424,283398136,251544622,285233210,276763952,281874236,259828106,279618002,285395335,231567137,255131679,265000375,252988914,262775038,218598548,250450371,254500309,250529281,235391437,271062309,256049927,240011300,275923450,244384775,271713697,289438494,294069021,248947410,297156508,268750661,267598035,346066174,273564246,270673963,300841573,267689826,411322174,289423728,220042120,265185647,315275936,214369090,272473093,343337006,290382384,257220197,277854648,247496260,257764762,347003069,248593281,243042520,260534771,220113375,241544552,277154220,262114966,973313248,1183277188,1073711484,685571772,1026650768,902362832,786497550,952082566,1095939712,1023458814,909764916,43676502460
Africa,Altos Sur,0,0,98100,98100,196200,98100,346594,324020,204750,596700,201600,0,50400,255750,311959,0,300700,414,336100,344689,515871,624292,151929,191421,248447,95076,0,145152,0,95076,155250,52050,164304,311877,469881,112257,28000,277641,218511,239,0,431514,199743,246593,493465,0,49539,311468,52243,339426,122197,347454,58189,183309,316910,0,2202527,126088,0,190492,332421,140640,281279,137448,141347,130002,465749,1636606,436261,213571,635825,338132,490190,372966,0,57628,259750,0,489150,618477,391319,0,393269,76846,175083,73766,345954,163622,0,0,189675,106127,566526,107398,826565,444928,349995,59531,219216,215723,0,175515,858453,142460,258843,64005,19952,525819,32895,277101,230165,31379,200305,224807,349723,174861,247823,220679,169171,273288,257652,29205,129682,172579,465772,272686,483633,413626,142037,270003,204985,334670,296391,227085,337949,320479,408978,332297,722793,35475341
Africa,Centro,878993,42432,176255,1099241,19742,437098,568367,438356,45665,148160,70716,535529,211629,159066,52013,219361,167846,398219,270266,292813,412123,125514,431393,856974,182230,133791,30422,523137,39468,391278,469701,64185,674250,832458,97283,222795,241764,19444,393087,180729,198761,141349,172465,197896,444913,139897,735203,164619,309800,91420,656438,85904,480271,455461,262822,279573,880029,680224,286204,504212,891974,185161,399057,310939,300935,701082,841504,857033,1104864,1088556,592993,3262733,900319,1446555,1151265,1074963,448732,4249944,2739193,1696436,883668,1258834,2063834,1061165,880722,1269699,2078660,881733,1693400,7170284,1498211,3208948,6275284,1848750,1800584,1479061,865296,2537837,2401210,3092713,2449522,3019589,1550312,3870216,4977278,3173352,5798409,5075220,6330668,3168306,3111277,6174418,538894,4275340,9046511,3492058,3787723,4437650,2039529,2554403,8052523,3430600,2595800,3213998,3561167,1684024,4725487,6263570,3067361,2404597,4296449,5679773,6222431,2376058,3772380,3465906,5233287,2629838,5869245,245630563
Africa,Valles,0,0,0,0,0,0,0,0,0,0,0,0,0,0,0,0,0,0,0,0,6,0,0,0,656,0,0,0,0,0,0,0,0,0,0,0,0,0,0,0,0,0,0,0,0,0,0,0,0,0,0,0,0,0,0,0,0,0,0,0,638,0,0,0,0,0,0,0,0,0,0,2460,0,0,0,0,0,0,0,0,0,2221,0,0,0,0,0,0,0,0,0,0,0,0,0,0,0,0,0,0,0,0,0,0,0,0,0,0,0,0,0,0,0,0,0,0,0,0,0,0,0,0,0,0,0,0,0,0,0,0,0,0,0,0,0,0,0,0,0,5981
Africa,Sur,0,0,0,0,0,0,0,0,0,0,0,0,0,0,0,0,0,0,0,0,0,0,0,0,0,0,0,0,0,0,0,0,0,0,0,0,0,0,0,0,0,0,0,0,0,0,0,0,0,0,0,0,0,0,0,0,0,0,0,0,0,0,0,0,0,0,0,23667,0,0,8309,0,0,0,0,0,0,0,0,0,0,0,0,0,0,0,0,0,0,0,0,0,0,0,0,0,0,0,0,0,0,0,0,0,0,0,0,0,0,0,47138,0,0,0,0,0,0,0,0,0,0,0,0,0,0,0,0,0,0,0,5821,11642,0,5821,0,0,0,0,0,102399
Africa,Sierra de Amula,0,0,0,0,0,0,0,0,0,0,0,0,0,0,0,0,0,0,0,0,0,0,0,0,0,0,0,0,0,0,0,0,0,0,0,0,0,0,0,0,0,0,0,0,0,0,0,0,0,0,0,0,0,0,0,0,0,0,0,0,0,0,0,0,0,0,0,0,0,0,0,0,0,0,0,0,0,0,0,0,0,0,0,0,0,0,0,0,0,0,0,0,0,0,0,0,0,0,0,0,0,0,0,0,0,0,0,0,0,0,0,0,0,0,0,0,0,0,0,0,0,0,0,0,0,0,0,0,0,0,0,0,0,0,0,0,0,0,0,0
Africa,Sierra Occidental,0,0,0,0,0,0,0,0,0,0,0,0,0,0,0,0,0,0,0,0,0,0,0,0,0,0,0,0,0,0,0,0,0,0,0,0,0,0,0,0,0,0,0,0,0,0,0,0,0,0,0,0,0,0,0,0,0,0,0,0,0,0,0,0,0,0,0,0,0,0,0,0,0,0,0,0,0,0,0,0,0,0,0,0,0,0,0,0,0,0,0,0,0,0,0,0,0,0,0,0,0,0,0,0,0,0,0,0,0,0,0,0,0,0,0,0,0,0,0,0,0,0,0,0,0,0,0,0,0,0,0,0,0,0,0,0,0,0,0,0
Africa,Ciénega,0,0,0,0,0,0,0,0,0,0,0,0,0,0,0,0,0,0,0,0,0,0,0,0,0,0,0,0,0,5,0,0,0,0,0,0,0,0,0,0,0,0,0,0,0,0,0,0,0,0,0,0,0,0,0,0,0,0,0,0,0,0,0,0,0,0,0,0,0,0,0,0,0,0,0,0,0,0,0,0,0,0,0,0,0,0,0,0,0,0,0,0,0,0,0,0,0,0,0,0,0,0,0,0,0,0,0,0,0,0,0,0,0,0,0,0,0,0,0,0,0,0,0,0,0,0,0,821,0,0,0,7141,0,0,0,0,0,0,0,7967
Africa,Costa Sur,0,0,0,0,0,0,0,0,0,0,0,0,0,0,0,0,0,0,0,0,0,0,0,0,0,0,0,0,0,0,0,0,0,0,0,0,0,0,0,0,0,0,0,0,0,0,0,0,0,0,0,0,0,0,0,0,0,0,0,0,0,0,0,0,0,0,0,0,0,0,0,0,0,0,0,0,0,0,0,0,0,0,0,0,0,0,0,0,0,0,0,0,0,0,0,0,0,0,0,0,0,0,0,0,0,0,0,0,0,0,0,0,0,0,0,0,0,0,0,0,0,0,0,0,0,0,0,0,0,0,0,0,0,0,0,0,0,0,0,0
Africa,Norte,0,0,0,0,0,0,0,0,0,0,0,0,0,0,0,0,0,0,0,0,0,0,0,0,0,0,0,0,0,0,0,0,0,0,0,0,0,0,0,0,0,0,0,0,0,0,0,0,0,0,0,0,0,0,0,0,0,0,0,0,0,0,0,0,0,0,0,0,0,0,0,0,0,0,0,0,0,0,0,0,0,0,0,0,0,0,0,0,0,0,0,0,0,0,0,0,0,0,0,0,0,0,0,0,0,0,0,0,0,0,0,0,0,0,0,0,0,0,0,0,0,0,0,0,0,0,0,0,0,0,0,0,0,0,0,0,0,0,0,0
Africa,Costa Norte,3505,0,0,11173,0,0,2000,0,3486,771,0,0,0,0,3054,171905,0,7379,0,558,4802,0,0,0,0,0,0,0,0,0,0,0,0,0,0,0,0,0,0,0,0,0,0,0,0,0,0,0,0,0,0,0,0,0,0,0,0,0,0,0,0,0,0,0,0,0,0,0,0,0,0,0,0,0,0,0,0,0,0,0,0,0,0,0,0,0,0,0,0,0,0,0,0,0,0,0,0,0,0,0,0,0,0,0,0,0,0,0,0,0,0,0,0,0,0,0,0,0,0,0,0,0,0,0,0,0,0,0,0,0,0,0,0,0,0,0,0,0,0,208633
Africa,Sureste,0,0,0,0,0,0,0,0,0,0,0,0,0,0,0,0,0,0,0,0,0,0,0,0,0,0,0,0,0,0,0,0,0,0,0,0,0,0,0,0,0,0,0,0,0,0,0,0,0,0,0,0,0,0,0,0,0,0,0,0,0,0,0,0,0,0,0,0,0,0,0,0,0,0,0,0,0,0,0,0,0,0,0,0,0,0,0,0,0,0,0,0,0,0,0,0,0,0,0,0,0,0,0,0,0,0,0,0,0,0,0,0,0,0,0,0,0,0,0,0,0,0,0,0,0,0,0,0,0,0,0,0,0,0,0,0,0,0,0,0
Africa,Altos Norte,0,19906,0,0,0,466,19623,6131,33245,18154,76,2271,0,0,49299,0,0,0,19075,36525,2406,34275,34583,16142,20318,129,0,668,0,0,0,17839,57,58179,0,0,53300,0,0,0,24265,153,0,0,5971,86725,28708,37259,0,27944,19467,23449,42387,32797,43730,32797,0,87460,35267,467991,33954,0,124266,0,175500,0,78802,31922,39175,0,0,79576,39788,47419,0,68586,36652,0,38579,0,0,0,0,48202,76317,37523,38159,38159,40787,146814,83360,41680,81538,0,24377,71675,81538,60921,0,40769,86934,0,43467,114856,0,24993,0,0,0,0,0,0,28743,0,0,0,0,61386,0,31677,0,0,2109,0,0,0,0,49787,91266,1702,0,0,0,23833,139156,0,52445,106470,0,4003900
Africa,ZMG,189843,238932,227277,56052,543532,363987,595875,505029,789655,393327,719587,270133,573679,568994,476028,39207,4950,558367,590002,827772,280265,858155,11071,747970,595160,2751519,9936282,14709859,13138429,2285530,15838666,16869055,15860313,597961,277154,334165,519672,567862,56431,1388209,2524374,323904,204621,79864,341436,195665,339958,1305985,4999304,154382,399009,426868,615717,614865,801995,811478,434841,24487402,987498,5032679,238953,234015,954472,286041,1122227,13830803,6444950,7083896,610469,611195,275372,197139,782071,349443,503465,1267909,1015237,756530,557045,658759,687809,711180,414378,513527,741689,560909,328897,315568,612489,1034757,1785027,2017714,1088082,350838,252069,298538,520767,2119982,1316990,332828,723465,1037096,598654,917135,877223,413562,407908,939926,258187,496758,341466,494596,737050,663586,692177,571377,462890,849068,278779,500152,337757,140340,681406,606375,914696,674094,403242,605754,1687518,801831,51904,480181,256373,222220,75451,906332,1111951,178044,457163,227875507
Africa,( Blank ),21299,8191,31065,17195,34390,56363,55788,62830,11536,0,20019,35200,33238,145340,911051,180829,222996,86758,187765,409824,467401,314572,334474,287922,345040,209780,176326,640640,585921,772592,129086,671553,625391,712804,150427,572012,341043,81555,468342,203013,94073,223617,116990,651484,475266,128718,179950,176898,0,242941,3714438,699540,1502552,1529320,1301344,996060,2108790,490673,120777,3788209,1644,14549179,231355,875288,1601129,3158821,410672,715832,2089442,1186546,556823,2948228,4907949,3802009,1672869,3474265,3108794,6602161,3625935,4663359,2810556,1029750,2347790,3538245,2295384,1134165,7154860,4008561,1992384,2759264,1631222,1830079,2386104,1744013,2917763,582006,7792603,705944,520080,629211,899631,603270,913680,898565,702812,551363,209141,741449,372803,418479,2168165,852787,687234,498400,731200,994818,388378,1162316,848972,4090948,419813,615220,784214,964114,1505311,746200,1571633,1102560,924660,702532,1486622,803197,373957,705745,832925,749187,989756,1636791,2098724,210780442
Africa,Regiones,1093640,309461,532697,1281761,793864,956014,1588247,1336366,1088337,1157112,1011998,843133,868946,1129150,1803404,611302,696492,1051137,1403208,1912181,1682874,1956808,963450,2100429,1391851,3190295,10143030,16019456,13763818,3544481,16592703,17674682,17324315,2513279,994745,1241229,1183779,946502,1136371,1772190,2841473,1120537,693819,1175837,1761051,551005,1333358,1996229,5361347,856113,4911549,1583215,2699116,2815752,2726801,2119908,5626187,25871847,1429746,9983583,1499584,15108995,1990429,1609716,3341138,17820708,8241677,10348956,4280211,3099868,2069322,6828268,7120317,6018392,3327599,5943351,4869165,11608635,7449902,7637031,4773352,3001985,5219271,5237985,4169195,3076062,9946530,5407643,4339060,11111119,5187495,7204548,10397534,4050999,5821358,2876208,9610199,5484215,4457496,4311244,4159552,4835470,3964566,5943232,6816156,4227275,6435410,7282414,6994553,4360644,5898211,7553180,2192226,5662133,10819611,5233114,4886814,6731099,3336451,7450468,9067745,4215365,4193211,4957066,6446946,3377004,7183995,8436118,5912842,4180665,6045781,7316604,7149152,3560762,5157861,5441904,7796417,4883440,9147925,724090733
Oceanía,Altos Sur,0,0,34164,0,0,114700,0,34164,0,90325,0,90716,0,34164,0,34164,0,34164,0,0,34164,0,0,0,89712,24598,77894,0,50805,0,49823,0,0,0,0,0,0,0,139309,0,0,0,0,0,69394,0,0,49823,0,0,92938,0,51835,0,52130,95778,176,4730,265,138146,164,0,150135,44512,99483,35392,89756,41734,307335,40168,35642,0,107464,42667,108331,0,150589,58492,100044,91147,0,42109,97006,87907,103230,0,173475,107204,228527,99526,45936,8,1575,96436,40078,104291,339511,64176,103232,152318,181042,79063,158515,82613,103232,271894,76199,13344,18252,147779,156526,0,152458,91147,40016,170050,115062,0,37520,67395,77536,35024,137243,145950,0,314530,20730,115485,68048,150459,111184,108730,75552,0,121513,262754,0,116411,117826,8818754
Oceanía,Centro,97166,350217,522359,279888,530878,2193845,166488,497384,577372,646151,821080,1664899,774669,174701,1532172,282812,1051218,1640719,246163,1659128,694506,413325,1051241,1478969,867013,896520,238110,867512,1024165,1107127,474345,582199,1355868,1091125,178897,1716682,456459,439781,436458,213188,465920,778138,805209,2733275,3656960,1462074,2263585,2622357,2652252,1138893,2009009,1789808,2030512,2404001,3953101,1604344,1745429,2686090,2208291,4148060,3446676,3039448,1930350,2028701,2009035,4704859,3506343,1731904,7430905,3160920,1811217,5650468,7453294,9685308,8988587,5301477,7228428,9732857,13584092,10333179,12452366,6135195,10840661,17478239,10104856,7234492,17277727,13263116,12365063,21211012,15538656,15518055,10375918,12207379,5977040,6767581,4076254,7079141,6755983,7563600,7515803,7360857,7658334,5421541,7568864,7048043,6610058,8658643,3973217,4420540,3739974,8199318,5049763,22458951,19615017,8555436,12334373,15525265,9850633,16183652,13034016,6996358,14922310,3255363,9179539,13612449,6092940,8250306,12128956,9771327,10136895,4971402,14763991,8799083,7312748,4057337,4312773,25738327,11481417,783996260
Oceanía,Valles,0,0,0,0,0,0,0,69465,0,0,0,0,0,0,0,0,0,0,1774,0,0,0,0,0,0,0,0,20702,0,0,0,0,0,56332,0,0,0,0,0,0,0,0,0,0,0,24872,0,0,0,0,0,0,0,0,0,0,0,0,0,0,0,0,0,0,0,0,0,0,0,0,0,0,0,0,0,0,0,0,0,0,0,0,17180,5,0,15,48,0,282,0,52007,16583,69464,0,48,49228,70335,0,0,0,3209,3067,22368,0,11750,0,0,19728,1188,0,0,25620,5930,0,126180,0,0,43425,0,5091,37800,2150,0,19867,0,4517,72379,40186,566,3581,0,18397,0,58440,0,18193,14910,24138,0,1031018
Oceanía,Sur,0,0,0,0,0,0,0,0,0,0,0,0,0,0,0,0,0,0,0,0,0,0,0,0,0,0,0,0,0,0,0,0,0,0,0,0,0,0,0,0,0,0,0,0,0,200,0,0,0,0,0,0,0,0,0,0,0,0,0,0,0,0,0,0,0,5396,0,0,0,0,0,0,0,0,0,0,0,0,0,0,0,6350,0,0,0,0,0,0,0,0,0,0,0,0,6350,0,0,0,0,0,0,0,0,0,5412,4241,0,687,6652,4241,0,0,9653,4241,8482,16482,38034,27324,26524,18216,0,10240,18612,0,0,0,18216,10240,0,28456,0,27232,0,0,10205,0,9402,18216,0,339304
Oceanía,Sierra de Amula,0,0,0,0,0,0,0,0,0,0,0,0,0,0,0,0,0,0,0,0,0,0,0,0,0,0,0,0,0,0,0,0,0,0,0,0,0,0,0,0,0,0,0,0,0,0,0,0,0,0,0,0,0,0,0,0,0,0,0,0,0,0,0,0,0,0,0,0,0,0,0,0,0,0,0,0,0,0,0,0,0,0,0,0,0,0,0,0,0,0,0,0,0,0,0,0,0,0,0,0,0,0,0,0,0,0,0,0,0,0,0,0,0,0,0,0,0,0,0,0,0,0,0,0,0,0,0,0,0,0,0,0,0,0,0,0,0,0,0,0
Oceanía,Sierra Occidental,0,0,0,0,0,0,0,0,0,0,0,0,0,0,0,0,0,0,0,0,0,0,0,0,0,0,0,0,0,0,0,0,0,0,0,0,0,0,0,0,0,0,0,0,0,0,0,0,0,0,0,0,0,0,0,0,0,0,0,0,0,0,0,0,0,0,0,0,0,0,0,0,0,0,0,0,0,0,0,0,0,0,0,0,0,0,0,0,0,0,0,0,0,0,0,0,0,0,0,0,0,0,0,0,0,0,0,0,0,0,0,0,0,0,0,0,0,0,0,0,0,0,0,0,0,0,0,0,0,0,0,0,0,0,0,0,0,0,0,0
Oceanía,Ciénega,677700,447329,346513,248878,442652,538414,298312,213444,506015,607417,228846,412884,1246200,1213439,595848,862317,367595,440937,292500,170704,127904,312439,196275,646349,398568,411689,525237,776459,1158199,997841,612882,1665738,1041227,763481,402264,141509,431640,791528,1799397,1119758,722799,730059,0,0,0,0,0,0,0,0,0,0,0,0,0,0,0,0,0,0,0,0,0,0,0,0,0,0,0,0,0,0,43344,0,0,0,0,0,0,0,0,0,0,0,1743,0,0,0,0,0,0,0,0,0,0,0,0,0,0,0,0,0,0,1513,0,0,0,0,11484,7577,0,0,0,0,0,0,0,0,0,0,16027,0,0,0,0,0,0,0,0,0,0,0,0,0,0,0,0,0,0,26012871
Oceanía,Costa Sur,0,0,0,0,0,0,0,0,0,0,0,0,0,0,0,0,0,0,0,0,0,0,0,0,0,0,0,0,0,0,0,0,0,0,0,0,0,0,0,0,0,0,0,0,0,0,0,0,0,0,0,0,0,0,0,0,0,0,0,0,0,0,0,0,0,0,0,0,0,0,0,0,0,0,0,0,0,0,0,0,0,0,0,0,0,0,0,0,0,0,0,0,0,0,0,0,0,0,0,0,0,0,0,0,0,0,0,0,0,0,0,0,0,0,0,0,0,0,0,0,0,0,0,0,0,0,0,0,0,0,0,0,0,0,0,0,0,0,0,0
Oceanía,Norte,0,0,0,0,0,0,0,0,0,0,0,0,0,0,0,0,0,0,0,0,0,0,0,0,0,0,0,0,0,0,0,0,0,0,0,0,0,0,0,0,0,0,0,0,0,0,0,0,0,0,0,0,0,0,0,0,0,0,0,0,0,0,0,0,0,0,0,0,0,0,0,0,0,0,0,0,0,0,0,0,0,0,0,0,0,0,0,0,0,0,0,0,0,0,0,0,0,0,0,0,0,0,0,0,0,0,0,0,0,0,0,0,0,0,0,0,0,0,0,0,0,0,0,0,0,0,0,0,0,0,0,0,0,0,0,0,0,0,0,0
Oceanía,Costa Norte,0,0,0,0,0,0,0,0,0,0,0,0,0,0,0,0,0,0,0,0,0,0,0,0,0,0,0,0,0,0,0,0,0,0,0,0,0,0,0,0,0,0,0,0,0,0,0,0,0,0,0,0,0,0,0,0,0,0,0,0,0,0,0,0,0,0,0,0,0,0,0,0,44,0,0,0,0,0,0,0,0,0,0,0,0,0,0,0,0,0,0,0,0,0,0,0,0,0,0,0,0,0,0,0,0,0,0,0,0,0,0,0,0,0,0,0,0,0,0,0,0,0,0,0,0,0,0,0,0,0,0,0,0,0,0,0,0,0,0,44
Oceanía,Sureste,0,0,0,0,0,0,0,0,0,0,0,0,0,0,0,0,0,0,0,0,0,0,0,0,0,0,0,0,0,0,0,0,0,0,0,0,0,0,0,0,0,0,0,0,0,0,0,0,0,0,0,0,0,0,0,0,0,0,0,0,0,0,0,0,0,0,0,0,0,0,0,0,0,0,0,0,0,0,0,0,0,0,0,0,0,0,0,0,0,0,0,0,0,0,0,0,0,0,0,0,0,0,0,0,0,0,0,0,0,0,0,0,0,0,0,0,0,0,0,0,0,0,0,0,0,0,0,0,0,0,0,0,0,0,0,0,0,0,0,0
Oceanía,Altos Norte,51172,2477,136,0,48249,0,52579,56778,0,96201,0,77605,0,0,54671,54981,949,0,0,641,57970,29321,1227,57995,0,19,0,64122,0,0,55896,0,0,59229,54880,2742,0,71374,668,50,66901,0,300,0,100582,56995,66673,0,0,0,66404,73828,0,33231,62793,0,71621,0,29850,68157,0,16278,64740,64947,69971,0,191,70565,0,63635,61669,71914,0,0,6180,1795,0,0,70327,0,61650,0,0,0,0,56567,64874,0,127317,196,80105,285,279,0,0,195637,0,2215,63617,0,0,73747,75361,123093,0,144014,2254,86,0,0,67756,62759,189,6356,5797,0,79509,66012,60169,27744,5689,29537,2459,132196,0,60095,0,63314,0,0,123796,0,0,69184,2435,75387,0,69614,0,4292773
Oceanía,ZMG,771588,915919,1187336,774651,1673626,995770,1111865,1330678,1259415,2338039,2032230,2628006,3641541,2162728,3021729,2691001,3122447,2924387,3843154,2884371,3718605,6006017,4797591,5603937,5494497,4023689,3541023,4409285,2948097,5199065,4046924,3216531,1568473,2076749,7388435,5110215,6105987,3590466,3360760,3827962,3890017,3948067,2984784,2220843,2066658,1632096,2969187,3879068,3985245,1429257,2187284,2610122,562943,1389420,863965,3286121,8800384,11284923,4573432,6860869,5915910,4568973,5318280,7651674,8427187,8896240,7174284,1288899,2388831,4626374,2087244,1139889,7548409,6690006,6680038,8402498,7477306,8730116,10091591,9814183,10903432,7751829,11057665,10036289,8240467,5268011,1105979,898174,1639245,1143748,944694,1807301,1368324,2058032,1571131,777591,1272814,433665,1460065,987007,685156,560420,1010644,1214419,907785,876629,883350,1074794,455515,616898,644104,946220,399004,1054804,569400,976651,989408,1771551,1160446,928697,359377,302128,1158605,491063,269423,936804,1332201,629843,517757,1207543,827937,1033775,684928,299752,483332,463347,846896,1368179,615011,425966626
Oceanía,( Blank ),176969,176835,224596,223204,389116,682600,532071,374446,339897,710373,407563,1034230,680564,701402,755325,1340457,722550,691036,1621623,1200910,644148,1078665,887250,723906,482766,394465,890178,667268,431818,468774,1060307,921090,1185599,751575,632737,445896,410199,1197224,346096,582360,494712,464492,827056,1258260,513220,689430,469460,571820,379090,489761,810765,727953,611742,1027660,1244497,954966,709495,900924,535927,740346,921024,627247,1163875,901362,1460987,1048386,313847,434339,330089,287156,283451,1310237,919175,1214465,947998,1187273,2090703,997044,1914797,1818018,973270,943825,913985,773889,621084,2585294,4417135,4583433,1736001,1650123,2529664,5413428,2013054,1509852,681436,948244,2043625,1299075,1438867,1032773,1751044,1191306,1084572,2248947,1714117,1793263,697073,1778151,1292300,734683,1030992,1706408,1777692,832245,2301021,1060631,895010,897584,794055,796935,685021,463345,1007847,1989214,379426,883953,845967,1291923,937105,817209,388129,1543078,4473863,5131607,4318804,13001841,10400880,7481657,4009756,375867175
Oceanía,Regiones,1774595,1892777,2315104,1526621,3084521,4525329,2161315,2576359,2682699,4488506,3489719,5908340,6342974,4286434,5959745,5265732,5264759,5731243,6005214,5915754,5277297,7839767,6933584,8511156,7332556,5750980,5272442,6805348,5613084,7772807,6300177,6385558,5151167,4798491,8657213,7417044,7404285,6090373,6082688,5743318,5640349,5920756,4617349,6212378,6406814,3865667,5768905,7123068,7016587,3057911,5166400,5201711,3257032,4854312,6176486,5941209,11327105,14876667,7347765,11955578,10283774,8251946,8627380,10691196,12066663,14690273,11084421,3567441,10457160,8178253,4279223,8172508,16071730,17632446,16731134,14893043,16947026,19518509,25760851,22056527,24390718,14879308,22926497,28376329,19071380,15144379,23039238,18851927,16096435,24104605,19191062,22755660,13828614,15871699,8276083,8842572,7802539,8878272,9821764,9735698,10136254,9268460,10009794,9092126,10311160,10138084,8268934,11545433,5758608,5931718,5639352,10940325,7394689,24447744,22665913,10779250,14451396,18331161,11929347,18027730,14215466,7838782,17247076,6033653,9828388,15812348,8382433,10401297,13652432,11978575,11587941,7702614,19998334,14358066,12249037,17878859,15584861,34816542,16224010,1626324825
América del Norte,Altos Sur,1370564,1714307,3991886,1618561,3328736,2411043,3501072,2471016,1816332,3230831,2679612,2021836,2681964,2234659,2740789,2855226,2576752,2813758,2749239,2882407,2485376,2519239,2014159,1160461,4963009,2139608,2521594,1928170,2810775,2636737,2413910,3482408,3930014,3782241,1428118,2525195,2199487,2009559,1521694,1176978,3311370,2051640,2305316,2323796,4027841,3016599,2396168,3019881,2586483,1909573,4082672,5155737,4367053,5595618,4067096,4930936,4322053,4390674,5357951,6334879,3427117,3258809,4472782,3295025,3195300,5154605,4338482,3904809,2812608,2678346,3040881,3558034,2944014,4098068,5154930,5118931,4446521,3621133,5742257,4715445,4206641,4004219,3168488,1783585,2897448,5788006,3073350,4482393,4547147,2194521,3010303,2966463,2086150,2549377,3160978,2768970,2705496,2846764,4188573,3552062,3470349,4440156,3424606,4403181,4256442,6757072,8786486,6386114,5431921,8382645,5688784,4146032,3953576,3439728,3922967,3321035,4748082,3522907,5164717,2507541,2814610,3315402,4267985,4981477,5095041,6945294,10493560,5913777,6696527,6625370,6335317,4923509,4439373,6006117,7506602,5425429,5693512,8907542,7979531,532371982
América del Norte,Centro,368103474,355899115,389983833,337783509,429837752,374741684,321568372,369086863,384915392,431018396,364159237,377163697,381194540,357120115,421829923,382222256,1575299251,391883582,415668731,442835135,398758209,469201275,379901317,416012224,444023433,413509770,466157733,436374522,384277628,408244398,391278413,348847117,419285658,376856480,345072804,322621535,215183291,215173719,332307087,285743262,259640596,314383507,272304388,254114507,372546072,307810829,313460656,374794935,256896896,279014734,364498207,279625722,306313593,346531702,306226038,370407987,324107600,404322780,361598558,398937703,333000095,333600900,368690043,348479508,366732275,336172143,339715579,335752536,395528749,375178566,386251834,416974584,396190470,399381761,596952582,538016277,510305387,538313468,486677271,544130018,517897776,644183435,575410696,636550034,467078997,492951592,554967312,560033894,576421980,579352677,594053371,594575515,612094178,666538966,625968626,737352573,495492873,591354542,643405447,831699946,746038607,789896428,864123050,820372980,1418392312,1062098310,864265475,1064610558,732118620,819376674,794014292,935759465,827720733,905548334,1104080736,919048158,960578964,1013943579,991778289,1095654492,1024672242,1040538546,1003515178,1053487772,1007515188,992232892,969524622,1027427442,943468456,973947804,986232199,1005723197,912377352,938192743,1115613532,938536258,1104396370,1061010892,1089019056,81068961354
América del Norte,Valles,443443,777127,770446,1293691,1411333,1576342,1297335,1955476,1524543,581357,1000722,621569,337604,487717,930462,753654,1218949,583201,789473,1477242,630600,420189,1189525,579605,931076,542727,856192,1887552,1777700,1454488,3370003,3103284,1310268,2425071,2902841,3168561,3528028,2014700,2813297,2351056,1942641,4813383,2850689,1253308,1783278,3712670,2520482,2147002,1314415,2163168,3576931,3228168,3845061,4559684,3818318,5397837,4279830,3941220,4142848,6201724,5589271,5147719,4942201,3183840,4396134,3332775,2823283,3925027,3323835,2708905,2880393,4172689,4790130,5762867,6796901,7197345,6163445,4193334,4455467,3654501,3385627,4223744,4355685,3783985,4133746,3208710,3961932,5132543,4392187,4535194,3416300,3934261,3701584,4209168,4476268,5231601,4693294,4275188,5237091,6041191,4574417,4923910,4486402,3885618,4290062,4041722,3872242,3869556,3175279,4624253,5484225,5182326,4380421,5618839,5200995,4075702,3528355,4575431,4475594,4545465,4268073,3955141,4759312,5290421,6341639,5636251,6068292,5623432,6741752,6759485,5308244,6398004,5398834,3965365,4977064,5225971,7786629,7177151,5888273,496730570
América del Norte,Sur,444792,343393,546259,377520,481456,377081,462112,371512,480010,317801,358833,236072,395721,348653,412556,371844,267835,195879,91790,65929,107687,551669,304198,553893,712321,647086,540444,331064,360740,248882,150407,50382,98372,219366,264967,721191,711702,603160,410510,156765,52533,106712,180955,190742,752172,1073251,1177423,642166,874395,743330,1151827,1022670,851658,1798899,1459623,1054174,703592,651405,551513,968258,787829,876575,1216686,841617,820386,1511822,1438383,784467,548458,785003,1432546,888500,1015239,1304592,1024234,908379,674394,412139,316632,297702,638295,1322792,1046284,1209292,1167071,1098562,1314928,1009811,1027330,683422,918255,1791841,632240,2182773,5455700,2145033,616580,1527335,1176325,1254084,1215349,1018390,245908,323853,323980,349099,921830,1481751,1458907,844292,571268,732698,508530,230157,299275,450124,745843,522573,1062438,1137379,822607,1588166,1787000,1652239,737121,1097219,558708,1381356,839177,838894,1254380,1356034,649353,2495769,1531456,1329150,1292157,970306,1146433,114573846
América del Norte,Sierra de Amula,0,0,0,0,0,1344930,1037475,0,0,0,0,0,450231,127239,0,0,0,0,0,0,0,0,0,0,0,0,0,0,0,0,0,0,0,0,0,0,107897,17125,0,0,0,0,1506,3421,0,22275,0,0,0,11589,7450,0,22248,19867,16415,1568,0,10004,2082,8179,0,10477,5902,2681,19096,0,21936,5668,0,32655,0,21042,0,0,2677,0,27122,25778,25622,7591,0,18857,23745,0,2130,6072,41498,27785,9415,30298,16711,6867,76562,48186,0,39986,28394,1014,55297,38446,4792,43275,49498,45506,18719,43196,31889,24370,1310,43634,40782,37689,24061,33559,47798,51495,33586,23250,24312,25166,1990,40225,30338,54288,26432,28063,15880,151151,40292,39279,61211,19309,68663,34173,74294,24311,35809,69062,27400,5381056
América del Norte,Sierra Occidental,0,0,0,0,0,0,0,0,0,0,0,0,0,0,0,0,0,0,0,0,0,0,0,0,336837,325606,284839,458454,336133,98133,206890,92778,375049,219200,145263,352980,338036,366630,216876,21587,0,0,0,0,0,0,0,0,0,0,0,0,0,0,0,0,0,185211,205126,184501,152224,164221,163801,184408,99160,60475,37439,11855,69310,191496,158053,206002,129323,153789,170189,281076,63541,38926,31984,22362,120155,185618,137567,198510,142101,147378,142593,131743,118415,91066,112611,0,0,0,0,0,0,0,0,0,0,0,0,0,0,0,0,0,0,0,0,0,0,0,0,0,0,0,0,0,0,0,0,0,0,0,0,0,0,0,0,0,0,0,0,0,0,0,0,8667516
América del Norte,Ciénega,28460857,25581903,24080264,20778451,18024689,14341711,11811093,14991644,9611583,19457641,34633837,32640767,37789011,37230674,28613001,34874178,35493053,17853795,12046827,11488297,12948303,15954770,39529648,47692988,39577410,35861786,28977583,40742718,37042610,21229793,13940818,9402783,14799740,15443074,36669439,48527839,43871820,49224940,42174493,31802214,41813419,25346268,7184244,6247408,8356468,16736769,54783050,42808709,31217211,46984047,53359890,44651323,50517182,24179492,9590914,10116742,7636113,12643714,47745895,58409926,33305541,52883814,60119942,62119680,60900208,23291086,10643817,15772763,9405436,19505427,79676599,56872473,79544005,74135356,69609346,72825111,97955224,20732099,6470367,7912111,7077831,34945837,72052657,87070247,76312561,76422327,72275742,89439023,76967959,26148153,12816271,10344646,9127963,39738882,72862323,97395340,70856745,101076015,107246668,77269420,100410470,18680092,7454739,7123580,8675289,41312304,82413413,115036778,83746030,110757223,115736418,117838477,94690600,26303927,4668312,8356442,12901797,60735246,133956895,158391393,110324927,137468668,205245597,132735419,126065793,61205722,5844263,6708287,10908879,31230641,123018841,148567192,124935135,166777898,227412514,178399142,142566679,19221548,4849518,7099349830
América del Norte,Costa Sur,352176,468842,855859,635300,124806,0,0,10200,0,0,0,252819,360283,371672,558788,410499,182568,61788,94752,67836,0,8232,88788,378608,671217,613977,947502,611529,127259,121668,161892,137916,67152,300163,349356,619615,972440,1130474,1648377,1004222,389250,315074,313585,172738,30605,56785,403291,447078,250135,664444,572967,883809,397732,206326,166398,113388,76501,175136,193917,488345,799761,808364,939856,774523,556614,160056,145164,70668,65183,206078,137095,211003,444757,426342,492779,461811,249640,14706,14760,13578,7068,14982,37093,120824,256294,188713,496743,465588,114890,49230,40651,13290,6520,0,17275,92519,33703,127952,194918,434735,29005,0,0,0,0,0,0,0,0,23000,0,0,0,0,0,0,0,0,0,0,0,0,0,0,0,0,0,0,0,0,0,0,0,0,0,0,0,0,0,30843805
América del Norte,Norte,78953,40235,39658,38234,77164,118252,118260,79131,40240,82073,36550,41632,42520,42043,40113,80782,124059,42316,40746,119282,80563,41085,78153,40661,79025,78970,39042,73685,44407,86176,129673,144435,201663,103797,154084,83148,571688,35434,2233701,1355364,537152,1168788,1091086,269314,733987,386283,610177,122136,623146,933029,806325,414186,772651,184553,358585,655713,146999,814380,969592,87523,588107,2850466,3716953,2007571,5044000,3180906,1077194,952963,1176905,3227483,247004,1401947,210238,193097,7711,85353,211822,174818,246370,213646,217768,265812,182119,82745,230067,40196,330235,143883,284496,286952,265658,293799,130215,545472,191342,135658,309035,195575,323444,391363,400184,286062,451183,410595,183223,243089,445343,580964,391914,412676,709762,356108,124080,102497,194262,169829,154088,230910,33838,42282,117735,111262,74954,1050969,167706,34416,1445952,3163807,4309498,2966127,3275052,2873469,3592884,3083162,2752294,2635701,4164083,3803070,2830201,98698220
América del Norte,Costa Norte,36030299,30095193,43371666,33460134,42173986,38652157,36647656,50229294,37603391,47662805,33786864,37570181,40586419,39231110,42003434,48092169,40880389,41730522,49799232,41596329,35950904,43954013,13040062,11967021,7529907,0,0,0,0,9285,0,23070,0,0,0,0,0,0,0,0,0,3667,1,0,16169,41787,166448,113925,40626,32141,265218,0,8468,173541,410273,5,4000,537,0,0,450,730,7801,135804,525,255354,268952,138915,1141,834,240,3273,105,175,117,130,92,0,0,0,0,0,0,404956,0,125572,0,2700,0,0,0,79023,0,33367,0,0,6831,0,0,0,0,0,0,0,0,0,0,0,0,0,0,0,0,0,0,0,0,0,0,0,0,0,0,0,0,0,0,0,0,0,0,0,0,0,0,0,0,0,0,926421371
América del Norte,Sureste,1177800,987700,2200277,1604319,1324070,1040410,1155840,125155,0,0,0,0,0,0,0,0,0,0,0,0,0,37377,1037201,1359695,169910,384905,405690,499925,823127,606021,373450,480900,160599,334478,829491,782307,914052,329103,440812,684580,819361,1421808,1542353,986524,780565,352223,376587,572985,814426,736007,876465,1917553,2459021,2790267,57600,4513609,7716303,14099031,15779261,10923325,3682330,3038978,4511068,5072176,3590651,1608964,2219768,3677177,6586068,4174802,596057,1576315,1652906,3012612,4465112,3900550,1107209,5906179,11375991,2741707,720623,1301932,1134909,1474738,1586468,2336432,1672279,2591960,2287112,1956757,2809403,1750239,4514901,4166760,1402538,2659826,1977091,2011967,859266,1011402,623829,33459,60186,0,0,6064,302378,957844,863986,922881,615090,700581,552867,380443,199007,1052173,1297299,45760,0,0,0,0,0,0,0,0,8579320,13580737,2832088,0,437676,170365,844070,385959,0,37963,625534,695561,2048432,243379239
América del Norte,Altos Norte,2669208,2406756,2552957,2562855,2965254,2760258,2720816,1869940,1809951,4606979,4126375,6029728,2974592,4309151,2694455,5075768,3319883,4218850,3314820,2179166,1463223,1184420,1372668,1907649,1281631,2369245,1809157,1865733,1892130,1156589,1691336,1477417,1484752,1419420,1563749,1838375,1482591,1030612,1242390,1087492,1314592,1113629,872081,877017,937195,1373358,1030595,1087694,1162289,1320044,1283452,1623352,1593064,1986588,1996301,1258036,1108697,985702,1253279,1348778,1421843,1659668,2198531,2252672,3999994,3451324,2360384,1484544,1787620,1411314,1086026,1155395,1319765,1856201,2533943,1987373,2182741,2204493,2660273,1325818,1373458,1200319,1357559,1086403,1499871,2331535,2399507,2483540,2654103,2608175,2340109,1792398,1697648,965937,1326665,1788845,1138391,2285045,2354087,2280239,3215774,2664393,3069599,1917140,1376156,1959702,1973178,2355888,1731103,3003721,2222704,2359304,2585901,3019493,2496420,1232504,1688463,1918679,1991279,2616404,1786872,3944856,4161143,3258002,3033945,2836887,2056572,1837401,1532349,2215821,2335807,1939134,2603828,3481138,3934494,2749374,3844905,2492938,2427956,296489008
América del Norte,ZMG,459481829,420468437,501581893,1021513416,541124447,522371297,511494205,542459381,583854994,667901402,649257055,687198727,673689009,665863720,654920526,555126290,929802249,793675447,873517183,826599426,857918070,879948358,851974464,1012656351,998409438,919716707,1106320636,1148866486,854039538,1085892012,1118180544,1088102589,1244726921,988374189,1020902759,1058803774,856846191,1077341846,1020907128,857570468,920168480,1159875012,923836064,921029613,1065326487,988711874,1064363073,1252947311,1056245588,1127049804,1124565801,1012443766,1233271305,1191488733,1179997206,1397902129,1306462402,1127389421,1245015411,1296723409,954736398,1037544749,1182200588,979197148,1173611409,1113464097,1008225694,1172940902,1184916914,1007071044,1073966957,1117088693,992007762,943844573,1086374132,1055337605,1034834522,1156398053,1061687602,1083734698,1104065187,993707809,976094593,1047369585,936552272,910695653,807616352,948914178,1120497204,1086753165,1069328433,1152259846,973653224,923004153,988471415,969572690,897226329,733930897,868416865,807185717,773222244,882562909,879330523,898523029,893773931,910291397,792624614,896225662,853564900,800463175,891198009,1023618013,809918820,897838545,909767289,853095795,898613716,832910812,861960407,863000114,786635004,712995704,769134193,859828376,846537940,919273053,885228385,925898470,711635182,509464325,591749446,498789325,523862855,530914039,542110078,513500260,628928170,527622754,486356765,1.26652E+11
América del Norte,( Blank ),152763190,149582682,180327402,166351009,177402769,145902940,130083314,156151519,139492684,168103060,139509645,140797030,352785311,357611243,397090919,388339151,418548753,372698974,381737208,370185025,332004442,413843803,352064146,374423623,440856206,431158493,369908430,385948065,351213019,378525162,389994259,370243606,380261401,410560225,293511239,300084012,282957152,266903113,295228162,317491592,307472255,404594171,338185958,349960801,368619207,341599315,441929616,359738470,325431990,409774495,502340441,476747317,404995260,422658575,386232795,377408373,386724266,475265630,455888806,440092446,653660714,734528701,885922077,903374713,927939833,854638145,826453446,919726557,847110632,928003324,843984585,759336912,791418199,838986871,859592101,908442038,879115913,852658209,869148239,839592814,773480156,913137344,787905198,745900026,761262432,807709491,899347809,1042124494,884658129,861977932,1001141230,859506086,931140891,1019902133,829643438,907575247,861130083,945629022,1139732769,1074690763,1043975095,1037179321,1084917083,992972874,1028564342,1160208690,905196856,1044868350,893895750,821079866,1070992440,1353359756,1069233388,1120190202,1098493169,1092190185,1160473230,1348023690,1064632892,1146494994,888899912,1258977726,1350164809,1292336715,1271442118,1222845651,1204713126,1163106635,1486151900,1123255475,974211572,1065712448,897618619,1224420734,1107507938,1272471522,1308478904,1278831411,1151852830,1.75848E+11
América del Norte,Regiones,1051376585,988365690,1150302400,1588016999,1218276462,1105638105,1021897550,1139801131,1161149120,1342962345,1229548730,1284574058,1493287205,1464977996,1551834966,1418201817,3007713741,1625758112,1739850001,1699496074,1642347377,1827664430,1642594329,1868732779,1939541420,1807348880,1978768842,2019587903,1634745066,1900309344,1921891595,1825588685,2066701589,1800037704,1703794110,1740128532,1409684375,1616180415,1701144527,1500445580,1537461649,1915193659,1550668226,1537429189,1823910046,1664894018,1883217566,2038442292,1677457600,1871336405,2057387646,1827713603,2009414296,2002173845,1894397562,2173760497,2043288356,2044874845,2138704239,2220708996,1991151680,2176374171,2519108231,2310921366,2550905585,2346281752,2199769521,2459148851,2453332859,2345175277,2393458270,2363466862,2271666913,2273156304,2633176754,2594561979,2537337573,2584693335,2448852835,2488361991,2413190585,2598512700,2422906593,2527034930,2253121458,2303050239,2347640280,2656983535,2673980367,2566667542,2690269306,2629314274,2538862076,2663885174,2532976568,2726758288,2336214845,2385261316,2773190750,2805849368,2677180115,2741728395,2847612777,2729978356,3359854456,3187310645,2660833704,3136397835,2576379720,2569934040,2887273774,3444090449,2813692977,2962705724,3129370230,2883043442,3044763423,3266452837,3065080661,3274415230,2820343972,3162935696,3343140509,3354675678,3266962923,3212135448,3094528680,3154792495,3175156100,2657343221,2694219745,2736471986,2476390966,2879757097,3013420266,2920335081,3207812752,2910802235,2754426395,3.93421E+11
otros,Altos Sur,26626,48375,48,0,0,0,0,8978,0,0,54485,39719,0,32727,27000,27833,48225,23814,8400,0,31413,3149,10627,16086,4680,55263,12806,26534,43722,49176,13220,12932,27088,14751,36231,23833,0,6175,4243,29060,10173,0,0,7825,5206,7866,10341,5712,0,17952,9361,4473,1556,0,24350,0,5691,4546,0,2133,7374,0,7024,0,1641,0,1220,0,0,0,9993,0,9556,2169,2306,4951,2001,34410,1565,1986,0,3173,0,0,4075,3733,0,0,5861,0,0,3487,1329,3091,0,3943,0,1744,0,2585,1403,0,2713,0,6692,0,0,0,0,2250,2035,2689,0,1642,0,0,0,0,0,0,0,0,0,0,0,0,0,0,0,0,16957,0,0,10688,0,0,0,0,0,1050688
otros,Centro,0,0,0,0,0,0,0,0,0,0,0,0,0,0,0,0,0,0,0,0,0,0,0,0,0,0,0,0,0,0,0,0,0,0,0,0,0,0,0,0,0,0,0,0,0,0,0,0,0,0,0,0,0,0,0,0,0,0,0,0,0,0,0,0,0,0,0,0,0,0,0,0,0,0,0,0,0,0,0,0,0,0,0,0,0,0,0,0,0,0,0,0,0,0,0,0,0,0,0,0,0,0,0,0,0,0,0,0,0,0,0,0,0,0,0,0,0,0,0,0,0,0,0,0,0,0,0,0,0,0,4658,0,0,0,0,0,0,0,0,4658
otros,Valles,0,2340,26936,31252,15278,44730,29131,0,11391,0,0,0,0,0,5821,6945,0,0,0,0,0,0,0,0,0,0,0,0,14100,0,0,0,0,0,0,0,0,0,0,0,0,0,0,0,0,0,0,0,0,0,0,0,3487,0,0,0,0,0,0,0,0,0,0,0,0,0,0,0,0,0,0,0,0,0,0,0,0,0,0,0,0,0,0,0,0,0,0,0,14190,0,0,0,3840,0,0,0,0,0,0,7074,0,0,0,0,0,0,0,0,0,6864,0,0,0,0,0,0,18327,0,0,0,0,0,0,0,0,0,0,0,0,0,0,0,0,0,0,0,0,0,0,241705
otros,Sur,0,0,0,0,0,0,0,0,0,0,0,0,0,0,0,0,0,0,0,0,0,0,0,0,0,0,0,0,0,0,0,0,0,0,0,0,0,0,0,0,0,0,0,0,0,0,0,0,0,0,0,0,0,0,0,0,0,0,0,0,0,0,0,0,0,0,0,0,0,0,0,0,0,0,0,0,0,0,0,0,0,0,0,0,0,0,0,0,0,0,0,0,0,0,0,0,0,0,0,0,0,0,0,0,0,0,0,0,0,0,0,0,0,0,0,0,0,0,0,0,0,0,0,0,0,0,0,0,0,0,0,0,0,0,0,0,0,0,0,0
otros,Sierra de Amula,0,0,0,0,0,0,0,0,0,0,0,0,0,0,0,0,0,0,0,0,0,0,0,0,0,0,0,0,0,0,0,0,0,0,0,0,0,0,0,0,0,0,0,0,0,0,0,0,0,0,0,0,0,0,0,0,0,0,0,0,0,0,0,0,0,0,0,0,0,0,0,0,0,0,0,0,0,0,0,0,0,0,0,0,0,0,0,0,0,0,0,0,0,0,0,0,0,0,0,0,0,0,0,0,0,0,0,0,0,0,0,0,0,0,0,0,0,0,0,0,0,0,0,0,0,0,0,0,0,0,0,0,0,0,0,0,0,0,0,0
otros,Sierra Occidental,0,0,0,0,0,0,0,0,0,0,0,0,0,0,0,0,0,0,0,0,0,0,0,0,0,0,0,0,0,0,0,0,0,0,0,0,0,0,0,0,0,0,0,0,0,0,0,0,0,0,0,0,0,0,0,0,0,0,0,0,0,0,0,0,0,0,0,0,0,0,0,0,0,0,0,0,0,0,0,0,0,0,0,0,0,0,0,0,0,0,0,0,0,0,0,0,0,0,0,0,0,0,0,0,0,0,0,0,0,0,0,0,0,0,0,0,0,0,0,0,0,0,0,0,0,0,0,0,0,0,0,0,0,0,0,0,0,0,0,0
otros,Ciénega,0,88569,121101,0,0,0,9731,0,0,24524,8175,0,24562,0,53729,0,14717,0,0,15351,15351,0,0,35921,19570,61249,51272,46053,0,0,34257,15338,15351,0,19022,15351,46053,76717,0,0,0,0,0,28448,0,0,15351,20570,0,61391,30702,15351,55504,38365,0,0,0,0,0,0,25636,82575,31328,44957,0,5165,4965,17803,0,16998,69549,68598,86294,0,12705,47301,125173,0,12646,0,20627,52753,19265,55988,127573,84475,32991,89657,62924,15254,0,0,44279,97129,21454,56213,69808,21861,36137,42848,96010,6565,7627,0,55938,0,65911,139921,69307,37120,60768,0,0,85757,0,0,0,0,0,0,0,0,0,0,0,0,0,0,0,0,0,0,0,0,0,0,0,0,0,3305500
otros,Costa Sur,0,0,0,0,0,0,0,0,0,0,0,0,0,0,0,0,0,0,0,0,0,0,0,0,0,0,0,0,0,0,0,0,0,0,0,0,0,0,0,0,0,0,0,0,0,0,0,0,0,0,0,0,0,0,0,0,0,0,0,0,0,0,0,0,0,0,0,0,0,0,0,0,0,0,0,0,0,0,0,0,0,0,0,0,0,0,0,0,0,0,0,0,0,0,0,0,0,0,0,0,0,0,0,0,0,0,0,0,0,0,0,0,0,0,0,0,0,0,0,0,0,0,0,0,0,0,0,0,0,0,0,0,0,0,0,0,0,0,0,0
otros,Norte,0,0,0,0,0,0,0,0,0,0,0,0,0,0,0,0,0,0,0,0,0,0,0,0,0,0,0,0,0,0,0,0,0,0,0,0,0,0,0,0,0,0,0,0,0,0,0,0,0,0,0,0,0,0,0,0,0,0,0,0,0,0,0,0,0,0,0,0,0,0,0,0,0,0,0,0,0,0,0,0,0,0,0,0,0,0,0,0,0,0,0,0,0,0,0,0,0,0,0,0,0,0,0,0,0,0,0,0,0,0,0,0,0,0,0,0,0,0,0,0,0,0,0,0,0,0,0,0,0,0,0,0,0,0,0,0,0,0,0,0
otros,Costa Norte,0,0,0,0,0,0,0,0,0,0,0,0,0,0,0,0,0,0,0,0,0,0,0,0,0,0,0,0,0,0,0,0,0,0,0,0,0,0,0,0,0,0,0,0,0,0,0,0,0,0,0,0,0,0,0,0,0,0,0,0,0,0,0,0,0,0,0,0,0,0,0,0,0,0,0,0,0,0,0,0,0,0,0,0,0,0,0,0,0,0,0,0,0,0,0,0,0,0,0,0,0,0,0,0,0,0,0,0,0,0,0,0,0,0,0,0,0,0,0,0,0,0,0,0,0,0,0,0,0,0,0,0,0,0,0,0,0,0,0,0
otros,Sureste,0,0,0,0,0,0,0,0,0,0,0,0,0,0,0,0,0,0,0,0,0,0,0,0,0,0,0,0,0,0,0,0,0,0,0,0,0,0,0,0,0,0,0,0,0,0,0,0,0,0,0,0,0,0,0,0,0,0,0,0,0,0,0,0,0,0,0,0,0,0,0,0,0,0,0,0,0,0,0,0,0,0,0,0,0,0,0,0,0,0,0,0,0,0,0,0,0,0,0,0,0,0,0,0,0,0,0,0,0,0,0,0,0,0,0,0,0,0,0,0,0,0,0,0,0,0,0,0,0,0,0,0,0,0,0,0,0,0,0,0
otros,Altos Norte,0,0,0,0,0,0,0,0,0,0,0,0,0,0,0,0,0,0,0,0,0,0,0,0,0,0,0,0,0,0,0,0,0,0,0,0,0,0,0,0,0,0,0,0,0,0,0,0,0,0,0,0,0,0,0,0,0,0,0,0,0,0,0,0,0,0,0,0,0,0,0,0,0,0,0,0,0,0,0,0,0,0,0,0,0,0,0,0,0,0,0,0,0,0,0,0,0,0,0,0,0,0,0,0,0,0,0,0,0,0,0,0,0,0,0,0,0,0,0,0,0,0,0,0,0,0,0,0,0,0,0,0,0,0,0,0,0,0,0,0
otros,ZMG,85078,237381,1068296,244614,309238,163624,70203,22937,5325,66086,119127,62706,34689,79725,329091,156375,151178,13473,0,41371,84184,41668,46679,304141,135953,29055,155515,265972,30583,170420,169349,163128,50459,192446,54738,92518,13824,451699,149002,85700,54910,13893,27308,191214,100336,123844,106010,131980,121088,290605,376594,89729,193988,173980,130813,63812,48655,44950,67677,20174,207990,509933,335360,195146,157140,81789,109538,76531,90876,139661,141823,211515,221052,154954,113512,304413,286011,32364,82012,35408,178829,156105,239008,165040,210331,227894,379044,360304,225100,246779,177655,49784,365307,569990,411515,245395,201682,192336,360835,64109,107819,127561,15890,89822,212174,160587,198417,150288,148781,145266,231378,262568,154326,131340,88189,162310,110099,61933,16747,4374,1418,2160,3375,2025,6050,0,0,3038,64815,45026,18960,3375,0,2633,1688,0,0,315,0,19567917
otros,( Blank ),39198,37665,30321,0,0,48416,18665,28663,19590,19580,50064,58988,30344,99293,85342,71584,196792,79606,5060,8543,38418,7163,60467,59854,31787,37406,156050,136374,98965,69470,215263,61721,13717,89337,96238,24645,99848,54009,66534,111544,0,0,4169,11918,34993,8558,1552,84244,36448,41160,81648,81403,44490,19453,59335,12459,24554,9945,9133,59221,73935,85342,461646,31660,46301,421552,26254,59033,55457,65908,48885,91038,184938,99450,56444,93255,160609,47032,40994,25053,49163,79726,40023,34653,61783,424429,112587,134183,31819,24291,56838,23820,105535,91597,142845,102988,277243,112474,98951,84792,142105,30790,45112,26693,72062,141758,62554,150413,28047,153052,139479,88518,8108,185092,22160,23142,74514,78819,63387,30463,52813,39212,49353,8165,13429,8525,38758,15856,4104,13078,18087,11549,25550,10271,20705,6410,37832,8357,9030,104848984
